{"last_node_id": 9, "last_link_id": 9, "nodes": [{"id": 7, "type": "CLIPTextEncode", "pos": [413, 389], "size": {"0": 425.27801513671875, "1": 180.6060791015625}, "flags": {}, "order": 3, "mode": 0, "inputs": [{"name": "clip", "type": "CLIP", "link": 5}], "outputs": [{"name": "CONDITIONING", "type": "CONDITIONING", "links": [6], "slot_index": 0}], "properties": {"Node name for S&R": "CLIPTextEncode"}, "widgets_values": ["text, watermark"]}, {"id": 3, "type": "KSampler", "pos": [863, 186], "size": {"0": 315, "1": 262}, "flags": {}, "order": 4, "mode": 0, "inputs": [{"name": "model", "type": "MODEL", "link": 1}, {"name": "positive", "type": "CONDITIONING", "link": 4}, {"name": "negative", "type": "CONDITIONING", "link": 6}, {"name": "latent_image", "type": "LATENT", "link": 2}], "outputs": [{"name": "LATENT", "type": "LATENT", "links": [7], "slot_index": 0}], "properties": {"Node name for S&R": "KSampler"}, "widgets_values": [156680208700286, "randomize", 20, 8, "euler", "normal", 1]}, {"id": 8, "type": "VAEDecode", "pos": [1209, 188], "size": {"0": 210, "1": 46}, "flags": {}, "order": 5, "mode": 0, "inputs": [{"name": "samples", "type": "LATENT", "link": 7}, {"name": "vae", "type": "VAE", "link": 8}], "outputs": [{"name": "IMAGE", "type": "IMAGE", "links": [9], "slot_index": 0}], "properties": {"Node name for S&R": "VAEDecode"}}, {"id": 9, "type": "SaveImage", "pos": [1451, 189], "size": {"0": 210, "1": 58}, "flags": {}, "order": 6, "mode": 0, "inputs": [{"name": "images", "type": "IMAGE", "link": 9}], "properties": {}, "widgets_values": ["ComfyUI"]}, {"id": 4, "type": "CheckpointLoaderSimple", "pos": [26, 474], "size": {"0": 315, "1": 98}, "flags": {}, "order": 1, "mode": 0, "outputs": [{"name": "MODEL", "type": "MODEL", "links": [1], "slot_index": 0}, {"name": "CLIP", "type": "CLIP", "links": [3, 5], "slot_index": 1}, {"name": "VAE", "type": "VAE", "links": [8], "slot_index": 2}], "properties": {"Node name for S&R": "CheckpointLoaderSimple"}, "widgets_values": ["CHEYENNE_v08.safetensors"]}, {"id": 6, "type": "CLIPTextEncode", "pos": [415, 186], "size": {"0": 422.84503173828125, "1": 164.31304931640625}, "flags": {}, "order": 2, "mode": 0, "inputs": [{"name": "clip", "type": "CLIP", "link": 3}], "outputs": [{"name": "CONDITIONING", "type": "CONDITIONING", "links": [4], "slot_index": 0}], "properties": {"Node name for S&R": "CLIPTextEncode"}, "widgets_values": ["1girl, ancient egyptian clothes, arm up, bikini, blush, colored skin, covered nipples, cowboy shot, dark-skinned female, earrings, floating, hair bun, holding, large breasts, long hair, long pointy ears, lying, medium breasts, naked bandage, no panties, on side, pelvic curtain, shawl, shiny, simple background, sketch, solo, toenails, veins, very long hair"]}, {"id": 5, "type": "EmptyLatentImage", "pos": [473, 609], "size": {"0": 315, "1": 106}, "flags": {}, "order": 0, "mode": 0, "outputs": [{"name": "LATENT", "type": "LATENT", "links": [2], "slot_index": 0}], "properties": {"Node name for S&R": "EmptyLatentImage"}, "widgets_values": [1024, 1024, 1]}], "links": [[1, 4, 0, 3, 0, "MODEL"], [2, 5, 0, 3, 3, "LATENT"], [3, 4, 1, 6, 0, "CLIP"], [4, 6, 0, 3, 1, "CONDITIONING"], [5, 4, 1, 7, 0, "CLIP"], [6, 7, 0, 3, 2, "CONDITIONING"], [7, 3, 0, 8, 0, "LATENT"], [8, 4, 2, 8, 1, "VAE"], [9, 8, 0, 9, 0, "IMAGE"]], "groups": [], "config": {}, "extra": {}, "version": 0.4}