{
  "last_node_id": 169,
  "last_link_id": 955,
  "nodes": [
    {
      "id": 155,
      "type": "PrimitiveNode",
      "pos": [
        -570,
        1320
      ],
      "size": {
        "0": 387.356201171875,
        "1": 233.81729125976562
      },
      "flags": {},
      "order": 0,
      "mode": 0,
      "outputs": [
        {
          "name": "STRING",
          "type": "STRING",
          "links": [
            932,
            933
          ],
          "widget": {
            "name": "text_g",
            "config": [
              "STRING",
              {
                "multiline": true,
                "default": "CLIP_G"
              }
            ]
          },
          "slot_index": 0
        }
      ],
      "title": "Negative_prompt",
      "properties": {},
      "widgets_values": [
        "worst quality, fuzz, blur, gaussian, posterized, drawing, artwork, fake, cgi, cartoon, 3d render, (closeup, macro:1.1)"
      ],
      "color": "#322",
      "bgcolor": "#533"
    },
    {
      "id": 151,
      "type": "CLIPTextEncodeSDXL",
      "pos": [
        -570,
        1020
      ],
      "size": {
        "0": 400,
        "1": 281.9999694824219
      },
      "flags": {
        "collapsed": true
      },
      "order": 10,
      "mode": 0,
      "inputs": [
        {
          "name": "clip",
          "type": "CLIP",
          "link": 938
        },
        {
          "name": "width",
          "type": "INT",
          "link": 925,
          "widget": {
            "name": "width",
            "config": [
              "INT",
              {
                "default": 1024,
                "min": 0,
                "max": 8192
              }
            ]
          },
          "slot_index": 1
        },
        {
          "name": "height",
          "type": "INT",
          "link": 924,
          "widget": {
            "name": "height",
            "config": [
              "INT",
              {
                "default": 1024,
                "min": 0,
                "max": 8192
              }
            ]
          }
        },
        {
          "name": "text_g",
          "type": "STRING",
          "link": 930,
          "widget": {
            "name": "text_g",
            "config": [
              "STRING",
              {
                "multiline": true,
                "default": "CLIP_G"
              }
            ]
          },
          "slot_index": 3
        },
        {
          "name": "text_l",
          "type": "STRING",
          "link": 929,
          "widget": {
            "name": "text_l",
            "config": [
              "STRING",
              {
                "multiline": true,
                "default": "CLIP_L"
              }
            ]
          },
          "slot_index": 4
        },
        {
          "name": "target_height",
          "type": "INT",
          "link": 926,
          "widget": {
            "name": "target_height",
            "config": [
              "INT",
              {
                "default": 1024,
                "min": 0,
                "max": 8192
              }
            ]
          }
        },
        {
          "name": "target_width",
          "type": "INT",
          "link": 927,
          "widget": {
            "name": "target_width",
            "config": [
              "INT",
              {
                "default": 1024,
                "min": 0,
                "max": 8192
              }
            ]
          }
        }
      ],
      "outputs": [
        {
          "name": "CONDITIONING",
          "type": "CONDITIONING",
          "links": [
            941
          ],
          "shape": 3
        }
      ],
      "properties": {
        "Node name for S&R": "CLIPTextEncodeSDXL"
      },
      "widgets_values": [
        2048,
        2048,
        0,
        0,
        2048,
        2048,
        "Sensual erotic portrait of a pretty brunette woman with natural saggy breasts and puffy nipples, sitting in a dim lit bedroom, sun rays, sun lit, dappled light",
        "Sensual erotic portrait of a pretty brunette woman with natural saggy breasts and puffy nipples, sitting in a dim lit bedroom, sun rays, sun lit, dappled light"
      ],
      "color": "#232",
      "bgcolor": "#353"
    },
    {
      "id": 154,
      "type": "CLIPTextEncodeSDXL",
      "pos": [
        -570,
        1290
      ],
      "size": {
        "0": 400,
        "1": 281.9999694824219
      },
      "flags": {
        "collapsed": true
      },
      "order": 11,
      "mode": 0,
      "inputs": [
        {
          "name": "clip",
          "type": "CLIP",
          "link": 939
        },
        {
          "name": "width",
          "type": "INT",
          "link": 935,
          "widget": {
            "name": "width",
            "config": [
              "INT",
              {
                "default": 1024,
                "min": 0,
                "max": 8192
              }
            ]
          },
          "slot_index": 1
        },
        {
          "name": "height",
          "type": "INT",
          "link": 934,
          "widget": {
            "name": "height",
            "config": [
              "INT",
              {
                "default": 1024,
                "min": 0,
                "max": 8192
              }
            ]
          }
        },
        {
          "name": "text_g",
          "type": "STRING",
          "link": 932,
          "widget": {
            "name": "text_g",
            "config": [
              "STRING",
              {
                "multiline": true,
                "default": "CLIP_G"
              }
            ]
          },
          "slot_index": 3
        },
        {
          "name": "text_l",
          "type": "STRING",
          "link": 933,
          "widget": {
            "name": "text_l",
            "config": [
              "STRING",
              {
                "multiline": true,
                "default": "CLIP_L"
              }
            ]
          },
          "slot_index": 4
        },
        {
          "name": "target_height",
          "type": "INT",
          "link": 936,
          "widget": {
            "name": "target_height",
            "config": [
              "INT",
              {
                "default": 1024,
                "min": 0,
                "max": 8192
              }
            ]
          },
          "slot_index": 5
        },
        {
          "name": "target_width",
          "type": "INT",
          "link": 937,
          "widget": {
            "name": "target_width",
            "config": [
              "INT",
              {
                "default": 1024,
                "min": 0,
                "max": 8192
              }
            ]
          }
        }
      ],
      "outputs": [
        {
          "name": "CONDITIONING",
          "type": "CONDITIONING",
          "links": [
            942
          ],
          "shape": 3
        }
      ],
      "properties": {
        "Node name for S&R": "CLIPTextEncodeSDXL"
      },
      "widgets_values": [
        2048,
        2048,
        0,
        0,
        2048,
        2048,
        "worst quality, fuzz, blur, gaussian, posterized, drawing, artwork, fake, cgi, cartoon, 3d render, (closeup, macro:1.1)",
        "worst quality, fuzz, blur, gaussian, posterized, drawing, artwork, fake, cgi, cartoon, 3d render, (closeup, macro:1.1)"
      ],
      "color": "#322",
      "bgcolor": "#533"
    },
    {
      "id": 16,
      "type": "CheckpointLoaderSimple",
      "pos": [
        -900,
        870
      ],
      "size": {
        "0": 468.8116455078125,
        "1": 116.7587890625
      },
      "flags": {},
      "order": 1,
      "mode": 0,
      "outputs": [
        {
          "name": "MODEL",
          "type": "MODEL",
          "links": [
            235
          ],
          "shape": 3,
          "slot_index": 0
        },
        {
          "name": "CLIP",
          "type": "CLIP",
          "links": [
            938,
            939
          ],
          "shape": 3,
          "slot_index": 1
        },
        {
          "name": "VAE",
          "type": "VAE",
          "links": [
            944
          ],
          "shape": 3,
          "slot_index": 2
        }
      ],
      "properties": {
        "Node name for S&R": "CheckpointLoaderSimple"
      },
      "widgets_values": [
        "SDXL\\sd_xl_base_1.0.safetensors"
      ],
      "color": "#223",
      "bgcolor": "#335"
    },
    {
      "id": 153,
      "type": "PrimitiveNode",
      "pos": [
        -570,
        1050
      ],
      "size": {
        "0": 384.0565185546875,
        "1": 206.81729125976562
      },
      "flags": {},
      "order": 2,
      "mode": 0,
      "outputs": [
        {
          "name": "STRING",
          "type": "STRING",
          "links": [
            929,
            930
          ],
          "widget": {
            "name": "text_l",
            "config": [
              "STRING",
              {
                "multiline": true,
                "default": "CLIP_L"
              }
            ]
          },
          "slot_index": 0
        }
      ],
      "title": "Positive_Prompt",
      "properties": {},
      "widgets_values": [
        "Sensual erotic portrait of a pretty brunette woman with natural saggy breasts and puffy nipples, sitting in a dim lit bedroom, sun rays, sun lit, dappled light"
      ],
      "color": "#232",
      "bgcolor": "#353"
    },
    {
      "id": 21,
      "type": "EmptyLatentImage",
      "pos": [
        -900,
        1020
      ],
      "size": {
        "0": 328.3294677734375,
        "1": 117.41134643554688
      },
      "flags": {},
      "order": 3,
      "mode": 0,
      "outputs": [
        {
          "name": "LATENT",
          "type": "LATENT",
          "links": [
            192
          ],
          "shape": 3,
          "slot_index": 0
        }
      ],
      "properties": {
        "Node name for S&R": "EmptyLatentImage"
      },
      "widgets_values": [
        832,
        1024,
        2
      ],
      "color": "#223",
      "bgcolor": "#335"
    },
    {
      "id": 57,
      "type": "CLIPVisionLoader",
      "pos": [
        -420,
        870
      ],
      "size": {
        "0": 315,
        "1": 58
      },
      "flags": {
        "collapsed": true
      },
      "order": 4,
      "mode": 0,
      "outputs": [
        {
          "name": "CLIP_VISION",
          "type": "CLIP_VISION",
          "links": [
            105
          ],
          "shape": 3
        }
      ],
      "properties": {
        "Node name for S&R": "CLIPVisionLoader"
      },
      "widgets_values": [
        "sdxl\\clipvision_SDXL.safetensors"
      ],
      "color": "#233",
      "bgcolor": "#355"
    },
    {
      "id": 48,
      "type": "IPAdapter",
      "pos": [
        -420,
        840
      ],
      "size": {
        "0": 380.4000244140625,
        "1": 166
      },
      "flags": {
        "collapsed": true
      },
      "order": 12,
      "mode": 0,
      "inputs": [
        {
          "name": "model",
          "type": "MODEL",
          "link": 235
        },
        {
          "name": "image",
          "type": "IMAGE",
          "link": 832,
          "slot_index": 1
        },
        {
          "name": "clip_vision",
          "type": "CLIP_VISION",
          "link": 105,
          "slot_index": 2
        },
        {
          "name": "mask",
          "type": "MASK",
          "link": null
        },
        {
          "name": "weight",
          "type": "FLOAT",
          "link": 156,
          "widget": {
            "name": "weight",
            "config": [
              "FLOAT",
              {
                "default": 1,
                "min": -1,
                "max": 3,
                "step": 0.05
              }
            ]
          },
          "slot_index": 4
        }
      ],
      "outputs": [
        {
          "name": "MODEL",
          "type": "MODEL",
          "links": [
            953
          ],
          "shape": 3,
          "slot_index": 0
        },
        {
          "name": "CLIP_VISION_OUTPUT",
          "type": "CLIP_VISION_OUTPUT",
          "links": [
            96
          ],
          "shape": 3,
          "slot_index": 1
        }
      ],
      "properties": {
        "Node name for S&R": "IPAdapter"
      },
      "widgets_values": [
        0.65,
        "ip-adapter_sdxl.bin",
        "fp32"
      ],
      "color": "#233",
      "bgcolor": "#355"
    },
    {
      "id": 97,
      "type": "KSampler",
      "pos": [
        -900,
        1170
      ],
      "size": {
        "0": 327.42791748046875,
        "1": 270.6529846191406
      },
      "flags": {
        "collapsed": false
      },
      "order": 14,
      "mode": 0,
      "inputs": [
        {
          "name": "model",
          "type": "MODEL",
          "link": 953,
          "slot_index": 0
        },
        {
          "name": "positive",
          "type": "CONDITIONING",
          "link": 954,
          "slot_index": 1
        },
        {
          "name": "negative",
          "type": "CONDITIONING",
          "link": 942,
          "slot_index": 2
        },
        {
          "name": "latent_image",
          "type": "LATENT",
          "link": 192,
          "slot_index": 3
        }
      ],
      "outputs": [
        {
          "name": "LATENT",
          "type": "LATENT",
          "links": [
            188
          ],
          "shape": 3,
          "slot_index": 0
        }
      ],
      "properties": {
        "Node name for S&R": "KSampler"
      },
      "widgets_values": [
        526880346347506,
        "fixed",
        24,
        6.5,
        "ddim",
        "normal",
        1
      ],
      "color": "#223",
      "bgcolor": "#335"
    },
    {
      "id": 152,
      "type": "PrimitiveNode",
      "pos": [
        -900,
        750
      ],
      "size": {
        "0": 235.1999969482422,
        "1": 82
      },
      "flags": {},
      "order": 5,
      "mode": 0,
      "outputs": [
        {
          "name": "INT",
          "type": "INT",
          "links": [
            924,
            925,
            926,
            927,
            934,
            935,
            936,
            937
          ],
          "widget": {
            "name": "height",
            "config": [
              "INT",
              {
                "default": 1024,
                "min": 0,
                "max": 8192
              }
            ]
          },
          "slot_index": 0
        }
      ],
      "title": "SDXL_ClipSize_(Default_1024)",
      "properties": {},
      "widgets_values": [
        2048,
        "fixed"
      ],
      "color": "#223",
      "bgcolor": "#335"
    },
    {
      "id": 84,
      "type": "PrimitiveNode",
      "pos": [
        -420,
        900
      ],
      "size": [
        240.27762118252838,
        93.56272194602275
      ],
      "flags": {},
      "order": 6,
      "mode": 0,
      "outputs": [
        {
          "name": "FLOAT",
          "type": "FLOAT",
          "links": [
            156
          ],
          "widget": {
            "name": "weight",
            "config": [
              "FLOAT",
              {
                "default": 1,
                "min": -1,
                "max": 3,
                "step": 0.05
              }
            ]
          }
        }
      ],
      "title": "Insta-LoRA_Image_Strength",
      "properties": {},
      "widgets_values": [
        0.65,
        "fixed"
      ],
      "color": "#2a363b",
      "bgcolor": "#3f5159"
    },
    {
      "id": 31,
      "type": "VAEDecodeTiled",
      "pos": [
        210,
        1020
      ],
      "size": {
        "0": 315,
        "1": 78
      },
      "flags": {
        "collapsed": true
      },
      "order": 15,
      "mode": 0,
      "inputs": [
        {
          "name": "samples",
          "type": "LATENT",
          "link": 188
        },
        {
          "name": "vae",
          "type": "VAE",
          "link": 944,
          "slot_index": 1
        }
      ],
      "outputs": [
        {
          "name": "IMAGE",
          "type": "IMAGE",
          "links": [
            955
          ],
          "shape": 3,
          "slot_index": 0
        }
      ],
      "properties": {
        "Node name for S&R": "VAEDecodeTiled"
      },
      "widgets_values": [
        512
      ],
      "color": "#223",
      "bgcolor": "#335"
    },
    {
      "id": 50,
      "type": "unCLIPConditioning",
      "pos": [
        -180,
        900
      ],
      "size": [
        382.09580300071,
        120.83544921875
      ],
      "flags": {
        "collapsed": false
      },
      "order": 13,
      "mode": 0,
      "inputs": [
        {
          "name": "conditioning",
          "type": "CONDITIONING",
          "link": 941,
          "slot_index": 0
        },
        {
          "name": "clip_vision_output",
          "type": "CLIP_VISION_OUTPUT",
          "link": 96
        }
      ],
      "outputs": [
        {
          "name": "CONDITIONING",
          "type": "CONDITIONING",
          "links": [
            954
          ],
          "shape": 3,
          "slot_index": 0
        }
      ],
      "title": "Insta-LoRA_prompt_Strength",
      "properties": {
        "Node name for S&R": "unCLIPConditioning"
      },
      "widgets_values": [
        0.2,
        0
      ],
      "color": "#233",
      "bgcolor": "#355"
    },
    {
      "id": 148,
      "type": "LoadImagesFromDir //Inspire",
      "pos": [
        -150,
        690
      ],
      "size": {
        "0": 325.7092590332031,
        "1": 146
      },
      "flags": {},
      "order": 7,
      "mode": 0,
      "outputs": [
        {
          "name": "IMAGE",
          "type": "IMAGE",
          "links": [
            832
          ],
          "shape": 3,
          "slot_index": 0
        },
        {
          "name": "MASK",
          "type": "MASK",
          "links": null,
          "shape": 3
        },
        {
          "name": "INT",
          "type": "INT",
          "links": null,
          "shape": 3
        }
      ],
      "title": "Load your images",
      "properties": {
        "Node name for S&R": "LoadImagesFromDir //Inspire"
      },
      "widgets_values": [
        "X:\\Bureau\\10_pics_NSFW_SDXL",
        6,
        0
      ],
      "color": "#233",
      "bgcolor": "#355"
    },
    {
      "id": 169,
      "type": "Note",
      "pos": [
        -360,
        690
      ],
      "size": {
        "0": 210,
        "1": 58
      },
      "flags": {},
      "order": 9,
      "mode": 0,
      "properties": {
        "text": ""
      },
      "widgets_values": [
        "For SDXL, you'll need to upload clean images with high quality !!"
      ],
      "color": "#222",
      "bgcolor": "#000"
    },
    {
      "id": 166,
      "type": "SaveImage",
      "pos": [
        -180,
        1050
      ],
      "size": [
        898.1592773437501,
        739.4082153320314
      ],
      "flags": {},
      "order": 16,
      "mode": 0,
      "inputs": [
        {
          "name": "images",
          "type": "IMAGE",
          "link": 955,
          "slot_index": 0
        }
      ],
      "properties": {},
      "widgets_values": [
        "ComfyUI"
      ],
      "color": "#223",
      "bgcolor": "#335"
    },
    {
      "id": 167,
      "type": "Note",
      "pos": [
        210,
        900
      ],
      "size": {
        "0": 210,
        "1": 58
      },
      "flags": {},
      "order": 8,
      "mode": 0,
      "properties": {
        "text": ""
      },
      "widgets_values": [
        "Keep the prompt strength LOW for the Instant-LoRA SDXL workflow."
      ],
      "color": "#222",
      "bgcolor": "#000"
    }
  ],
  "links": [
    [
      96,
      48,
      1,
      50,
      1,
      "CLIP_VISION_OUTPUT"
    ],
    [
      105,
      57,
      0,
      48,
      2,
      "CLIP_VISION"
    ],
    [
      156,
      84,
      0,
      48,
      4,
      "FLOAT"
    ],
    [
      188,
      97,
      0,
      31,
      0,
      "LATENT"
    ],
    [
      192,
      21,
      0,
      97,
      3,
      "LATENT"
    ],
    [
      235,
      16,
      0,
      48,
      0,
      "MODEL"
    ],
    [
      832,
      148,
      0,
      48,
      1,
      "IMAGE"
    ],
    [
      924,
      152,
      0,
      151,
      2,
      "INT"
    ],
    [
      925,
      152,
      0,
      151,
      1,
      "INT"
    ],
    [
      926,
      152,
      0,
      151,
      5,
      "INT"
    ],
    [
      927,
      152,
      0,
      151,
      6,
      "INT"
    ],
    [
      929,
      153,
      0,
      151,
      4,
      "STRING"
    ],
    [
      930,
      153,
      0,
      151,
      3,
      "STRING"
    ],
    [
      932,
      155,
      0,
      154,
      3,
      "STRING"
    ],
    [
      933,
      155,
      0,
      154,
      4,
      "STRING"
    ],
    [
      934,
      152,
      0,
      154,
      2,
      "INT"
    ],
    [
      935,
      152,
      0,
      154,
      1,
      "INT"
    ],
    [
      936,
      152,
      0,
      154,
      5,
      "INT"
    ],
    [
      937,
      152,
      0,
      154,
      6,
      "INT"
    ],
    [
      938,
      16,
      1,
      151,
      0,
      "CLIP"
    ],
    [
      939,
      16,
      1,
      154,
      0,
      "CLIP"
    ],
    [
      941,
      151,
      0,
      50,
      0,
      "CONDITIONING"
    ],
    [
      942,
      154,
      0,
      97,
      2,
      "CONDITIONING"
    ],
    [
      944,
      16,
      2,
      31,
      1,
      "VAE"
    ],
    [
      953,
      48,
      0,
      97,
      0,
      "MODEL"
    ],
    [
      954,
      50,
      0,
      97,
      1,
      "CONDITIONING"
    ],
    [
      955,
      31,
      0,
      166,
      0,
      "IMAGE"
    ]
  ],
  "groups": [],
  "config": {},
  "extra": {},
  "version": 0.4
}