{"last_node_id": 83, "last_link_id": 193, "nodes": [{"id": 23, "type": "VAEEncode", "pos": [-590, 400], "size": {"0": 210, "1": 46}, "flags": {}, "order": 10, "mode": 0, "inputs": [{"name": "pixels", "type": "IMAGE", "link": 113}, {"name": "vae", "type": "VAE", "link": 44, "slot_index": 1}], "outputs": [{"name": "LATENT", "type": "LATENT", "links": [], "shape": 3, "slot_index": 0}], "properties": {"Node name for S&R": "VAEEncode"}}, {"id": 47, "type": "UpscaleModelLoader", "pos": [-709, -146], "size": {"0": 315, "1": 58}, "flags": {}, "order": 0, "mode": 0, "outputs": [{"name": "UPSCALE_MODEL", "type": "UPSCALE_MODEL", "links": [110], "shape": 3}], "properties": {"Node name for S&R": "UpscaleModelLoader"}, "widgets_values": ["4x-UltraSharp.pth"]}, {"id": 46, "type": "ImageUpscaleWithModel", "pos": [-610, 70], "size": {"0": 241.79998779296875, "1": 46}, "flags": {}, "order": 6, "mode": 0, "inputs": [{"name": "upscale_model", "type": "UPSCALE_MODEL", "link": 110, "slot_index": 0}, {"name": "image", "type": "IMAGE", "link": 173, "slot_index": 1}], "outputs": [{"name": "IMAGE", "type": "IMAGE", "links": [174], "shape": 3, "slot_index": 0}], "properties": {"Node name for S&R": "ImageUpscaleWithModel"}}, {"id": 1, "type": "CheckpointLoaderSimple", "pos": [-285, -194], "size": {"0": 315, "1": 98}, "flags": {}, "order": 1, "mode": 0, "outputs": [{"name": "MODEL", "type": "MODEL", "links": [119], "shape": 3, "slot_index": 0}, {"name": "CLIP", "type": "CLIP", "links": [120], "shape": 3, "slot_index": 1}, {"name": "VAE", "type": "VAE", "links": [6, 44], "shape": 3, "slot_index": 2}], "properties": {"Node name for S&R": "CheckpointLoaderSimple"}, "widgets_values": ["animeArtDiffusionXL_alpha3.safetensors"]}, {"id": 6, "type": "VAEDecode", "pos": [1207, -27], "size": {"0": 210, "1": 46}, "flags": {}, "order": 19, "mode": 0, "inputs": [{"name": "samples", "type": "LATENT", "link": 33}, {"name": "vae", "type": "VAE", "link": 6}], "outputs": [{"name": "IMAGE", "type": "IMAGE", "links": [47], "shape": 3, "slot_index": 0}], "properties": {"Node name for S&R": "VAEDecode"}}, {"id": 53, "type": "LoraLoader", "pos": [151, -182], "size": {"0": 315, "1": 126}, "flags": {}, "order": 5, "mode": 0, "inputs": [{"name": "model", "type": "MODEL", "link": 119}, {"name": "clip", "type": "CLIP", "link": 120}], "outputs": [{"name": "MODEL", "type": "MODEL", "links": [121, 126], "shape": 3, "slot_index": 0}, {"name": "CLIP", "type": "CLIP", "links": [124, 125], "shape": 3}], "properties": {"Node name for S&R": "LoraLoader"}, "widgets_values": ["FFusionXL-LoRa-SDXL-Potion-Art-Engine.safetensors", 0.75, 1]}, {"id": 80, "type": "PreviewImage", "pos": [-999, 500], "size": [210, 246], "flags": {}, "order": 13, "mode": 0, "inputs": [{"name": "images", "type": "IMAGE", "link": 188}], "properties": {"Node name for S&R": "PreviewImage"}}, {"id": 3, "type": "CLIPTextEncode", "pos": [-300, 180], "size": {"0": 400, "1": 200}, "flags": {}, "order": 7, "mode": 0, "inputs": [{"name": "clip", "type": "CLIP", "link": 124}], "outputs": [{"name": "CONDITIONING", "type": "CONDITIONING", "links": [179], "shape": 3, "slot_index": 0}], "properties": {"Node name for S&R": "CLIPTextEncode"}, "widgets_values": ["A octane render of sniper rifle rounds in a case, ammunition, icon, vector art, lighting, concept art"]}, {"id": 4, "type": "CLIPTextEncode", "pos": [-300, 420], "size": {"0": 400, "1": 200}, "flags": {}, "order": 8, "mode": 0, "inputs": [{"name": "clip", "type": "CLIP", "link": 125}], "outputs": [{"name": "CONDITIONING", "type": "CONDITIONING", "links": [180], "shape": 3, "slot_index": 0}], "properties": {"Node name for S&R": "CLIPTextEncode"}, "widgets_values": ["ugly, bad quality, low poly"]}, {"id": 2, "type": "KSamplerAdvanced", "pos": [444, 46], "size": {"0": 315, "1": 546}, "flags": {}, "order": 16, "mode": 0, "inputs": [{"name": "model", "type": "MODEL", "link": 121}, {"name": "positive", "type": "CONDITIONING", "link": 181, "slot_index": 1}, {"name": "negative", "type": "CONDITIONING", "link": 182, "slot_index": 2}, {"name": "latent_image", "type": "LATENT", "link": 190, "slot_index": 3}, {"name": "cfg", "type": "FLOAT", "link": 21, "widget": {"name": "cfg"}}], "outputs": [{"name": "LATENT", "type": "LATENT", "links": [11], "shape": 3, "slot_index": 0}], "properties": {"Node name for S&R": "KSamplerAdvanced"}, "widgets_values": ["enable", 9841651532, "fixed", 25, 7, "dpmpp_3m_sde_gpu", "karras", 0, 10000, "disable"]}, {"id": 81, "type": "ControlNetLoader", "pos": [-303, -27], "size": {"0": 315, "1": 58}, "flags": {}, "order": 2, "mode": 0, "outputs": [{"name": "CONTROL_NET", "type": "CONTROL_NET", "links": [183], "shape": 3}], "properties": {"Node name for S&R": "ControlNetLoader"}, "widgets_values": ["t2i-adapter_diffusers_xl_depth_midas.safetensors"]}, {"id": 82, "type": "MiDaS-DepthMapPreprocessor", "pos": [-1010, -39], "size": {"0": 315, "1": 106}, "flags": {}, "order": 11, "mode": 0, "inputs": [{"name": "image", "type": "IMAGE", "link": 187}], "outputs": [{"name": "IMAGE", "type": "IMAGE", "links": [188, 189], "shape": 3, "slot_index": 0}], "properties": {"Node name for S&R": "MiDaS-DepthMapPreprocessor"}, "widgets_values": [6.283185307179586, 0.1, 512]}, {"id": 10, "type": "LatentUpscaleBy", "pos": [783, 156], "size": {"0": 315, "1": 82}, "flags": {}, "order": 17, "mode": 0, "inputs": [{"name": "samples", "type": "LATENT", "link": 11}], "outputs": [{"name": "LATENT", "type": "LATENT", "links": [12], "shape": 3, "slot_index": 0}], "properties": {"Node name for S&R": "LatentUpscaleBy"}, "widgets_values": ["nearest-exact", 1.5]}, {"id": 78, "type": "ControlNetApplyAdvanced", "pos": [118, 55], "size": {"0": 315, "1": 166}, "flags": {}, "order": 14, "mode": 0, "inputs": [{"name": "positive", "type": "CONDITIONING", "link": 179}, {"name": "negative", "type": "CONDITIONING", "link": 180}, {"name": "control_net", "type": "CONTROL_NET", "link": 183, "slot_index": 2}, {"name": "image", "type": "IMAGE", "link": 189}], "outputs": [{"name": "positive", "type": "CONDITIONING", "links": [181, 185], "shape": 3, "slot_index": 0}, {"name": "negative", "type": "CONDITIONING", "links": [182, 186], "shape": 3, "slot_index": 1}], "properties": {"Node name for S&R": "ControlNetApplyAdvanced"}, "widgets_values": [1, 0, 1]}, {"id": 8, "type": "SaveImage", "pos": [1473, -133], "size": {"0": 829.201904296875, "1": 880.463623046875}, "flags": {}, "order": 20, "mode": 0, "inputs": [{"name": "images", "type": "IMAGE", "link": 47}], "properties": {}, "widgets_values": ["ComfyUI"]}, {"id": 5, "type": "EmptyLatentImage", "pos": [-290, 670], "size": [315, 106], "flags": {}, "order": 15, "mode": 0, "inputs": [{"name": "width", "type": "INT", "link": 191, "widget": {"name": "width"}}, {"name": "height", "type": "INT", "link": 192, "widget": {"name": "height"}}], "outputs": [{"name": "LATENT", "type": "LATENT", "links": [190], "shape": 3, "slot_index": 0}], "properties": {"Node name for S&R": "EmptyLatentImage"}, "widgets_values": [1024, 1024, 1]}, {"id": 13, "type": "PrimitiveNode", "pos": [828, 278], "size": {"0": 210, "1": 82}, "flags": {}, "order": 3, "mode": 0, "outputs": [{"name": "FLOAT", "type": "FLOAT", "links": [20, 21], "slot_index": 0, "widget": {"name": "cfg"}}], "properties": {}, "widgets_values": [7, "fixed"]}, {"id": 83, "type": "Get image size", "pos": [-575, 650], "size": {"0": 210, "1": 66}, "flags": {}, "order": 12, "mode": 0, "inputs": [{"name": "image", "type": "IMAGE", "link": 193}], "outputs": [{"name": "INT", "type": "INT", "links": [191], "shape": 3, "slot_index": 0}, {"name": "INT", "type": "INT", "links": [192], "shape": 3, "slot_index": 1}, {"name": "TUPLE", "type": "TUPLE", "links": null, "shape": 3}], "properties": {"Node name for S&R": "Get image size"}}, {"id": 49, "type": "ConstrainImage|pysssss", "pos": [-660, 180], "size": {"0": 315, "1": 154}, "flags": {}, "order": 9, "mode": 0, "inputs": [{"name": "images", "type": "IMAGE", "link": 174}], "outputs": [{"name": "IMAGE", "type": "IMAGE", "links": [113, 187, 193], "shape": 6, "slot_index": 0}], "properties": {"Node name for S&R": "ConstrainImage|pysssss"}, "widgets_values": [1024, 1024, 0, 0, "no"]}, {"id": 9, "type": "KSamplerAdvanced", "pos": [1131, 71], "size": {"0": 315, "1": 546}, "flags": {}, "order": 18, "mode": 0, "inputs": [{"name": "model", "type": "MODEL", "link": 126}, {"name": "positive", "type": "CONDITIONING", "link": 185, "slot_index": 1}, {"name": "negative", "type": "CONDITIONING", "link": 186, "slot_index": 2}, {"name": "latent_image", "type": "LATENT", "link": 12, "slot_index": 3}, {"name": "cfg", "type": "FLOAT", "link": 20, "widget": {"name": "cfg"}}], "outputs": [{"name": "LATENT", "type": "LATENT", "links": [33], "shape": 3, "slot_index": 0}], "properties": {"Node name for S&R": "KSamplerAdvanced"}, "widgets_values": ["enable", 9841651533, "fixed", 25, 7, "dpmpp_3m_sde_gpu", "karras", 11, 10000, "disable"]}, {"id": 77, "type": "LoadImage", "pos": [-1029, 123], "size": [315, 314], "flags": {}, "order": 4, "mode": 0, "outputs": [{"name": "IMAGE", "type": "IMAGE", "links": [173], "shape": 3, "slot_index": 0}, {"name": "MASK", "type": "MASK", "links": null, "shape": 3}], "properties": {"Node name for S&R": "LoadImage"}, "widgets_values": ["pasted/image (80).png", "image"]}], "links": [[6, 1, 2, 6, 1, "VAE"], [11, 2, 0, 10, 0, "LATENT"], [12, 10, 0, 9, 3, "LATENT"], [20, 13, 0, 9, 4, "FLOAT"], [21, 13, 0, 2, 4, "FLOAT"], [33, 9, 0, 6, 0, "LATENT"], [44, 1, 2, 23, 1, "VAE"], [47, 6, 0, 8, 0, "IMAGE"], [110, 47, 0, 46, 0, "UPSCALE_MODEL"], [113, 49, 0, 23, 0, "IMAGE"], [119, 1, 0, 53, 0, "MODEL"], [120, 1, 1, 53, 1, "CLIP"], [121, 53, 0, 2, 0, "MODEL"], [124, 53, 1, 3, 0, "CLIP"], [125, 53, 1, 4, 0, "CLIP"], [126, 53, 0, 9, 0, "MODEL"], [173, 77, 0, 46, 1, "IMAGE"], [174, 46, 0, 49, 0, "IMAGE"], [179, 3, 0, 78, 0, "CONDITIONING"], [180, 4, 0, 78, 1, "CONDITIONING"], [181, 78, 0, 2, 1, "CONDITIONING"], [182, 78, 1, 2, 2, "CONDITIONING"], [183, 81, 0, 78, 2, "CONTROL_NET"], [185, 78, 0, 9, 1, "CONDITIONING"], [186, 78, 1, 9, 2, "CONDITIONING"], [187, 49, 0, 82, 0, "IMAGE"], [188, 82, 0, 80, 0, "IMAGE"], [189, 82, 0, 78, 3, "IMAGE"], [190, 5, 0, 2, 3, "LATENT"], [191, 83, 0, 5, 0, "INT"], [192, 83, 1, 5, 1, "INT"], [193, 49, 0, 83, 0, "IMAGE"]], "groups": [], "config": {}, "extra": {}, "version": 0.4}