{"last_node_id": 12, "last_link_id": 22, "nodes": [{"id": 5, "type": "EmptyLatentImage", "pos": [473, 609], "size": {"0": 315, "1": 106}, "flags": {}, "order": 0, "mode": 0, "outputs": [{"name": "LATENT", "type": "LATENT", "links": [2], "slot_index": 0}], "properties": {"Node name for S&R": "EmptyLatentImage"}, "widgets_values": [1024, 1024, 1]}, {"id": 6, "type": "CLIPTextEncode", "pos": [415, 186], "size": {"0": 422.84503173828125, "1": 164.31304931640625}, "flags": {}, "order": 3, "mode": 0, "inputs": [{"name": "clip", "type": "CLIP", "link": 21}], "outputs": [{"name": "CONDITIONING", "type": "CONDITIONING", "links": [4, 11], "slot_index": 0}], "properties": {"Node name for S&R": "CLIPTextEncode"}, "widgets_values": ["an ancient tree in the middle of a dark forest. Horrific. In the style of greg rutkowski. Epic masterpiece, emotional."]}, {"id": 7, "type": "CLIPTextEncode", "pos": [413, 389], "size": {"0": 425.27801513671875, "1": 180.6060791015625}, "flags": {}, "order": 4, "mode": 0, "inputs": [{"name": "clip", "type": "CLIP", "link": 22}], "outputs": [{"name": "CONDITIONING", "type": "CONDITIONING", "links": [6, 12], "slot_index": 0}], "properties": {"Node name for S&R": "CLIPTextEncode"}, "widgets_values": ["text, watermark, ugly, gym"]}, {"id": 11, "type": "LatentUpscaleBy", "pos": [1041, 54], "size": {"0": 315, "1": 82}, "flags": {}, "order": 6, "mode": 0, "inputs": [{"name": "samples", "type": "LATENT", "link": 15}], "outputs": [{"name": "LATENT", "type": "LATENT", "links": [16], "shape": 3, "slot_index": 0}], "properties": {"Node name for S&R": "LatentUpscaleBy"}, "widgets_values": ["nearest-exact", 1.5]}, {"id": 8, "type": "VAEDecode", "pos": [1464, 89], "size": {"0": 210, "1": 46}, "flags": {}, "order": 8, "mode": 0, "inputs": [{"name": "samples", "type": "LATENT", "link": 14}, {"name": "vae", "type": "VAE", "link": 8}], "outputs": [{"name": "IMAGE", "type": "IMAGE", "links": [9], "slot_index": 0}], "properties": {"Node name for S&R": "VAEDecode"}}, {"id": 9, "type": "SaveImage", "pos": [1569, 181], "size": {"0": 661.953125, "1": 723.495849609375}, "flags": {}, "order": 9, "mode": 0, "inputs": [{"name": "images", "type": "IMAGE", "link": 9}], "properties": {}, "widgets_values": ["ComfyUI"]}, {"id": 10, "type": "KSampler", "pos": [1233, 186], "size": {"0": 315, "1": 474}, "flags": {}, "order": 7, "mode": 0, "inputs": [{"name": "model", "type": "MODEL", "link": 20}, {"name": "positive", "type": "CONDITIONING", "link": 11}, {"name": "negative", "type": "CONDITIONING", "link": 12}, {"name": "latent_image", "type": "LATENT", "link": 16, "slot_index": 3}], "outputs": [{"name": "LATENT", "type": "LATENT", "links": [14], "slot_index": 0}], "properties": {"Node name for S&R": "KSampler"}, "widgets_values": [156680208700286, "fixed", 32, 4.5200000000000005, "dpmpp_3m_sde_gpu", "karras", 0.55]}, {"id": 3, "type": "KSampler", "pos": [863, 186], "size": {"0": 315, "1": 474}, "flags": {}, "order": 5, "mode": 0, "inputs": [{"name": "model", "type": "MODEL", "link": 19}, {"name": "positive", "type": "CONDITIONING", "link": 4}, {"name": "negative", "type": "CONDITIONING", "link": 6}, {"name": "latent_image", "type": "LATENT", "link": 2}], "outputs": [{"name": "LATENT", "type": "LATENT", "links": [15], "slot_index": 0}], "properties": {"Node name for S&R": "KSampler"}, "widgets_values": [156680208697027, "fixed", 32, 4.04, "dpmpp_3m_sde_gpu", "karras", 1]}, {"id": 12, "type": "LoraLoader", "pos": [-2, 187], "size": {"0": 315, "1": 126}, "flags": {}, "order": 2, "mode": 0, "inputs": [{"name": "model", "type": "MODEL", "link": 17}, {"name": "clip", "type": "CLIP", "link": 18}], "outputs": [{"name": "MODEL", "type": "MODEL", "links": [19, 20], "shape": 3}, {"name": "CLIP", "type": "CLIP", "links": [21, 22], "shape": 3}], "properties": {"Node name for S&R": "LoraLoader"}, "widgets_values": ["FaeTastic2.safetensors", 0.85, 1]}, {"id": 4, "type": "CheckpointLoaderSimple", "pos": [-376, 182], "size": {"0": 315, "1": 98}, "flags": {}, "order": 1, "mode": 0, "outputs": [{"name": "MODEL", "type": "MODEL", "links": [17], "slot_index": 0}, {"name": "CLIP", "type": "CLIP", "links": [18], "slot_index": 1}, {"name": "VAE", "type": "VAE", "links": [8], "slot_index": 2}], "properties": {"Node name for S&R": "CheckpointLoaderSimple"}, "widgets_values": ["nightvisionXLPhotorealisticPortrait_v0743ReleaseBakedvae.safetensors"]}], "links": [[2, 5, 0, 3, 3, "LATENT"], [4, 6, 0, 3, 1, "CONDITIONING"], [6, 7, 0, 3, 2, "CONDITIONING"], [8, 4, 2, 8, 1, "VAE"], [9, 8, 0, 9, 0, "IMAGE"], [11, 6, 0, 10, 1, "CONDITIONING"], [12, 7, 0, 10, 2, "CONDITIONING"], [14, 10, 0, 8, 0, "LATENT"], [15, 3, 0, 11, 0, "LATENT"], [16, 11, 0, 10, 3, "LATENT"], [17, 4, 0, 12, 0, "MODEL"], [18, 4, 1, 12, 1, "CLIP"], [19, 12, 0, 3, 0, "MODEL"], [20, 12, 0, 10, 0, "MODEL"], [21, 12, 1, 6, 0, "CLIP"], [22, 12, 1, 7, 0, "CLIP"]], "groups": [], "config": {}, "extra": {}, "version": 0.4}