{"last_node_id": 14, "last_link_id": 25, "nodes": [{"id": 9, "type": "VAEEncode", "pos": [774, 67], "size": {"0": 210, "1": 46}, "flags": {}, "order": 10, "mode": 0, "inputs": [{"name": "pixels", "type": "IMAGE", "link": 23}, {"name": "vae", "type": "VAE", "link": 9}], "outputs": [{"name": "LATENT", "type": "LATENT", "links": [13], "shape": 3, "slot_index": 0}], "properties": {"Node name for S&R": "VAEEncode"}}, {"id": 10, "type": "CLIPTextEncode", "pos": [500, 194], "size": {"0": 400, "1": 200}, "flags": {}, "order": 4, "mode": 0, "inputs": [{"name": "clip", "type": "CLIP", "link": 10}], "outputs": [{"name": "CONDITIONING", "type": "CONDITIONING", "links": [11], "shape": 3, "slot_index": 0}], "properties": {"Node name for S&R": "CLIPTextEncode"}, "widgets_values": ["A house descorated with christmas lights in the front yard"]}, {"id": 12, "type": "VAEDecode", "pos": [1095, 26], "size": {"0": 210, "1": 46}, "flags": {}, "order": 12, "mode": 0, "inputs": [{"name": "samples", "type": "LATENT", "link": 14}, {"name": "vae", "type": "VAE", "link": 16, "slot_index": 1}], "outputs": [{"name": "IMAGE", "type": "IMAGE", "links": [15], "shape": 3, "slot_index": 0}], "properties": {"Node name for S&R": "VAEDecode"}}, {"id": 11, "type": "CLIPTextEncode", "pos": [509, 452], "size": {"0": 400, "1": 200}, "flags": {}, "order": 5, "mode": 0, "inputs": [{"name": "clip", "type": "CLIP", "link": 17, "slot_index": 0}], "outputs": [{"name": "CONDITIONING", "type": "CONDITIONING", "links": [12], "shape": 3, "slot_index": 0}], "properties": {"Node name for S&R": "CLIPTextEncode"}, "widgets_values": ["bad quality, JPEG"]}, {"id": 4, "type": "SaveImage", "pos": [1417, 37], "size": {"0": 983.3412475585938, "1": 798.7130737304688}, "flags": {}, "order": 13, "mode": 0, "inputs": [{"name": "images", "type": "IMAGE", "link": 15}], "properties": {}, "widgets_values": ["ComfyUI"]}, {"id": 7, "type": "CheckpointLoaderSimple", "pos": [95, 260], "size": {"0": 315, "1": 98}, "flags": {}, "order": 0, "mode": 0, "outputs": [{"name": "MODEL", "type": "MODEL", "links": [7], "shape": 3, "slot_index": 0}, {"name": "CLIP", "type": "CLIP", "links": [10, 17], "shape": 3, "slot_index": 1}, {"name": "VAE", "type": "VAE", "links": [9, 16], "shape": 3, "slot_index": 2}], "properties": {"Node name for S&R": "CheckpointLoaderSimple"}, "widgets_values": ["nightvisionXLPhotorealisticPortrait_v0743ReleaseBakedvae.safetensors"]}, {"id": 8, "type": "KSamplerAdvanced", "pos": [1047, 142], "size": {"0": 315, "1": 546}, "flags": {}, "order": 11, "mode": 0, "inputs": [{"name": "model", "type": "MODEL", "link": 7}, {"name": "positive", "type": "CONDITIONING", "link": 11}, {"name": "negative", "type": "CONDITIONING", "link": 12}, {"name": "latent_image", "type": "LATENT", "link": 13}], "outputs": [{"name": "LATENT", "type": "LATENT", "links": [14], "shape": 3, "slot_index": 0}], "properties": {"Node name for S&R": "KSamplerAdvanced"}, "widgets_values": ["enable", 618459460274875, "fixed", 20, 3.6, "dpmpp_3m_sde_gpu", "karras", 15, 10000, "disable"]}, {"id": 6, "type": "Upscale Model Loader", "pos": [-210, -264], "size": {"0": 315, "1": 78}, "flags": {}, "order": 1, "mode": 0, "outputs": [{"name": "UPSCALE_MODEL", "type": "UPSCALE_MODEL", "links": [4], "shape": 3}, {"name": "MODEL_NAME_TEXT", "type": "STRING", "links": null, "shape": 3}], "properties": {"Node name for S&R": "Upscale Model Loader"}, "widgets_values": ["RealESRGAN_x4plus_anime_6B.pth"]}, {"id": 13, "type": "ConstrainImage|pysssss", "pos": [510, -190], "size": {"0": 315, "1": 154}, "flags": {}, "order": 9, "mode": 0, "inputs": [{"name": "images", "type": "IMAGE", "link": 22}], "outputs": [{"name": "IMAGE", "type": "IMAGE", "links": [23], "shape": 6, "slot_index": 0}], "properties": {"Node name for S&R": "ConstrainImage|pysssss"}, "widgets_values": [1024, 1024, 0, 0, "no"]}, {"id": 5, "type": "ImageUpscaleWithModel", "pos": [-119, -107], "size": {"0": 241.79998779296875, "1": 46}, "flags": {}, "order": 7, "mode": 0, "inputs": [{"name": "upscale_model", "type": "UPSCALE_MODEL", "link": 4, "slot_index": 0}, {"name": "image", "type": "IMAGE", "link": 6}], "outputs": [{"name": "IMAGE", "type": "IMAGE", "links": [22], "shape": 3, "slot_index": 0}], "properties": {"Node name for S&R": "ImageUpscaleWithModel"}}, {"id": 14, "type": "SaveImage", "pos": [-119, 626], "size": {"0": 576.294677734375, "1": 510.5560607910156}, "flags": {}, "order": 8, "mode": 0, "inputs": [{"name": "images", "type": "IMAGE", "link": 25}], "properties": {}, "widgets_values": ["ComfyUI"]}, {"id": 2, "type": "ImageUpscaleWithModel", "pos": [-578, 512], "size": {"0": 241.79998779296875, "1": 46}, "flags": {}, "order": 6, "mode": 0, "inputs": [{"name": "upscale_model", "type": "UPSCALE_MODEL", "link": 1}, {"name": "image", "type": "IMAGE", "link": 2}], "outputs": [{"name": "IMAGE", "type": "IMAGE", "links": [6, 25], "shape": 3, "slot_index": 0}], "properties": {"Node name for S&R": "ImageUpscaleWithModel"}}, {"id": 3, "type": "LoadImage", "pos": [-1022, 505], "size": {"0": 315, "1": 314}, "flags": {}, "order": 2, "mode": 0, "outputs": [{"name": "IMAGE", "type": "IMAGE", "links": [2], "shape": 3, "slot_index": 0}, {"name": "MASK", "type": "MASK", "links": null, "shape": 3}], "properties": {"Node name for S&R": "LoadImage"}, "widgets_values": ["img12.jpg", "image"]}, {"id": 1, "type": "UpscaleModelLoader", "pos": [-613, 643], "size": {"0": 315, "1": 58}, "flags": {}, "order": 3, "mode": 0, "outputs": [{"name": "UPSCALE_MODEL", "type": "UPSCALE_MODEL", "links": [1], "shape": 3, "slot_index": 0}], "properties": {"Node name for S&R": "UpscaleModelLoader"}, "widgets_values": ["4x-DeCompress-Strong.pth"]}], "links": [[1, 1, 0, 2, 0, "UPSCALE_MODEL"], [2, 3, 0, 2, 1, "IMAGE"], [4, 6, 0, 5, 0, "UPSCALE_MODEL"], [6, 2, 0, 5, 1, "IMAGE"], [7, 7, 0, 8, 0, "MODEL"], [9, 7, 2, 9, 1, "VAE"], [10, 7, 1, 10, 0, "CLIP"], [11, 10, 0, 8, 1, "CONDITIONING"], [12, 11, 0, 8, 2, "CONDITIONING"], [13, 9, 0, 8, 3, "LATENT"], [14, 8, 0, 12, 0, "LATENT"], [15, 12, 0, 4, 0, "IMAGE"], [16, 7, 2, 12, 1, "VAE"], [17, 7, 1, 11, 0, "CLIP"], [22, 5, 0, 13, 0, "IMAGE"], [23, 13, 0, 9, 0, "IMAGE"], [25, 2, 0, 14, 0, "IMAGE"]], "groups": [], "config": {}, "extra": {}, "version": 0.4}