{"last_node_id": 51, "last_link_id": 93, "nodes": [{"id": 24, "type": "CLIPTextEncode", "pos": [1730, -1310], "size": {"0": 210, "1": 54}, "flags": {}, "order": 13, "mode": 0, "inputs": [{"name": "clip", "type": "CLIP", "link": 92}, {"name": "text", "type": "STRING", "link": 69, "widget": {"name": "text", "config": ["STRING", {"multiline": true}]}}], "outputs": [{"name": "CONDITIONING", "type": "CONDITIONING", "links": [28], "shape": 3, "slot_index": 0}], "properties": {"Node name for S&R": "CLIPTextEncode"}, "widgets_values": ["a sexy girl with wide hips and a big ass from behind, benging over, flexible, yoga, thong, lingerie, armor, looking back at the camera, seductive, tiny clothes, straps, choker, cute girl, beautiful, gorgeous, hot babe, intricate, 4k, 8k, high quality, (sharp focus:1.4), RAW, Photograph, vivid, foliage, trees, overgrowth, stylized"]}, {"id": 25, "type": "CLIPTextEncode", "pos": [1730, -1210], "size": {"0": 210, "1": 54}, "flags": {}, "order": 14, "mode": 0, "inputs": [{"name": "clip", "type": "CLIP", "link": 93}, {"name": "text", "type": "STRING", "link": 70, "widget": {"name": "text", "config": ["STRING", {"multiline": true}]}}], "outputs": [{"name": "CONDITIONING", "type": "CONDITIONING", "links": [29], "shape": 3, "slot_index": 0}], "properties": {"Node name for S&R": "CLIPTextEncode"}, "widgets_values": ["(washed out colors:1.25), pastel colors, (embedding:bad_prompt_version2-neg:0.8), embedding:easynegative, embedding:negative_hand-neg, embedding:ng_deepnegative_v1_75t, angry, mad, ugly, bad quality, low quality"]}, {"id": 32, "type": "SaveImage", "pos": [2340, -1220], "size": {"0": 880, "1": 810}, "flags": {}, "order": 20, "mode": 0, "inputs": [{"name": "images", "type": "IMAGE", "link": 85}], "properties": {}, "widgets_values": ["ComfyUI"]}, {"id": 15, "type": "CLIPTextEncode", "pos": [790, -1240], "size": {"0": 210, "1": 54}, "flags": {}, "order": 7, "mode": 0, "inputs": [{"name": "clip", "type": "CLIP", "link": 15}, {"name": "text", "type": "STRING", "link": 68, "widget": {"name": "text", "config": ["STRING", {"multiline": true}]}}], "outputs": [{"name": "CONDITIONING", "type": "CONDITIONING", "links": [17], "shape": 3, "slot_index": 0}], "properties": {"Node name for S&R": "CLIPTextEncode"}, "widgets_values": ["(washed out colors:1.25), pastel colors, (embedding:bad_prompt_version2-neg:0.8), embedding:easynegative, embedding:negative_hand-neg, embedding:ng_deepnegative_v1_75t, angry, mad, ugly, bad quality, low quality"]}, {"id": 14, "type": "CLIPTextEncode", "pos": [790, -1330], "size": {"0": 210, "1": 54}, "flags": {}, "order": 6, "mode": 0, "inputs": [{"name": "clip", "type": "CLIP", "link": 14}, {"name": "text", "type": "STRING", "link": 67, "widget": {"name": "text", "config": ["STRING", {"multiline": true}]}}], "outputs": [{"name": "CONDITIONING", "type": "CONDITIONING", "links": [16], "shape": 3, "slot_index": 0}], "properties": {"Node name for S&R": "CLIPTextEncode"}, "widgets_values": ["a sexy girl with wide hips and a big ass from behind, benging over, flexible, yoga, thong, lingerie, armor, looking back at the camera, seductive, tiny clothes, straps, choker, cute girl, beautiful, gorgeous, hot babe, intricate, 4k, 8k, high quality, (sharp focus:1.4), RAW, Photograph, vivid, foliage, trees, overgrowth, stylized"]}, {"id": 47, "type": "PrimitiveNode", "pos": [-540, -1390], "size": {"0": 330, "1": 100}, "flags": {}, "order": 0, "mode": 0, "outputs": [{"name": "STRING", "type": "STRING", "links": [66, 68, 70], "slot_index": 0, "widget": {"name": "text", "config": ["STRING", {"multiline": true}]}}], "properties": {}, "widgets_values": ["(washed out colors:1.25), pastel colors, (embedding:bad_prompt_version2-neg:0.8), embedding:easynegative, embedding:negative_hand-neg, embedding:ng_deepnegative_v1_75t, angry, mad, ugly, bad quality, low quality"]}, {"id": 2, "type": "CLIPTextEncode", "pos": [-160, -1210], "size": {"0": 210, "1": 54}, "flags": {}, "order": 9, "mode": 0, "inputs": [{"name": "clip", "type": "CLIP", "link": 2}, {"name": "text", "type": "STRING", "link": 66, "widget": {"name": "text", "config": ["STRING", {"multiline": true}]}, "slot_index": 1}], "outputs": [{"name": "CONDITIONING", "type": "CONDITIONING", "links": [4], "shape": 3, "slot_index": 0}], "properties": {"Node name for S&R": "CLIPTextEncode"}, "widgets_values": ["(washed out colors:1.25), pastel colors, (embedding:bad_prompt_version2-neg:0.8), embedding:easynegative, embedding:negative_hand-neg, embedding:ng_deepnegative_v1_75t, angry, mad, ugly, bad quality, low quality"]}, {"id": 1, "type": "CLIPTextEncode", "pos": [-160, -1310], "size": {"0": 210, "1": 54}, "flags": {}, "order": 8, "mode": 0, "inputs": [{"name": "clip", "type": "CLIP", "link": 1}, {"name": "text", "type": "STRING", "link": 65, "widget": {"name": "text", "config": ["STRING", {"multiline": true}]}, "slot_index": 1}], "outputs": [{"name": "CONDITIONING", "type": "CONDITIONING", "links": [3], "shape": 3, "slot_index": 0}], "properties": {"Node name for S&R": "CLIPTextEncode"}, "widgets_values": ["a sexy girl with wide hips and a big ass from behind, benging over, flexible, yoga, thong, lingerie, armor, looking back at the camera, seductive, tiny clothes, straps, choker, cute girl, beautiful, gorgeous, hot babe, intricate, 4k, 8k, high quality, (sharp focus:1.4), RAW, Photograph, vivid, foliage, trees, overgrowth, stylized"]}, {"id": 46, "type": "PrimitiveNode", "pos": [-540, -1580], "size": {"0": 340, "1": 140}, "flags": {}, "order": 1, "mode": 0, "outputs": [{"name": "STRING", "type": "STRING", "links": [65, 67, 69], "widget": {"name": "text", "config": ["STRING", {"multiline": true}]}, "slot_index": 0}], "properties": {}, "widgets_values": ["a sexy girl with wide hips and a big ass from behind, benging over, flexible, yoga, thong, lingerie, armor, looking back at the camera, seductive, tiny clothes, straps, choker, cute girl, beautiful, gorgeous, hot babe, intricate, 4k, 8k, high quality, (sharp focus:1.4), RAW, Photograph, vivid, foliage, trees, overgrowth, stylized"]}, {"id": 48, "type": "VAEDecode", "pos": [150, -740], "size": {"0": 210, "1": 46}, "flags": {}, "order": 15, "mode": 0, "inputs": [{"name": "samples", "type": "LATENT", "link": 75}, {"name": "vae", "type": "VAE", "link": 77}], "outputs": [{"name": "IMAGE", "type": "IMAGE", "links": [76], "shape": 3, "slot_index": 0}], "properties": {"Node name for S&R": "VAEDecode"}}, {"id": 41, "type": "PreviewImage", "pos": [430, -1150], "size": {"0": 570, "1": 610}, "flags": {}, "order": 17, "mode": 0, "inputs": [{"name": "images", "type": "IMAGE", "link": 76}], "properties": {"Node name for S&R": "PreviewImage"}}, {"id": 13, "type": "CheckpointLoaderSimple", "pos": [440, -1300], "size": {"0": 315, "1": 98}, "flags": {}, "order": 2, "mode": 0, "outputs": [{"name": "MODEL", "type": "MODEL", "links": [13], "shape": 3, "slot_index": 0}, {"name": "CLIP", "type": "CLIP", "links": [14, 15], "shape": 3, "slot_index": 1}, {"name": "VAE", "type": "VAE", "links": [], "shape": 3, "slot_index": 2}], "properties": {"Node name for S&R": "CheckpointLoaderSimple"}, "widgets_values": ["protovisionXLHighFidelity3D_beta0520Bakedvae.safetensors"]}, {"id": 3, "type": "CheckpointLoaderSimple", "pos": [-540, -1240], "size": {"0": 315, "1": 98}, "flags": {}, "order": 3, "mode": 0, "outputs": [{"name": "MODEL", "type": "MODEL", "links": [6], "shape": 3, "slot_index": 0}, {"name": "CLIP", "type": "CLIP", "links": [1, 2], "shape": 3, "slot_index": 1}, {"name": "VAE", "type": "VAE", "links": [77], "shape": 3, "slot_index": 2}], "properties": {"Node name for S&R": "CheckpointLoaderSimple"}, "widgets_values": ["envyoverdrivexl_v11.safetensors"]}, {"id": 27, "type": "VAEDecode", "pos": [2330, -1320], "size": {"0": 210, "1": 46}, "flags": {}, "order": 19, "mode": 0, "inputs": [{"name": "samples", "type": "LATENT", "link": 31}, {"name": "vae", "type": "VAE", "link": 33}], "outputs": [{"name": "IMAGE", "type": "IMAGE", "links": [85], "shape": 3, "slot_index": 0}], "properties": {"Node name for S&R": "VAEDecode"}}, {"id": 7, "type": "EmptyLatentImage", "pos": [-540, -1090], "size": [320, 110], "flags": {}, "order": 10, "mode": 0, "inputs": [{"name": "height", "type": "INT", "link": 88, "widget": {"name": "height", "config": ["INT", {"default": 512, "min": 16, "max": 8192, "step": 8}]}}, {"name": "width", "type": "INT", "link": 87, "widget": {"name": "width", "config": ["INT", {"default": 512, "min": 16, "max": 8192, "step": 8}]}}], "outputs": [{"name": "LATENT", "type": "LATENT", "links": [7], "shape": 3, "slot_index": 0}], "properties": {"Node name for S&R": "EmptyLatentImage"}, "widgets_values": [512, 1024, 1]}, {"id": 50, "type": "SDXLResolutionPresets", "pos": [-910, -1090], "size": {"0": 315, "1": 102}, "flags": {}, "order": 4, "mode": 0, "outputs": [{"name": "width", "type": "INT", "links": [87], "shape": 3, "slot_index": 0}, {"name": "height", "type": "INT", "links": [88], "shape": 3, "slot_index": 1}], "properties": {"Node name for S&R": "SDXLResolutionPresets"}, "widgets_values": ["Photo (1216x832)", "Horizontal"]}, {"id": 5, "type": "KSamplerAdvanced", "pos": [90, -1340], "size": {"0": 320, "1": 550}, "flags": {}, "order": 12, "mode": 0, "inputs": [{"name": "model", "type": "MODEL", "link": 6}, {"name": "positive", "type": "CONDITIONING", "link": 3}, {"name": "negative", "type": "CONDITIONING", "link": 4}, {"name": "latent_image", "type": "LATENT", "link": 7}], "outputs": [{"name": "LATENT", "type": "LATENT", "links": [75, 86], "shape": 3, "slot_index": 0}], "properties": {"Node name for S&R": "KSamplerAdvanced"}, "widgets_values": ["enable", 623210718213046, "fixed", 40, 8, "euler_ancestral", "normal", 0, 15, "enable"]}, {"id": 12, "type": "KSamplerAdvanced", "pos": [1030, -1330], "size": {"0": 320, "1": 550}, "flags": {}, "order": 16, "mode": 0, "inputs": [{"name": "model", "type": "MODEL", "link": 13}, {"name": "positive", "type": "CONDITIONING", "link": 16}, {"name": "negative", "type": "CONDITIONING", "link": 17}, {"name": "latent_image", "type": "LATENT", "link": 86}], "outputs": [{"name": "LATENT", "type": "LATENT", "links": [82], "shape": 3, "slot_index": 0}], "properties": {"Node name for S&R": "KSamplerAdvanced"}, "widgets_values": ["disable", 623210718213046, "fixed", 40, 8, "euler_ancestral", "normal", 15, 30, "enable"]}, {"id": 23, "type": "KSamplerAdvanced", "pos": [1980, -1330], "size": {"0": 320, "1": 550}, "flags": {}, "order": 18, "mode": 0, "inputs": [{"name": "model", "type": "MODEL", "link": 91}, {"name": "positive", "type": "CONDITIONING", "link": 28}, {"name": "negative", "type": "CONDITIONING", "link": 29}, {"name": "latent_image", "type": "LATENT", "link": 82}], "outputs": [{"name": "LATENT", "type": "LATENT", "links": [31], "shape": 3, "slot_index": 0}], "properties": {"Node name for S&R": "KSamplerAdvanced"}, "widgets_values": ["disable", 623210718213046, "fixed", 40, 8, "euler_ancestral", "normal", 30, 10000, "disable"]}, {"id": 26, "type": "CheckpointLoaderSimple", "pos": [1370, -1270], "size": {"0": 315, "1": 98}, "flags": {}, "order": 5, "mode": 0, "outputs": [{"name": "MODEL", "type": "MODEL", "links": [89], "shape": 3, "slot_index": 0}, {"name": "CLIP", "type": "CLIP", "links": [90], "shape": 3, "slot_index": 1}, {"name": "VAE", "type": "VAE", "links": [33], "shape": 3, "slot_index": 2}], "properties": {"Node name for S&R": "CheckpointLoaderSimple"}, "widgets_values": ["sd_xl_refiner_1.0.safetensors"]}, {"id": 51, "type": "LoraLoader", "pos": [1530, -1100], "size": {"0": 315, "1": 126}, "flags": {}, "order": 11, "mode": 0, "inputs": [{"name": "model", "type": "MODEL", "link": 89}, {"name": "clip", "type": "CLIP", "link": 90, "slot_index": 1}], "outputs": [{"name": "MODEL", "type": "MODEL", "links": [91], "shape": 3, "slot_index": 0}, {"name": "CLIP", "type": "CLIP", "links": [92, 93], "shape": 3, "slot_index": 1}], "properties": {"Node name for S&R": "LoraLoader"}, "widgets_values": ["FaeTastic2.safetensors", 1, 1]}], "links": [[1, 3, 1, 1, 0, "CLIP"], [2, 3, 1, 2, 0, "CLIP"], [3, 1, 0, 5, 1, "CONDITIONING"], [4, 2, 0, 5, 2, "CONDITIONING"], [6, 3, 0, 5, 0, "MODEL"], [7, 7, 0, 5, 3, "LATENT"], [13, 13, 0, 12, 0, "MODEL"], [14, 13, 1, 14, 0, "CLIP"], [15, 13, 1, 15, 0, "CLIP"], [16, 14, 0, 12, 1, "CONDITIONING"], [17, 15, 0, 12, 2, "CONDITIONING"], [28, 24, 0, 23, 1, "CONDITIONING"], [29, 25, 0, 23, 2, "CONDITIONING"], [31, 23, 0, 27, 0, "LATENT"], [33, 26, 2, 27, 1, "VAE"], [65, 46, 0, 1, 1, "STRING"], [66, 47, 0, 2, 1, "STRING"], [67, 46, 0, 14, 1, "STRING"], [68, 47, 0, 15, 1, "STRING"], [69, 46, 0, 24, 1, "STRING"], [70, 47, 0, 25, 1, "STRING"], [75, 5, 0, 48, 0, "LATENT"], [76, 48, 0, 41, 0, "IMAGE"], [77, 3, 2, 48, 1, "VAE"], [82, 12, 0, 23, 3, "LATENT"], [85, 27, 0, 32, 0, "IMAGE"], [86, 5, 0, 12, 3, "LATENT"], [87, 50, 0, 7, 1, "INT"], [88, 50, 1, 7, 0, "INT"], [89, 26, 0, 51, 0, "MODEL"], [90, 26, 1, 51, 1, "CLIP"], [91, 51, 0, 23, 0, "MODEL"], [92, 51, 1, 24, 0, "CLIP"], [93, 51, 1, 25, 0, "CLIP"]], "groups": [], "config": {}, "extra": {}, "version": 0.4}