{"last_node_id": 22, "last_link_id": 32, "nodes": [{"id": 14, "type": "SaveImage", "pos": [1580, -20], "size": {"0": 1120, "1": 1180}, "flags": {}, "order": 10, "mode": 0, "inputs": [{"name": "images", "type": "IMAGE", "link": 25}], "properties": {}, "widgets_values": ["ComfyUI"]}, {"id": 18, "type": "ttN pipeLoader", "pos": [70, -790], "size": {"0": 400, "1": 726}, "flags": {}, "order": 0, "mode": 0, "inputs": [{"name": "optional_clip", "type": "CLIP", "link": null}], "outputs": [{"name": "pipe", "type": "PIPE_LINE", "links": [18], "shape": 3, "slot_index": 0}, {"name": "model", "type": "MODEL", "links": null, "shape": 3, "slot_index": 1}, {"name": "positive", "type": "CONDITIONING", "links": null, "shape": 3}, {"name": "negative", "type": "CONDITIONING", "links": null, "shape": 3}, {"name": "latent", "type": "LATENT", "links": null, "shape": 3}, {"name": "vae", "type": "VAE", "links": null, "shape": 3}, {"name": "clip", "type": "CLIP", "links": null, "shape": 3}, {"name": "seed", "type": "INT", "links": null, "shape": 3}], "properties": {"Node name for S&R": "ttN pipeLoader", "ttNnodeVersion": "1.0.3"}, "widgets_values": ["galenaREDUX_v20.safetensors", "anythingKlF8Anime2VaeFtMse840000_klF8Anime2.safetensors", -2, "None", 1, 1, "None", 1, 1, "None", 1, 1, "POV on a luxurious bed, fantasy, ethereal, masterpeice, artstation, digital art, concept art", "none", "comfy", "woman", "none", "comfy", 1024, 768, 1, 157, "fixed"]}, {"id": 16, "type": "UpscaleModelLoader", "pos": [1620, -150], "size": {"0": 315, "1": 58}, "flags": {}, "order": 1, "mode": 2, "outputs": [{"name": "UPSCALE_MODEL", "type": "UPSCALE_MODEL", "links": [15], "shape": 3, "slot_index": 0}], "properties": {"Node name for S&R": "UpscaleModelLoader"}, "widgets_values": ["2x-Bubble-AnimeScale-SwinIR-Small-v1.pth"]}, {"id": 17, "type": "ImageUpscaleWithModel", "pos": [1990, -150], "size": {"0": 241.79998779296875, "1": 46}, "flags": {}, "order": 4, "mode": 2, "inputs": [{"name": "upscale_model", "type": "UPSCALE_MODEL", "link": 15}, {"name": "image", "type": "IMAGE", "link": null}], "outputs": [{"name": "IMAGE", "type": "IMAGE", "links": [], "shape": 3, "slot_index": 0}], "properties": {"Node name for S&R": "ImageUpscaleWithModel"}}, {"id": 19, "type": "ttN pipeKSamplerAdvanced", "pos": [500, -850], "size": {"0": 320, "1": 832}, "flags": {}, "order": 3, "mode": 0, "inputs": [{"name": "pipe", "type": "PIPE_LINE", "link": 18}, {"name": "optional_model", "type": "MODEL", "link": null}, {"name": "optional_positive", "type": "CONDITIONING", "link": null}, {"name": "optional_negative", "type": "CONDITIONING", "link": null}, {"name": "optional_latent", "type": "LATENT", "link": null}, {"name": "optional_vae", "type": "VAE", "link": null}, {"name": "optional_clip", "type": "CLIP", "link": null}, {"name": "xyPlot", "type": "XYPLOT", "link": null}], "outputs": [{"name": "pipe", "type": "PIPE_LINE", "links": [], "shape": 3, "slot_index": 0}, {"name": "model", "type": "MODEL", "links": null, "shape": 3}, {"name": "positive", "type": "CONDITIONING", "links": [26], "shape": 3, "slot_index": 2}, {"name": "negative", "type": "CONDITIONING", "links": null, "shape": 3}, {"name": "latent", "type": "LATENT", "links": [30], "shape": 3, "slot_index": 4}, {"name": "vae", "type": "VAE", "links": null, "shape": 3}, {"name": "clip", "type": "CLIP", "links": null, "shape": 3}, {"name": "image", "type": "IMAGE", "links": [], "shape": 3, "slot_index": 7}, {"name": "seed", "type": "INT", "links": null, "shape": 3}], "properties": {"Node name for S&R": "ttN pipeKSamplerAdvanced", "ttNnodeVersion": "1.0.4"}, "widgets_values": ["None", 1, 1, "None", 0.4, "disabled", "Sample", "enable", 25, 8, "euler_ancestral", "normal", 0, 10, "enable", "Preview", "ComfyUI", 220, "fixed"]}, {"id": 21, "type": "LatentComposite", "pos": [950, -330], "size": {"0": 315, "1": 126}, "flags": {}, "order": 7, "mode": 0, "inputs": [{"name": "samples_to", "type": "LATENT", "link": 30}, {"name": "samples_from", "type": "LATENT", "link": 32}], "outputs": [{"name": "LATENT", "type": "LATENT", "links": [24], "shape": 3, "slot_index": 0}], "properties": {"Node name for S&R": "LatentComposite"}, "widgets_values": [192, 0, 24]}, {"id": 13, "type": "ttN pipeKSamplerAdvanced", "pos": [1216, 64], "size": [320, 832], "flags": {}, "order": 9, "mode": 0, "inputs": [{"name": "pipe", "type": "PIPE_LINE", "link": 14}, {"name": "optional_model", "type": "MODEL", "link": null}, {"name": "optional_positive", "type": "CONDITIONING", "link": null}, {"name": "optional_negative", "type": "CONDITIONING", "link": null}, {"name": "optional_latent", "type": "LATENT", "link": null}, {"name": "optional_vae", "type": "VAE", "link": null}, {"name": "optional_clip", "type": "CLIP", "link": null}, {"name": "xyPlot", "type": "XYPLOT", "link": null}], "outputs": [{"name": "pipe", "type": "PIPE_LINE", "links": null, "shape": 3}, {"name": "model", "type": "MODEL", "links": null, "shape": 3}, {"name": "positive", "type": "CONDITIONING", "links": null, "shape": 3}, {"name": "negative", "type": "CONDITIONING", "links": null, "shape": 3}, {"name": "latent", "type": "LATENT", "links": null, "shape": 3, "slot_index": 4}, {"name": "vae", "type": "VAE", "links": null, "shape": 3}, {"name": "clip", "type": "CLIP", "links": null, "shape": 3}, {"name": "image", "type": "IMAGE", "links": [25], "shape": 3, "slot_index": 7}, {"name": "seed", "type": "INT", "links": null, "shape": 3}], "properties": {"Node name for S&R": "ttN pipeKSamplerAdvanced", "ttNnodeVersion": "1.0.4"}, "widgets_values": ["add_detail.safetensors", 0.49, 1, "nearest-exact", 1.6, "disabled", "Sample", "enable", 25, 8.5, "euler_ancestral", "normal", 13, 50, "disable", "Preview", "ComfyUI", 761234660427808, "fixed"]}, {"id": 5, "type": "ttN pipeKSamplerAdvanced", "pos": [864, 64], "size": [320, 832], "flags": {}, "order": 8, "mode": 0, "inputs": [{"name": "pipe", "type": "PIPE_LINE", "link": 3}, {"name": "optional_model", "type": "MODEL", "link": null}, {"name": "optional_positive", "type": "CONDITIONING", "link": 28}, {"name": "optional_negative", "type": "CONDITIONING", "link": null}, {"name": "optional_latent", "type": "LATENT", "link": 24}, {"name": "optional_vae", "type": "VAE", "link": null}, {"name": "optional_clip", "type": "CLIP", "link": null}, {"name": "xyPlot", "type": "XYPLOT", "link": null}], "outputs": [{"name": "pipe", "type": "PIPE_LINE", "links": [14], "shape": 3, "slot_index": 0}, {"name": "model", "type": "MODEL", "links": null, "shape": 3}, {"name": "positive", "type": "CONDITIONING", "links": null, "shape": 3}, {"name": "negative", "type": "CONDITIONING", "links": null, "shape": 3}, {"name": "latent", "type": "LATENT", "links": [], "shape": 3, "slot_index": 4}, {"name": "vae", "type": "VAE", "links": null, "shape": 3}, {"name": "clip", "type": "CLIP", "links": null, "shape": 3}, {"name": "image", "type": "IMAGE", "links": [], "shape": 3, "slot_index": 7}, {"name": "seed", "type": "INT", "links": null, "shape": 3}], "properties": {"Node name for S&R": "ttN pipeKSamplerAdvanced", "ttNnodeVersion": "1.0.4"}, "widgets_values": ["None", 1, 1, "None", 0.1, "disabled", "Sample", "disable", 25, 9, "euler_ancestral", "normal", 10, 189, "disable", "Preview", "ComfyUI", 761234660427804, "fixed"]}, {"id": 2, "type": "ttN pipeLoader", "pos": [50, 100], "size": [416, 736], "flags": {}, "order": 2, "mode": 0, "inputs": [{"name": "optional_clip", "type": "CLIP", "link": null}], "outputs": [{"name": "pipe", "type": "PIPE_LINE", "links": [1], "shape": 3, "slot_index": 0}, {"name": "model", "type": "MODEL", "links": null, "shape": 3, "slot_index": 1}, {"name": "positive", "type": "CONDITIONING", "links": null, "shape": 3}, {"name": "negative", "type": "CONDITIONING", "links": null, "shape": 3}, {"name": "latent", "type": "LATENT", "links": null, "shape": 3}, {"name": "vae", "type": "VAE", "links": null, "shape": 3}, {"name": "clip", "type": "CLIP", "links": null, "shape": 3}, {"name": "seed", "type": "INT", "links": null, "shape": 3}], "properties": {"Node name for S&R": "ttN pipeLoader", "ttNnodeVersion": "1.0.3"}, "widgets_values": ["mistoonAnime_v20.safetensors", "Baked VAE", -2, "LickingOralLoRA.safetensors", 1, 1, "None", 1, 1, "None", 1, 1, "1girl, nsfw, povfellatio, golden glowing eyes, 1boy, penis, big boobs, big breasts, cleavage, a sexy (succubus:1.25) giving a blowjob, dripping, wet, cum, dripping cum, povfellatio, 1boy, penis, sexy demon. (young:1.3), sexy, hot babe, stunning, virgin, blush, photo, RAW, Canon 85mm f/1.2 L II, slutty, porn, nsfw, pornstar, hentai, disney, 3d render, pixar, animation, slave, choker, crown, encrusted diamonds, luxurious, exotic, seductive, dramatic lighting, composition, moody, ethereal, bioluminescence", "none", "comfy", "ugly, boring, washed out colors, worst quality, normal quality, low quality, low res, blurry, text, watermark, logo, banner, extra digits, cropped, jpeg artifacts, signature, username, error, sketch ,duplicate, ugly, monochrome, horror, (embedding:bad_prompt_version2-neg.pt:0.8)", "none", "comfy", 512, 768, 1, 157, "fixed"]}, {"id": 22, "type": "ConditioningAverage", "pos": [896, -128], "size": {"0": 380.4000244140625, "1": 78}, "flags": {}, "order": 6, "mode": 0, "inputs": [{"name": "conditioning_to", "type": "CONDITIONING", "link": 26}, {"name": "conditioning_from", "type": "CONDITIONING", "link": 27}], "outputs": [{"name": "CONDITIONING", "type": "CONDITIONING", "links": [28], "shape": 3, "slot_index": 0}], "properties": {"Node name for S&R": "ConditioningAverage "}, "widgets_values": [0]}, {"id": 3, "type": "ttN pipeKSamplerAdvanced", "pos": [495, 66], "size": [320, 832], "flags": {}, "order": 5, "mode": 0, "inputs": [{"name": "pipe", "type": "PIPE_LINE", "link": 1}, {"name": "optional_model", "type": "MODEL", "link": null}, {"name": "optional_positive", "type": "CONDITIONING", "link": null}, {"name": "optional_negative", "type": "CONDITIONING", "link": null}, {"name": "optional_latent", "type": "LATENT", "link": null}, {"name": "optional_vae", "type": "VAE", "link": null}, {"name": "optional_clip", "type": "CLIP", "link": null}, {"name": "xyPlot", "type": "XYPLOT", "link": null}], "outputs": [{"name": "pipe", "type": "PIPE_LINE", "links": [3], "shape": 3, "slot_index": 0}, {"name": "model", "type": "MODEL", "links": null, "shape": 3}, {"name": "positive", "type": "CONDITIONING", "links": [27], "shape": 3, "slot_index": 2}, {"name": "negative", "type": "CONDITIONING", "links": null, "shape": 3}, {"name": "latent", "type": "LATENT", "links": [32], "shape": 3, "slot_index": 4}, {"name": "vae", "type": "VAE", "links": null, "shape": 3}, {"name": "clip", "type": "CLIP", "links": null, "shape": 3}, {"name": "image", "type": "IMAGE", "links": [], "shape": 3, "slot_index": 7}, {"name": "seed", "type": "INT", "links": null, "shape": 3}], "properties": {"Node name for S&R": "ttN pipeKSamplerAdvanced", "ttNnodeVersion": "1.0.4"}, "widgets_values": ["None", 1, 1, "None", 0.4, "disabled", "Sample", "enable", 25, 8, "euler_ancestral", "normal", 0, 10, "enable", "Preview", "ComfyUI", 1783, "fixed"]}], "links": [[1, 2, 0, 3, 0, "PIPE_LINE"], [3, 3, 0, 5, 0, "PIPE_LINE"], [14, 5, 0, 13, 0, "PIPE_LINE"], [15, 16, 0, 17, 0, "UPSCALE_MODEL"], [18, 18, 0, 19, 0, "PIPE_LINE"], [24, 21, 0, 5, 4, "LATENT"], [25, 13, 7, 14, 0, "IMAGE"], [26, 19, 2, 22, 0, "CONDITIONING"], [27, 3, 2, 22, 1, "CONDITIONING"], [28, 22, 0, 5, 2, "CONDITIONING"], [30, 19, 4, 21, 0, "LATENT"], [32, 3, 4, 21, 1, "LATENT"]], "groups": [], "config": {}, "extra": {}, "version": 0.4}