{"last_node_id": 16, "last_link_id": 28, "nodes": [{"id": 5, "type": "ttN pipeKSamplerAdvanced", "pos": [832, 32], "size": [320, 832], "flags": {}, "order": 3, "mode": 0, "inputs": [{"name": "pipe", "type": "PIPE_LINE", "link": 4}, {"name": "optional_model", "type": "MODEL", "link": null}, {"name": "optional_positive", "type": "CONDITIONING", "link": null}, {"name": "optional_negative", "type": "CONDITIONING", "link": null}, {"name": "optional_latent", "type": "LATENT", "link": null}, {"name": "optional_vae", "type": "VAE", "link": null}, {"name": "optional_clip", "type": "CLIP", "link": null}, {"name": "xyPlot", "type": "XYPLOT", "link": null}], "outputs": [{"name": "pipe", "type": "PIPE_LINE", "links": [6], "shape": 3, "slot_index": 0}, {"name": "model", "type": "MODEL", "links": null, "shape": 3}, {"name": "positive", "type": "CONDITIONING", "links": null, "shape": 3}, {"name": "negative", "type": "CONDITIONING", "links": null, "shape": 3}, {"name": "latent", "type": "LATENT", "links": null, "shape": 3}, {"name": "vae", "type": "VAE", "links": null, "shape": 3}, {"name": "clip", "type": "CLIP", "links": null, "shape": 3}, {"name": "image", "type": "IMAGE", "links": [], "shape": 3, "slot_index": 7}, {"name": "seed", "type": "INT", "links": null, "shape": 3, "slot_index": 8}], "properties": {"Node name for S&R": "ttN pipeKSamplerAdvanced"}, "widgets_values": ["None", 1.31, 1.07, "nearest-exact", 1.5, "disabled", "Sample", "enable", 25, 8, "dpmpp_3m_sde_gpu", "karras", 13, 203, "enable", "Preview", "ComfyUI", 13287248725, "fixed"]}, {"id": 1, "type": "ttN pipeLoader", "pos": [64, 32], "size": [416, 1024], "flags": {}, "order": 0, "mode": 0, "inputs": [{"name": "optional_clip", "type": "CLIP", "link": null}], "outputs": [{"name": "pipe", "type": "PIPE_LINE", "links": [1], "shape": 3, "slot_index": 0}, {"name": "model", "type": "MODEL", "links": null, "shape": 3}, {"name": "positive", "type": "CONDITIONING", "links": null, "shape": 3}, {"name": "negative", "type": "CONDITIONING", "links": null, "shape": 3}, {"name": "latent", "type": "LATENT", "links": null, "shape": 3}, {"name": "vae", "type": "VAE", "links": null, "shape": 3}, {"name": "clip", "type": "CLIP", "links": null, "shape": 3}, {"name": "seed", "type": "INT", "links": null, "shape": 3}], "properties": {"Node name for S&R": "ttN pipeLoader"}, "widgets_values": ["RealCartoon3DV8.safetensors", "Baked VAE", -2, "None", 0.21, 1, "ahri-000045.safetensors", 0.2, 1, "None", 0.11, 1, "a sexy nude girl, wearing sexy pajamas, glowing, (artstation:0.01), (wedgie:0.2), (thong:0.4), (cleavage:0.65), (bored:0.75), (tight panties:0.65), (victorias secret:0.4), opaque robe, sucking, deepthroat, dripping, saliva, (fellatio:1.2), (cum:1.15)\n", "none", "comfy", "(embedding:ng_deepnegative_v1_75t.pt:0.7), (embedding:negative_hand-neg.pt:0.75), ugly, tiling, poorly drawn hands, poorly drawn feet, poorly drawn face, out of frame, extra limbs, disfigured, deformed, body out of frame, bad anatomy, watermark, signature, cut off, low contrast, underexposed, overexposed, bad art, beginner, amateur, distorted face, (fat gut:1.15)", "none", "comfy", 512, 512, 4, 0, "fixed"]}, {"id": 2, "type": "ttN pipeKSamplerAdvanced", "pos": [480, 32], "size": [320, 800], "flags": {}, "order": 2, "mode": 0, "inputs": [{"name": "pipe", "type": "PIPE_LINE", "link": 1}, {"name": "optional_model", "type": "MODEL", "link": null}, {"name": "optional_positive", "type": "CONDITIONING", "link": null}, {"name": "optional_negative", "type": "CONDITIONING", "link": null}, {"name": "optional_latent", "type": "LATENT", "link": null}, {"name": "optional_vae", "type": "VAE", "link": null}, {"name": "optional_clip", "type": "CLIP", "link": null}, {"name": "xyPlot", "type": "XYPLOT", "link": null, "slot_index": 7}], "outputs": [{"name": "pipe", "type": "PIPE_LINE", "links": [4], "shape": 3, "slot_index": 0}, {"name": "model", "type": "MODEL", "links": null, "shape": 3}, {"name": "positive", "type": "CONDITIONING", "links": null, "shape": 3}, {"name": "negative", "type": "CONDITIONING", "links": null, "shape": 3}, {"name": "latent", "type": "LATENT", "links": null, "shape": 3}, {"name": "vae", "type": "VAE", "links": null, "shape": 3}, {"name": "clip", "type": "CLIP", "links": null, "shape": 3}, {"name": "image", "type": "IMAGE", "links": [], "shape": 3, "slot_index": 7}, {"name": "seed", "type": "INT", "links": null, "shape": 3}], "properties": {"Node name for S&R": "ttN pipeKSamplerAdvanced"}, "widgets_values": ["EkunePOVFellatioV2.safetensors", 1, 1, "None", 2, "disabled", "Sample", "enable", 50, 8, "dpmpp_3m_sde_gpu", "karras", 0, 10000, "disable", "Preview", "ComfyUI", 13165324733666, "fixed"]}, {"id": 3, "type": "SaveImage", "pos": [1632, -96], "size": [960, 1024], "flags": {}, "order": 6, "mode": 0, "inputs": [{"name": "images", "type": "IMAGE", "link": 7}], "properties": {}, "widgets_values": ["ComfyUI"]}, {"id": 6, "type": "ttN pipeKSamplerAdvanced", "pos": [1184, 32], "size": [320, 832], "flags": {}, "order": 4, "mode": 0, "inputs": [{"name": "pipe", "type": "PIPE_LINE", "link": 6}, {"name": "optional_model", "type": "MODEL", "link": null}, {"name": "optional_positive", "type": "CONDITIONING", "link": null}, {"name": "optional_negative", "type": "CONDITIONING", "link": null}, {"name": "optional_latent", "type": "LATENT", "link": null}, {"name": "optional_vae", "type": "VAE", "link": null}, {"name": "optional_clip", "type": "CLIP", "link": null}, {"name": "xyPlot", "type": "XYPLOT", "link": null}], "outputs": [{"name": "pipe", "type": "PIPE_LINE", "links": [], "shape": 3, "slot_index": 0}, {"name": "model", "type": "MODEL", "links": null, "shape": 3}, {"name": "positive", "type": "CONDITIONING", "links": null, "shape": 3}, {"name": "negative", "type": "CONDITIONING", "links": null, "shape": 3, "slot_index": 3}, {"name": "latent", "type": "LATENT", "links": [28], "shape": 3, "slot_index": 4}, {"name": "vae", "type": "VAE", "links": null, "shape": 3}, {"name": "clip", "type": "CLIP", "links": null, "shape": 3}, {"name": "image", "type": "IMAGE", "links": [7], "shape": 3, "slot_index": 7}, {"name": "seed", "type": "INT", "links": null, "shape": 3, "slot_index": 8}], "properties": {"Node name for S&R": "ttN pipeKSamplerAdvanced", "ttNnodeVersion": "1.0.4"}, "widgets_values": ["add_detail.safetensors", 0.5, 1, "nearest-exact", 1.3, "disabled", "Sample", "enable", 25, 8, "dpmpp_3m_sde_gpu", "karras", 13, 10000, "disable", "Preview", "ComfyUI", 13287248725, "fixed"]}, {"id": 10, "type": "ttN pipeLoader", "pos": [864, 960], "size": [416, 1024], "flags": {}, "order": 1, "mode": 0, "inputs": [{"name": "optional_clip", "type": "CLIP", "link": null}], "outputs": [{"name": "pipe", "type": "PIPE_LINE", "links": [18], "shape": 3, "slot_index": 0}, {"name": "model", "type": "MODEL", "links": null, "shape": 3}, {"name": "positive", "type": "CONDITIONING", "links": [], "shape": 3, "slot_index": 2}, {"name": "negative", "type": "CONDITIONING", "links": null, "shape": 3}, {"name": "latent", "type": "LATENT", "links": null, "shape": 3, "slot_index": 4}, {"name": "vae", "type": "VAE", "links": null, "shape": 3}, {"name": "clip", "type": "CLIP", "links": null, "shape": 3}, {"name": "seed", "type": "INT", "links": null, "shape": 3}], "properties": {"Node name for S&R": "ttN pipeLoader", "ttNnodeVersion": "1.0.3"}, "widgets_values": ["mistoonAnime_v20.safetensors", "anythingKlF8Anime2VaeFtMse840000_klF8Anime2.safetensors", -2, "add_detail.safetensors", 1.02, 1.03, "EkunePOVFellatioV2.safetensors", 1.27, 1, "None", 1, 1, "a sexy young girl. gorgeous, small waist, stunning, hot girl, pornstar, angela white, glowing eyes, arched back, thong underwear, seductive, meru the succubus,\na sexy nude girl (ass over shoulder:0.8), wearing sexy pajamas, glowing, (artstation:0.01), (wide hips:1.025), (wedgie:0.2), (thong:0.4), (cleavage:0.65), (resting her head on her hand:0.4), (bored:0.75), (tight panties:0.65), (victorias secret:0.4), opaque robe, sucking, deepthroat, dripping, saliva, (fellatio:1.2), (cum:1.4), dripping, wet, (bukkake:1.3)", "none", "comfy", "ugly, hideous", "none", "comfy", 512, 512, 1, 0, "fixed"]}, {"id": 9, "type": "ttN pipeKSamplerAdvanced", "pos": [1344, 960], "size": [320, 832], "flags": {}, "order": 5, "mode": 0, "inputs": [{"name": "pipe", "type": "PIPE_LINE", "link": 18}, {"name": "optional_model", "type": "MODEL", "link": null, "slot_index": 1}, {"name": "optional_positive", "type": "CONDITIONING", "link": null}, {"name": "optional_negative", "type": "CONDITIONING", "link": null}, {"name": "optional_latent", "type": "LATENT", "link": 28}, {"name": "optional_vae", "type": "VAE", "link": null}, {"name": "optional_clip", "type": "CLIP", "link": null}, {"name": "xyPlot", "type": "XYPLOT", "link": null}], "outputs": [{"name": "pipe", "type": "PIPE_LINE", "links": null, "shape": 3}, {"name": "model", "type": "MODEL", "links": null, "shape": 3}, {"name": "positive", "type": "CONDITIONING", "links": null, "shape": 3}, {"name": "negative", "type": "CONDITIONING", "links": null, "shape": 3}, {"name": "latent", "type": "LATENT", "links": null, "shape": 3}, {"name": "vae", "type": "VAE", "links": null, "shape": 3}, {"name": "clip", "type": "CLIP", "links": null, "shape": 3}, {"name": "image", "type": "IMAGE", "links": [27], "shape": 3, "slot_index": 7}, {"name": "seed", "type": "INT", "links": null, "shape": 3}], "properties": {"Node name for S&R": "ttN pipeKSamplerAdvanced"}, "widgets_values": ["None", 0.98, 0.99, "None", 1.2000000000000002, "disabled", "Sample", "enable", 25, 8, "dpmpp_3m_sde_gpu", "karras", 10, 10000, "disable", "Preview", "ComfyUI", 783112455731842, "fixed"]}, {"id": 16, "type": "SaveImage", "pos": [1728, 992], "size": [832, 800], "flags": {}, "order": 7, "mode": 0, "inputs": [{"name": "images", "type": "IMAGE", "link": 27}], "properties": {}, "widgets_values": ["ComfyUI"]}], "links": [[1, 1, 0, 2, 0, "PIPE_LINE"], [4, 2, 0, 5, 0, "PIPE_LINE"], [6, 5, 0, 6, 0, "PIPE_LINE"], [7, 6, 7, 3, 0, "IMAGE"], [18, 10, 0, 9, 0, "PIPE_LINE"], [27, 9, 7, 16, 0, "IMAGE"], [28, 6, 4, 9, 4, "LATENT"]], "groups": [], "config": {}, "extra": {}, "version": 0.4}