{"last_node_id": 15, "last_link_id": 39, "nodes": [{"id": 1, "type": "CheckpointLoaderSimple", "pos": [-1075, 48], "size": {"0": 315, "1": 98}, "flags": {}, "order": 0, "mode": 0, "outputs": [{"name": "MODEL", "type": "MODEL", "links": [26], "shape": 3, "slot_index": 0}, {"name": "CLIP", "type": "CLIP", "links": [27], "shape": 3, "slot_index": 1}, {"name": "VAE", "type": "VAE", "links": [9], "shape": 3}], "properties": {"Node name for S&R": "CheckpointLoaderSimple"}, "widgets_values": ["serenexl_v15.safetensors"]}, {"id": 5, "type": "EmptyLatentImage", "pos": [-331, 227], "size": {"0": 315, "1": 106}, "flags": {}, "order": 1, "mode": 0, "outputs": [{"name": "LATENT", "type": "LATENT", "links": [6], "shape": 3}], "properties": {"Node name for S&R": "EmptyLatentImage"}, "widgets_values": [1024, 1024, 1]}, {"id": 11, "type": "LoraLoader", "pos": [-688, 48], "size": {"0": 315, "1": 126}, "flags": {}, "order": 3, "mode": 0, "inputs": [{"name": "model", "type": "MODEL", "link": 26}, {"name": "clip", "type": "CLIP", "link": 27}], "outputs": [{"name": "MODEL", "type": "MODEL", "links": [28], "shape": 3}, {"name": "CLIP", "type": "CLIP", "links": [29], "shape": 3}], "properties": {"Node name for S&R": "LoraLoader"}, "widgets_values": ["FaeTastic2.safetensors", 0.4, 1]}, {"id": 8, "type": "LoraLoader", "pos": [-316, 48], "size": {"0": 315, "1": 126}, "flags": {}, "order": 4, "mode": 0, "inputs": [{"name": "model", "type": "MODEL", "link": 28}, {"name": "clip", "type": "CLIP", "link": 29}], "outputs": [{"name": "MODEL", "type": "MODEL", "links": [12, 30], "shape": 3, "slot_index": 0}, {"name": "CLIP", "type": "CLIP", "links": [13, 14], "shape": 3}], "properties": {"Node name for S&R": "LoraLoader"}, "widgets_values": ["Chrome_Tech_XL.safetensors", 0.6, 1]}, {"id": 4, "type": "CLIPTextEncode", "pos": [80, 280], "size": {"0": 400, "1": 200}, "flags": {}, "order": 6, "mode": 0, "inputs": [{"name": "clip", "type": "CLIP", "link": 14}], "outputs": [{"name": "CONDITIONING", "type": "CONDITIONING", "links": [4, 32], "shape": 3, "slot_index": 0}], "properties": {"Node name for S&R": "CLIPTextEncode"}, "widgets_values": ["old, nerdy, ugly, obese, alien, grandma, wrinkles"]}, {"id": 13, "type": "LatentUpscaleBy", "pos": [510, -71], "size": {"0": 315, "1": 82}, "flags": {}, "order": 8, "mode": 0, "inputs": [{"name": "samples", "type": "LATENT", "link": 34}], "outputs": [{"name": "LATENT", "type": "LATENT", "links": [36], "shape": 3, "slot_index": 0}], "properties": {"Node name for S&R": "LatentUpscaleBy"}, "widgets_values": ["nearest-exact", 1.5]}, {"id": 12, "type": "KSamplerAdvanced", "pos": [849, 46], "size": {"0": 315, "1": 546}, "flags": {}, "order": 9, "mode": 0, "inputs": [{"name": "model", "type": "MODEL", "link": 30}, {"name": "positive", "type": "CONDITIONING", "link": 31}, {"name": "negative", "type": "CONDITIONING", "link": 32}, {"name": "latent_image", "type": "LATENT", "link": 36, "slot_index": 3}], "outputs": [{"name": "LATENT", "type": "LATENT", "links": [35], "shape": 3, "slot_index": 0}], "properties": {"Node name for S&R": "KSamplerAdvanced"}, "widgets_values": ["enable", 528500513832484, "fixed", 32, 5, "dpmpp_2m_sde", "karras", 13, 10000, "disable"]}, {"id": 6, "type": "VAEDecode", "pos": [952, -42], "size": {"0": 210, "1": 46}, "flags": {}, "order": 10, "mode": 0, "inputs": [{"name": "samples", "type": "LATENT", "link": 35}, {"name": "vae", "type": "VAE", "link": 9, "slot_index": 1}], "outputs": [{"name": "IMAGE", "type": "IMAGE", "links": [38], "shape": 3, "slot_index": 0}], "properties": {"Node name for S&R": "VAEDecode"}}, {"id": 7, "type": "SaveImage", "pos": [1181, -42], "size": {"0": 748.1336059570312, "1": 800.0761108398438}, "flags": {}, "order": 12, "mode": 0, "inputs": [{"name": "images", "type": "IMAGE", "link": 39}], "properties": {}, "widgets_values": ["ComfyUI"]}, {"id": 15, "type": "ImageUpscaleWithModel", "pos": [933, -130], "size": {"0": 241.79998779296875, "1": 46}, "flags": {}, "order": 11, "mode": 0, "inputs": [{"name": "upscale_model", "type": "UPSCALE_MODEL", "link": 37}, {"name": "image", "type": "IMAGE", "link": 38, "slot_index": 1}], "outputs": [{"name": "IMAGE", "type": "IMAGE", "links": [39], "shape": 3, "slot_index": 0}], "properties": {"Node name for S&R": "ImageUpscaleWithModel"}}, {"id": 14, "type": "UpscaleModelLoader", "pos": [887, -231], "size": {"0": 315, "1": 58}, "flags": {}, "order": 2, "mode": 0, "outputs": [{"name": "UPSCALE_MODEL", "type": "UPSCALE_MODEL", "links": [37], "shape": 3, "slot_index": 0}], "properties": {"Node name for S&R": "UpscaleModelLoader"}, "widgets_values": ["4x-UltraSharp.pth"]}, {"id": 2, "type": "KSamplerAdvanced", "pos": [510, 50], "size": {"0": 315, "1": 546}, "flags": {}, "order": 7, "mode": 0, "inputs": [{"name": "model", "type": "MODEL", "link": 12}, {"name": "positive", "type": "CONDITIONING", "link": 5}, {"name": "negative", "type": "CONDITIONING", "link": 4}, {"name": "latent_image", "type": "LATENT", "link": 6, "slot_index": 3}], "outputs": [{"name": "LATENT", "type": "LATENT", "links": [34], "shape": 3, "slot_index": 0}], "properties": {"Node name for S&R": "KSamplerAdvanced"}, "widgets_values": ["enable", 528500513832813, "fixed", 32, 5, "dpmpp_2m_sde", "karras", 0, 10000, "disable"]}, {"id": 3, "type": "CLIPTextEncode", "pos": [70, 40], "size": {"0": 400, "1": 200}, "flags": {}, "order": 5, "mode": 0, "inputs": [{"name": "clip", "type": "CLIP", "link": 13}], "outputs": [{"name": "CONDITIONING", "type": "CONDITIONING", "links": [5, 31], "shape": 3, "slot_index": 0}], "properties": {"Node name for S&R": "CLIPTextEncode"}, "widgets_values": ["chrometech a lush terrarium aquarium. On a desk in a cozy home office"]}], "links": [[4, 4, 0, 2, 2, "CONDITIONING"], [5, 3, 0, 2, 1, "CONDITIONING"], [6, 5, 0, 2, 3, "LATENT"], [9, 1, 2, 6, 1, "VAE"], [12, 8, 0, 2, 0, "MODEL"], [13, 8, 1, 3, 0, "CLIP"], [14, 8, 1, 4, 0, "CLIP"], [26, 1, 0, 11, 0, "MODEL"], [27, 1, 1, 11, 1, "CLIP"], [28, 11, 0, 8, 0, "MODEL"], [29, 11, 1, 8, 1, "CLIP"], [30, 8, 0, 12, 0, "MODEL"], [31, 3, 0, 12, 1, "CONDITIONING"], [32, 4, 0, 12, 2, "CONDITIONING"], [34, 2, 0, 13, 0, "LATENT"], [35, 12, 0, 6, 0, "LATENT"], [36, 13, 0, 12, 3, "LATENT"], [37, 14, 0, 15, 0, "UPSCALE_MODEL"], [38, 6, 0, 15, 1, "IMAGE"], [39, 15, 0, 7, 0, "IMAGE"]], "groups": [], "config": {}, "extra": {}, "version": 0.4}