{"last_node_id": 7, "last_link_id": 9, "nodes": [{"id": 3, "type": "CLIPTextEncode", "pos": [358, 45], "size": {"0": 400, "1": 200}, "flags": {}, "order": 2, "mode": 0, "inputs": [{"name": "clip", "type": "CLIP", "link": 2}], "outputs": [{"name": "CONDITIONING", "type": "CONDITIONING", "links": [3], "shape": 3, "slot_index": 0}], "properties": {"Node name for S&R": "CLIPTextEncode"}, "widgets_values": ["a sexy girl in a comic style, high quality, sharp lines"]}, {"id": 4, "type": "CLIPTextEncode", "pos": [360, 289], "size": {"0": 400, "1": 200}, "flags": {}, "order": 3, "mode": 0, "inputs": [{"name": "clip", "type": "CLIP", "link": 4}], "outputs": [{"name": "CONDITIONING", "type": "CONDITIONING", "links": [5], "shape": 3, "slot_index": 0}], "properties": {"Node name for S&R": "CLIPTextEncode"}, "widgets_values": [""]}, {"id": 6, "type": "VAEDecode", "pos": [888, -50], "size": {"0": 210, "1": 46}, "flags": {}, "order": 5, "mode": 0, "inputs": [{"name": "samples", "type": "LATENT", "link": 8}, {"name": "vae", "type": "VAE", "link": 7}], "outputs": [{"name": "IMAGE", "type": "IMAGE", "links": [9], "shape": 3, "slot_index": 0}], "properties": {"Node name for S&R": "VAEDecode"}}, {"id": 7, "type": "SaveImage", "pos": [1152, 40], "size": {"0": 576.091064453125, "1": 562.1431884765625}, "flags": {}, "order": 6, "mode": 0, "inputs": [{"name": "images", "type": "IMAGE", "link": 9}], "properties": {}, "widgets_values": ["ComfyUI"]}, {"id": 5, "type": "EmptyLatentImage", "pos": [403, 542], "size": {"0": 315, "1": 106}, "flags": {}, "order": 0, "mode": 0, "outputs": [{"name": "LATENT", "type": "LATENT", "links": [6], "shape": 3}], "properties": {"Node name for S&R": "EmptyLatentImage"}, "widgets_values": [512, 512, 1]}, {"id": 1, "type": "CheckpointLoaderSimple", "pos": [16, 45], "size": {"0": 315, "1": 98}, "flags": {}, "order": 1, "mode": 0, "outputs": [{"name": "MODEL", "type": "MODEL", "links": [1], "shape": 3, "slot_index": 0}, {"name": "CLIP", "type": "CLIP", "links": [2, 4], "shape": 3, "slot_index": 1}, {"name": "VAE", "type": "VAE", "links": [7], "shape": 3, "slot_index": 2}], "properties": {"Node name for S&R": "CheckpointLoaderSimple"}, "widgets_values": ["foolkatGODOF_v3.safetensors"]}, {"id": 2, "type": "KSamplerAdvanced", "pos": [822, 40], "size": {"0": 315, "1": 546}, "flags": {}, "order": 4, "mode": 0, "inputs": [{"name": "model", "type": "MODEL", "link": 1}, {"name": "positive", "type": "CONDITIONING", "link": 3}, {"name": "negative", "type": "CONDITIONING", "link": 5}, {"name": "latent_image", "type": "LATENT", "link": 6, "slot_index": 3}], "outputs": [{"name": "LATENT", "type": "LATENT", "links": [8], "shape": 3, "slot_index": 0}], "properties": {"Node name for S&R": "KSamplerAdvanced"}, "widgets_values": ["enable", 1098388351686008, "fixed", 20, 8, "dpmpp_3m_sde_gpu", "karras", 0, 10000, "disable"]}], "links": [[1, 1, 0, 2, 0, "MODEL"], [2, 1, 1, 3, 0, "CLIP"], [3, 3, 0, 2, 1, "CONDITIONING"], [4, 1, 1, 4, 0, "CLIP"], [5, 4, 0, 2, 2, "CONDITIONING"], [6, 5, 0, 2, 3, "LATENT"], [7, 1, 2, 6, 1, "VAE"], [8, 2, 0, 6, 0, "LATENT"], [9, 6, 0, 7, 0, "IMAGE"]], "groups": [], "config": {}, "extra": {}, "version": 0.4}