{"last_node_id": 51, "last_link_id": 118, "nodes": [{"id": 23, "type": "VAEDecode", "pos": [1506, -186], "size": {"0": 210, "1": 46}, "flags": {}, "order": 20, "mode": 0, "inputs": [{"name": "samples", "type": "LATENT", "link": 56}, {"name": "vae", "type": "VAE", "link": 37, "slot_index": 1}], "outputs": [{"name": "IMAGE", "type": "IMAGE", "links": [], "shape": 3, "slot_index": 0}], "properties": {"Node name for S&R": "VAEDecode"}}, {"id": 8, "type": "VAEDecode", "pos": [926, 180], "size": {"0": 210, "1": 46}, "flags": {}, "order": 14, "mode": 0, "inputs": [{"name": "samples", "type": "LATENT", "link": 45}, {"name": "vae", "type": "VAE", "link": 15}], "outputs": [{"name": "IMAGE", "type": "IMAGE", "links": [17], "shape": 3, "slot_index": 0}], "properties": {"Node name for S&R": "VAEDecode"}}, {"id": 22, "type": "SaveImage", "pos": [935, -481], "size": {"0": 480.05059814453125, "1": 533.3143310546875}, "flags": {}, "order": 19, "mode": 0, "inputs": [{"name": "images", "type": "IMAGE", "link": 33}], "properties": {}, "widgets_values": ["ComfyUI"]}, {"id": 20, "type": "VAEDecode", "pos": [662, -516], "size": {"0": 210, "1": 46}, "flags": {}, "order": 16, "mode": 0, "inputs": [{"name": "samples", "type": "LATENT", "link": 52}, {"name": "vae", "type": "VAE", "link": 34, "slot_index": 1}], "outputs": [{"name": "IMAGE", "type": "IMAGE", "links": [33], "shape": 3, "slot_index": 0}], "properties": {"Node name for S&R": "VAEDecode"}}, {"id": 36, "type": "ConditioningCombine", "pos": [1332, -824], "size": {"0": 342.5999755859375, "1": 46}, "flags": {}, "order": 12, "mode": 0, "inputs": [{"name": "conditioning_1", "type": "CONDITIONING", "link": 86}, {"name": "conditioning_2", "type": "CONDITIONING", "link": 67}], "outputs": [{"name": "CONDITIONING", "type": "CONDITIONING", "links": [], "shape": 3, "slot_index": 0}], "properties": {"Node name for S&R": "ConditioningCombine"}}, {"id": 40, "type": "ConditioningConcat", "pos": [1329, -736], "size": {"0": 380.4000244140625, "1": 46}, "flags": {}, "order": 13, "mode": 0, "inputs": [{"name": "conditioning_to", "type": "CONDITIONING", "link": 87}, {"name": "conditioning_from", "type": "CONDITIONING", "link": 88}], "outputs": [{"name": "CONDITIONING", "type": "CONDITIONING", "links": [], "shape": 3, "slot_index": 0}], "properties": {"Node name for S&R": "ConditioningConcat"}}, {"id": 5, "type": "CLIPTextEncode", "pos": [160, 89], "size": {"0": 400, "1": 200}, "flags": {}, "order": 7, "mode": 0, "inputs": [{"name": "clip", "type": "CLIP", "link": 114}], "outputs": [{"name": "CONDITIONING", "type": "CONDITIONING", "links": [5, 67, 87, 97], "shape": 3, "slot_index": 0}], "properties": {"Node name for S&R": "CLIPTextEncode"}, "widgets_values": ["A sexy pirate on a creepy pirate ship, big breasts, big boobs, hot babe. Emerald canopy, tangled lianas, misty air, exotic orchids, elusive jaguars, cacophonous parrots, fern-cloaked floor, damp moss, vibrant bromeliads, gnarled roots, torrential raindrops, labyrinthine undergrowth, nocturnal fireflies, impenetrable darkness, towering mahogany, dense foliage, murmuring streams. 4k, RAW, Focal, Sharp focus, photograph, photo. cleavage, black dress, short dress, wide hips, big ass, sundress, sci fi, sexy big boobs, pornstar, victorias secret"]}, {"id": 16, "type": "CLIPTextEncode", "pos": [169, -449], "size": {"0": 400, "1": 200}, "flags": {}, "order": 8, "mode": 0, "inputs": [{"name": "clip", "type": "CLIP", "link": 115}], "outputs": [{"name": "CONDITIONING", "type": "CONDITIONING", "links": [48, 78, 86, 88], "shape": 3, "slot_index": 0}], "properties": {"Node name for S&R": "CLIPTextEncode"}, "widgets_values": ["a beautiful ocean scene, clear water, ocean plants, coral, koi fish in the background. masterpiece, artstation, futuristic, digital art, intricate, detailed"]}, {"id": 28, "type": "KSamplerAdvanced", "pos": [1835, -471], "size": {"0": 315, "1": 546}, "flags": {}, "order": 18, "mode": 0, "inputs": [{"name": "model", "type": "MODEL", "link": 57, "slot_index": 0}, {"name": "positive", "type": "CONDITIONING", "link": 95}, {"name": "negative", "type": "CONDITIONING", "link": 55, "slot_index": 2}, {"name": "latent_image", "type": "LATENT", "link": 93}], "outputs": [{"name": "LATENT", "type": "LATENT", "links": [56, 99], "shape": 3, "slot_index": 0}], "properties": {"Node name for S&R": "KSamplerAdvanced"}, "widgets_values": ["disable", 636777315493323, "fixed", 25, 7, "euler_ancestral", "normal", 10, 10000, "disable"]}, {"id": 44, "type": "LatentUpscale", "pos": [2169, -468], "size": {"0": 315, "1": 130}, "flags": {}, "order": 21, "mode": 0, "inputs": [{"name": "samples", "type": "LATENT", "link": 99}], "outputs": [{"name": "LATENT", "type": "LATENT", "links": [100], "shape": 3, "slot_index": 0}], "properties": {"Node name for S&R": "LatentUpscale"}, "widgets_values": ["nearest-exact", 2048, 1536, "disabled"]}, {"id": 4, "type": "CLIPTextEncode", "pos": [158, 358], "size": {"0": 400, "1": 200}, "flags": {}, "order": 5, "mode": 0, "inputs": [{"name": "clip", "type": "CLIP", "link": 2}], "outputs": [{"name": "CONDITIONING", "type": "CONDITIONING", "links": [6, 49, 55, 107], "shape": 3, "slot_index": 0}], "properties": {"Node name for S&R": "CLIPTextEncode"}, "widgets_values": ["worst quality, normal quality, low quality, low res, blurry, text, watermark, logo, banner, extra digits, cropped, jpeg artifacts, signature, username, error, sketch ,duplicate, ugly, monochrome, horror, geometry, mutation, disgusting"]}, {"id": 46, "type": "VAEDecode", "pos": [2583, 63], "size": {"0": 210, "1": 46}, "flags": {}, "order": 23, "mode": 0, "inputs": [{"name": "samples", "type": "LATENT", "link": 101}, {"name": "vae", "type": "VAE", "link": 105}], "outputs": [{"name": "IMAGE", "type": "IMAGE", "links": [109], "shape": 3, "slot_index": 0}], "properties": {"Node name for S&R": "VAEDecode"}}, {"id": 49, "type": "UpscaleModelLoader", "pos": [2532, 156], "size": {"0": 315, "1": 58}, "flags": {}, "order": 0, "mode": 0, "outputs": [{"name": "UPSCALE_MODEL", "type": "UPSCALE_MODEL", "links": [108], "shape": 3}], "properties": {"Node name for S&R": "UpscaleModelLoader"}, "widgets_values": ["2x-Bubble-AnimeScale-SwinIR-Small-v1.pth"]}, {"id": 48, "type": "ImageUpscaleWithModel", "pos": [2559, 251], "size": {"0": 241.79998779296875, "1": 46}, "flags": {}, "order": 24, "mode": 0, "inputs": [{"name": "upscale_model", "type": "UPSCALE_MODEL", "link": 108, "slot_index": 0}, {"name": "image", "type": "IMAGE", "link": 109}], "outputs": [{"name": "IMAGE", "type": "IMAGE", "links": [110], "shape": 3, "slot_index": 0}], "properties": {"Node name for S&R": "ImageUpscaleWithModel"}}, {"id": 24, "type": "SaveImage", "pos": [2946, -575], "size": {"0": 1728.402587890625, "1": 1367.4197998046875}, "flags": {}, "order": 25, "mode": 0, "inputs": [{"name": "images", "type": "IMAGE", "link": 110}], "properties": {}, "widgets_values": ["ComfyUI"]}, {"id": 12, "type": "SaveImage", "pos": [1216, 192], "size": {"0": 275.1568908691406, "1": 321.640380859375}, "flags": {}, "order": 17, "mode": 0, "inputs": [{"name": "images", "type": "IMAGE", "link": 17}], "properties": {}, "widgets_values": ["ComfyUI"]}, {"id": 47, "type": "CheckpointLoaderSimple", "pos": [1770, -694], "size": {"0": 315, "1": 98}, "flags": {}, "order": 1, "mode": 0, "outputs": [{"name": "MODEL", "type": "MODEL", "links": [], "shape": 3, "slot_index": 0}, {"name": "CLIP", "type": "CLIP", "links": [], "shape": 3, "slot_index": 1}, {"name": "VAE", "type": "VAE", "links": [105], "shape": 3, "slot_index": 2}], "properties": {"Node name for S&R": "CheckpointLoaderSimple"}, "widgets_values": ["aZovyaRPGArtistTools_v3VAE.safetensors"]}, {"id": 50, "type": "LoraLoader", "pos": [46, -802], "size": {"0": 315, "1": 126}, "flags": {}, "order": 6, "mode": 0, "inputs": [{"name": "model", "type": "MODEL", "link": 113}, {"name": "clip", "type": "CLIP", "link": 112}], "outputs": [{"name": "MODEL", "type": "MODEL", "links": [116, 117, 118], "shape": 3, "slot_index": 0}, {"name": "CLIP", "type": "CLIP", "links": [114, 115], "shape": 3, "slot_index": 1}], "properties": {"Node name for S&R": "LoraLoader"}, "widgets_values": ["more_details.safetensors", 1, 1]}, {"id": 41, "type": "ConditioningAverage ", "pos": [1318, -633], "size": {"0": 380.4000244140625, "1": 78}, "flags": {}, "order": 11, "mode": 0, "inputs": [{"name": "conditioning_to", "type": "CONDITIONING", "link": 78}, {"name": "conditioning_from", "type": "CONDITIONING", "link": 97}], "outputs": [{"name": "CONDITIONING", "type": "CONDITIONING", "links": [95, 106], "shape": 3, "slot_index": 0}], "properties": {"Node name for S&R": "ConditioningAverage "}, "widgets_values": [0.32000000000000023]}, {"id": 18, "type": "EmptyLatentImage", "pos": [-74, -194], "size": {"0": 315, "1": 106}, "flags": {}, "order": 2, "mode": 0, "outputs": [{"name": "LATENT", "type": "LATENT", "links": [50], "shape": 3, "slot_index": 0}], "properties": {"Node name for S&R": "EmptyLatentImage"}, "widgets_values": [1024, 768, 1]}, {"id": 6, "type": "EmptyLatentImage", "pos": [-553, 347], "size": {"0": 315, "1": 106}, "flags": {}, "order": 3, "mode": 0, "outputs": [{"name": "LATENT", "type": "LATENT", "links": [7], "shape": 3, "slot_index": 0}], "properties": {"Node name for S&R": "EmptyLatentImage"}, "widgets_values": [512, 768, 1]}, {"id": 19, "type": "LatentComposite", "pos": [1467, -366], "size": {"0": 315, "1": 126}, "flags": {}, "order": 15, "mode": 0, "inputs": [{"name": "samples_to", "type": "LATENT", "link": 51}, {"name": "samples_from", "type": "LATENT", "link": 94}], "outputs": [{"name": "LATENT", "type": "LATENT", "links": [93], "shape": 3, "slot_index": 0}], "properties": {"Node name for S&R": "LatentComposite"}, "widgets_values": [256, 0, 64]}, {"id": 1, "type": "KSamplerAdvanced", "pos": [595, 170], "size": {"0": 315, "1": 546}, "flags": {}, "order": 9, "mode": 0, "inputs": [{"name": "model", "type": "MODEL", "link": 117}, {"name": "positive", "type": "CONDITIONING", "link": 5}, {"name": "negative", "type": "CONDITIONING", "link": 6}, {"name": "latent_image", "type": "LATENT", "link": 7, "slot_index": 3}], "outputs": [{"name": "LATENT", "type": "LATENT", "links": [45, 94], "shape": 3, "slot_index": 0}], "properties": {"Node name for S&R": "KSamplerAdvanced"}, "widgets_values": ["enable", 985210, "fixed", 25, 8, "euler_ancestral", "normal", 0, 10, "enable"]}, {"id": 45, "type": "KSampler", "pos": [2525, -473], "size": {"0": 315, "1": 474}, "flags": {}, "order": 22, "mode": 0, "inputs": [{"name": "model", "type": "MODEL", "link": 118}, {"name": "positive", "type": "CONDITIONING", "link": 106}, {"name": "negative", "type": "CONDITIONING", "link": 107}, {"name": "latent_image", "type": "LATENT", "link": 100}], "outputs": [{"name": "LATENT", "type": "LATENT", "links": [101], "shape": 3, "slot_index": 0}], "properties": {"Node name for S&R": "KSampler"}, "widgets_values": [98465163, "fixed", 20, 8, "euler", "normal", 0.39999999999999947]}, {"id": 27, "type": "KSamplerAdvanced", "pos": [596, -429], "size": {"0": 315, "1": 546}, "flags": {}, "order": 10, "mode": 0, "inputs": [{"name": "model", "type": "MODEL", "link": 116, "slot_index": 0}, {"name": "positive", "type": "CONDITIONING", "link": 48}, {"name": "negative", "type": "CONDITIONING", "link": 49, "slot_index": 2}, {"name": "latent_image", "type": "LATENT", "link": 50, "slot_index": 3}], "outputs": [{"name": "LATENT", "type": "LATENT", "links": [51, 52], "shape": 3, "slot_index": 0}], "properties": {"Node name for S&R": "KSamplerAdvanced"}, "widgets_values": ["enable", 64652044, "fixed", 25, 8, "euler_ancestral", "normal", 0, 10, "enable"]}, {"id": 3, "type": "CheckpointLoaderSimple", "pos": [-563, 192], "size": {"0": 315, "1": 98}, "flags": {}, "order": 4, "mode": 0, "outputs": [{"name": "MODEL", "type": "MODEL", "links": [57, 113], "shape": 3, "slot_index": 0}, {"name": "CLIP", "type": "CLIP", "links": [2, 112], "shape": 3, "slot_index": 1}, {"name": "VAE", "type": "VAE", "links": [15, 34, 37], "shape": 3, "slot_index": 2}], "properties": {"Node name for S&R": "CheckpointLoaderSimple"}, "widgets_values": ["aZovyaRPGArtistTools_v3VAE.safetensors"]}], "links": [[2, 3, 1, 4, 0, "CLIP"], [5, 5, 0, 1, 1, "CONDITIONING"], [6, 4, 0, 1, 2, "CONDITIONING"], [7, 6, 0, 1, 3, "LATENT"], [15, 3, 2, 8, 1, "VAE"], [17, 8, 0, 12, 0, "IMAGE"], [33, 20, 0, 22, 0, "IMAGE"], [34, 3, 2, 20, 1, "VAE"], [37, 3, 2, 23, 1, "VAE"], [45, 1, 0, 8, 0, "LATENT"], [48, 16, 0, 27, 1, "CONDITIONING"], [49, 4, 0, 27, 2, "CONDITIONING"], [50, 18, 0, 27, 3, "LATENT"], [51, 27, 0, 19, 0, "LATENT"], [52, 27, 0, 20, 0, "LATENT"], [55, 4, 0, 28, 2, "CONDITIONING"], [56, 28, 0, 23, 0, "LATENT"], [57, 3, 0, 28, 0, "MODEL"], [67, 5, 0, 36, 1, "CONDITIONING"], [78, 16, 0, 41, 0, "CONDITIONING"], [86, 16, 0, 36, 0, "CONDITIONING"], [87, 5, 0, 40, 0, "CONDITIONING"], [88, 16, 0, 40, 1, "CONDITIONING"], [93, 19, 0, 28, 3, "LATENT"], [94, 1, 0, 19, 1, "LATENT"], [95, 41, 0, 28, 1, "CONDITIONING"], [97, 5, 0, 41, 1, "CONDITIONING"], [99, 28, 0, 44, 0, "LATENT"], [100, 44, 0, 45, 3, "LATENT"], [101, 45, 0, 46, 0, "LATENT"], [105, 47, 2, 46, 1, "VAE"], [106, 41, 0, 45, 1, "CONDITIONING"], [107, 4, 0, 45, 2, "CONDITIONING"], [108, 49, 0, 48, 0, "UPSCALE_MODEL"], [109, 46, 0, 48, 1, "IMAGE"], [110, 48, 0, 24, 0, "IMAGE"], [112, 3, 1, 50, 1, "CLIP"], [113, 3, 0, 50, 0, "MODEL"], [114, 50, 1, 5, 0, "CLIP"], [115, 50, 1, 16, 0, "CLIP"], [116, 50, 0, 27, 0, "MODEL"], [117, 50, 0, 1, 0, "MODEL"], [118, 50, 0, 45, 0, "MODEL"]], "groups": [], "config": {}, "extra": {}, "version": 0.4}