{"last_node_id": 233, "last_link_id": 410, "nodes": [{"id": 82, "type": "PrimitiveNode", "pos": [-4715.010881713343, 369.04541514660826], "size": {"0": 210, "1": 82}, "flags": {}, "order": 0, "mode": 0, "outputs": [{"name": "COMBO", "type": "yes,no", "links": [163], "slot_index": 0, "widget": {"name": "crop_if_required", "config": [["yes", "no"], {"default": "no"}]}}], "title": "Crop if required?", "properties": {}, "widgets_values": ["no", "fixed"], "color": "#322", "bgcolor": "#533"}, {"id": 87, "type": "PrimitiveNode", "pos": [-4714.010881713343, 130.04541514660872], "size": {"0": 210, "1": 82}, "flags": {}, "order": 1, "mode": 0, "outputs": [{"name": "INT", "type": "INT", "links": [167], "slot_index": 0, "widget": {"name": "min_height", "config": ["INT", {"default": 0, "min": 0}]}}], "title": "Min Height", "properties": {}, "widgets_values": [0, "fixed"], "color": "#432", "bgcolor": "#653"}, {"id": 86, "type": "PrimitiveNode", "pos": [-4494.010881713341, 130.04541514660872], "size": {"0": 210, "1": 82}, "flags": {}, "order": 2, "mode": 0, "outputs": [{"name": "INT", "type": "INT", "links": [166], "slot_index": 0, "widget": {"name": "min_width", "config": ["INT", {"default": 0, "min": 0}]}}], "title": "Min Width", "properties": {}, "widgets_values": [0, "fixed"], "color": "#432", "bgcolor": "#653"}, {"id": 96, "type": "Text Input Switch", "pos": [-3605.070134109378, 211.53630694697026], "size": {"0": 210, "1": 74}, "flags": {"collapsed": false}, "order": 52, "mode": 0, "inputs": [{"name": "boolean_number", "type": "NUMBER", "link": 176}, {"name": "text_a", "type": "STRING", "link": 206, "widget": {"name": "text_a", "config": ["STRING", {"forceInput": true}]}, "slot_index": 1}, {"name": "text_b", "type": "STRING", "link": 218, "widget": {"name": "text_b", "config": ["STRING", {"forceInput": true}]}, "slot_index": 2}], "outputs": [{"name": "STRING", "type": "STRING", "links": [217], "shape": 3, "slot_index": 0}], "title": "Result", "properties": {"Node name for S&R": "Text Input Switch"}, "widgets_values": ["", ""], "color": "#232", "bgcolor": "#353"}, {"id": 107, "type": "Reroute", "pos": [-4082.472083984375, 372.14574818420476], "size": [82, 26], "flags": {}, "order": 47, "mode": 0, "inputs": [{"name": "", "type": "*", "link": 190}], "outputs": [{"name": "IMAGE", "type": "IMAGE", "links": [191], "slot_index": 0}], "title": "Image Output", "properties": {"showOutputText": true, "horizontal": false}, "color": "#4861ac", "bgcolor": "#344d98", "shape": 2}, {"id": 144, "type": "Reroute", "pos": [-4235, 411], "size": [90.4, 26], "flags": {}, "order": 48, "mode": 0, "inputs": [{"name": "", "type": "*", "link": 362}], "outputs": [{"name": "LATENT", "type": "LATENT", "links": [230], "slot_index": 0}], "properties": {"showOutputText": true, "horizontal": false}, "color": "#ffb0ff", "bgcolor": "#ff9cf9"}, {"id": 118, "type": "Reroute", "pos": [-3292.070134109378, 353.5363069469707], "size": [90.4, 26], "flags": {}, "order": 54, "mode": 0, "inputs": [{"name": "", "type": "*", "link": 217}], "outputs": [{"name": "STRING", "type": "STRING", "links": [232], "slot_index": 0}], "properties": {"showOutputText": true, "horizontal": false}, "color": "#232", "bgcolor": "#353"}, {"id": 119, "type": "Reroute", "pos": [-3294.472083984375, 401.1457481842044], "size": [90.4, 26], "flags": {}, "order": 18, "mode": 0, "inputs": [{"name": "", "type": "*", "link": 200}], "outputs": [{"name": "STRING", "type": "STRING", "links": [233], "slot_index": 0}], "properties": {"showOutputText": true, "horizontal": false}, "color": "#322", "bgcolor": "#533"}, {"id": 145, "type": "Reroute", "pos": [-3155.468351562503, 449.662000328064], "size": [90.4, 26], "flags": {}, "order": 51, "mode": 0, "inputs": [{"name": "", "type": "*", "link": 230}], "outputs": [{"name": "LATENT", "type": "LATENT", "links": [231], "slot_index": 0}], "properties": {"showOutputText": true, "horizontal": false}, "color": "#ffb0ff", "bgcolor": "#ff9cf9"}, {"id": 148, "type": "PreviewImage", "pos": [-2548, 95], "size": {"0": 555.9815063476562, "1": 585.9673461914062}, "flags": {}, "order": 62, "mode": 0, "inputs": [{"name": "images", "type": "IMAGE", "link": 238}], "properties": {"Node name for S&R": "PreviewImage"}}, {"id": 60, "type": "VAEDecode", "pos": [-2916, 549], "size": {"0": 210, "1": 46}, "flags": {}, "order": 59, "mode": 0, "inputs": [{"name": "samples", "type": "LATENT", "link": 141}, {"name": "vae", "type": "VAE", "link": 242, "slot_index": 1}], "outputs": [{"name": "IMAGE", "type": "IMAGE", "links": [238], "shape": 3, "slot_index": 0}], "properties": {"Node name for S&R": "VAEDecode"}}, {"id": 117, "type": "ttN text", "pos": [-3714.3379453125, 507.32399874877933], "size": {"0": 376.8794860839844, "1": 222.10491943359375}, "flags": {}, "order": 3, "mode": 0, "outputs": [{"name": "text", "type": "STRING", "links": [200], "shape": 3, "slot_index": 0}], "properties": {"Node name for S&R": "ttN text", "ttNnodeVersion": "1.0.0"}, "widgets_values": ["worst quality, normal quality, low quality, low res, blurry, text, watermark, logo, banner, extra digits, cropped, jpeg artifacts, signature, username, error, sketch ,duplicate, ugly, monochrome, horror, geometry, mutation, disgusting, (embedding:bad_prompt_version2-neg:0.75), "], "color": "#322", "bgcolor": "#533"}, {"id": 146, "type": "Reroute", "pos": [-3153.468351562503, 353.662000328064], "size": [90.4, 26], "flags": {}, "order": 55, "mode": 0, "inputs": [{"name": "", "type": "*", "link": 232}], "outputs": [{"name": "STRING", "type": "STRING", "links": [234], "slot_index": 0}], "properties": {"showOutputText": true, "horizontal": false}, "color": "#232", "bgcolor": "#353"}, {"id": 147, "type": "Reroute", "pos": [-3156.468351562503, 402.662000328064], "size": [90.4, 26], "flags": {}, "order": 26, "mode": 0, "inputs": [{"name": "", "type": "*", "link": 233}], "outputs": [{"name": "STRING", "type": "STRING", "links": [235], "slot_index": 0}], "properties": {"showOutputText": true, "horizontal": false}, "color": "#322", "bgcolor": "#533"}, {"id": 152, "type": "Reroute", "pos": [-1957.0364769572334, 350], "size": [75, 26], "flags": {}, "order": 28, "mode": 0, "inputs": [{"name": "", "type": "*", "link": 249}], "outputs": [{"name": "CLIP", "type": "CLIP", "links": [], "slot_index": 0}], "properties": {"showOutputText": true, "horizontal": false}, "color": "#ffe914", "bgcolor": "#ffd500"}, {"id": 97, "type": "CLIPTextEncode", "pos": [-2911.468351562503, 346.662000328064], "size": {"0": 210, "1": 54}, "flags": {}, "order": 56, "mode": 0, "inputs": [{"name": "clip", "type": "CLIP", "link": 221}, {"name": "text", "type": "STRING", "link": 234, "widget": {"name": "text", "config": ["STRING", {"multiline": true}]}}], "outputs": [{"name": "CONDITIONING", "type": "CONDITIONING", "links": [236, 275], "shape": 3, "slot_index": 0}], "properties": {"Node name for S&R": "CLIPTextEncode"}, "widgets_values": ["a cool prompt"], "color": "#232", "bgcolor": "#353"}, {"id": 153, "type": "Reroute", "pos": [-1960, 387], "size": [140.8, 26], "flags": {}, "order": 58, "mode": 0, "inputs": [{"name": "", "type": "*", "link": 275}], "outputs": [{"name": "CONDITIONING", "type": "CONDITIONING", "links": [282], "slot_index": 0}], "properties": {"showOutputText": true, "horizontal": false}, "color": "#232", "bgcolor": "#353"}, {"id": 162, "type": "VAEDecode", "pos": [-1626, 873], "size": {"0": 210, "1": 46}, "flags": {}, "order": 66, "mode": 0, "inputs": [{"name": "samples", "type": "LATENT", "link": 293}, {"name": "vae", "type": "VAE", "link": 291}], "outputs": [{"name": "IMAGE", "type": "IMAGE", "links": [294], "shape": 3, "slot_index": 0}], "properties": {"Node name for S&R": "VAEDecode"}}, {"id": 177, "type": "CLIPSetLastLayer", "pos": [-1705, 226], "size": {"0": 315, "1": 58}, "flags": {}, "order": 22, "mode": 0, "inputs": [{"name": "clip", "type": "CLIP", "link": 313}], "outputs": [{"name": "CLIP", "type": "CLIP", "links": [314], "shape": 3}], "properties": {"Node name for S&R": "CLIPSetLastLayer"}, "widgets_values": [-2]}, {"id": 18, "type": "EmptyLatentImage", "pos": [-1706, 495], "size": {"0": 315, "1": 106}, "flags": {}, "order": 4, "mode": 0, "outputs": [{"name": "LATENT", "type": "LATENT", "links": [50], "shape": 3, "slot_index": 0}], "properties": {"Node name for S&R": "EmptyLatentImage"}, "widgets_values": [1024, 768, 1]}, {"id": 159, "type": "Reroute", "pos": [-1772, -70], "size": [140.8, 26], "flags": {}, "order": 61, "mode": 0, "inputs": [{"name": "", "type": "*", "link": 282}], "outputs": [{"name": "CONDITIONING", "type": "CONDITIONING", "links": [315], "slot_index": 0}], "properties": {"showOutputText": true, "horizontal": false}, "color": "#232", "bgcolor": "#353"}, {"id": 161, "type": "Reroute", "pos": [-507, 718], "size": [140.8, 26], "flags": {}, "order": 42, "mode": 0, "inputs": [{"name": "", "type": "*", "link": 284}], "outputs": [{"name": "CONDITIONING", "type": "CONDITIONING", "links": [317], "slot_index": 0}], "properties": {"showOutputText": true, "horizontal": false}}, {"id": 178, "type": "Reroute", "pos": [-750.5918984375003, -84.97196191406252], "size": [140.8, 26], "flags": {}, "order": 65, "mode": 0, "inputs": [{"name": "", "type": "*", "link": 315}], "outputs": [{"name": "CONDITIONING", "type": "CONDITIONING", "links": [318], "slot_index": 0}], "properties": {"showOutputText": true, "horizontal": false}}, {"id": 137, "type": "ShowText|pysssss", "pos": [-3714.3379453125, 304.32399874877933], "size": {"0": 380, "1": 160}, "flags": {}, "order": 53, "mode": 0, "inputs": [{"name": "text", "type": "STRING", "link": 220, "widget": {"name": "text", "config": ["STRING", {"forceInput": true}]}}], "outputs": [{"name": "STRING", "type": "STRING", "links": null, "shape": 6}], "title": "BLIP", "properties": {"Node name for S&R": "ShowText|pysssss"}, "widgets_values": ["a woman with long black hair and a yellow scarf around her neck, wearing a yellow scarf around her neck"], "color": "#232", "bgcolor": "#353"}, {"id": 138, "type": "ttN text", "pos": [-3717.3379453125, 111.3239987487793], "size": {"0": 376.51092529296875, "1": 155.7717742919922}, "flags": {}, "order": 5, "mode": 0, "outputs": [{"name": "text", "type": "STRING", "links": [218], "shape": 3, "slot_index": 0}], "title": "Manual Prompt", "properties": {"Node name for S&R": "ttN text", "ttNnodeVersion": "1.0.0"}, "widgets_values": ["a sexy girl licking a penis, giving a blowjob, BJ, sucking dick"], "color": "#232", "bgcolor": "#353"}, {"id": 88, "type": "Reroute", "pos": [-4234, 374], "size": [82, 26], "flags": {}, "order": 44, "mode": 0, "inputs": [{"name": "", "type": "*", "link": 326}], "outputs": [{"name": "IMAGE", "type": "IMAGE", "links": [190], "slot_index": 0}], "title": "Image Output", "properties": {"showOutputText": true, "horizontal": false}, "color": "#4861ac", "bgcolor": "#344d98", "shape": 2}, {"id": 165, "type": "Reroute", "pos": [-1760, 868], "size": [90.4, 26], "flags": {}, "order": 63, "mode": 0, "inputs": [{"name": "", "type": "*", "link": 292}], "outputs": [{"name": "LATENT", "type": "LATENT", "links": [293], "slot_index": 0}], "properties": {"showOutputText": true, "horizontal": false}}, {"id": 59, "type": "CLIPTextEncode", "pos": [-2910, 446], "size": {"0": 210, "1": 54}, "flags": {}, "order": 33, "mode": 0, "inputs": [{"name": "clip", "type": "CLIP", "link": 222}, {"name": "text", "type": "STRING", "link": 235, "widget": {"name": "text", "config": ["STRING", {"multiline": true}]}, "slot_index": 1}], "outputs": [{"name": "CONDITIONING", "type": "CONDITIONING", "links": [237, 276], "shape": 3, "slot_index": 0}], "properties": {"Node name for S&R": "CLIPTextEncode"}, "widgets_values": ["ugly, boring, low quality, bad anatomy, bad quality"], "color": "#322", "bgcolor": "#533"}, {"id": 143, "type": "Reroute", "pos": [-4574.821621093755, -81.70409655761722], "size": [75, 26], "flags": {}, "order": 19, "mode": 0, "inputs": [{"name": "", "type": "*", "link": 227}], "outputs": [{"name": "VAE", "type": "VAE", "links": [332], "slot_index": 0}], "properties": {"showOutputText": true, "horizontal": false}}, {"id": 141, "type": "VAELoader", "pos": [-4951.821621093755, -75.70409655761722], "size": {"0": 315, "1": 58}, "flags": {}, "order": 6, "mode": 0, "outputs": [{"name": "VAE", "type": "VAE", "links": [227, 228], "shape": 3, "slot_index": 0}], "properties": {"Node name for S&R": "VAELoader"}, "widgets_values": ["vae-ft-mse-840000-ema-pruned.safetensors"]}, {"id": 182, "type": "VAEDecode", "pos": [36, 855], "size": {"0": 210, "1": 46}, "flags": {}, "order": 71, "mode": 0, "inputs": [{"name": "samples", "type": "LATENT", "link": 328}, {"name": "vae", "type": "VAE", "link": 329, "slot_index": 1}], "outputs": [{"name": "IMAGE", "type": "IMAGE", "links": [330], "shape": 3, "slot_index": 0}], "properties": {"Node name for S&R": "VAEDecode"}}, {"id": 164, "type": "Reroute", "pos": [-1846, 869], "size": [75, 26], "flags": {}, "order": 40, "mode": 0, "inputs": [{"name": "", "type": "*", "link": 290, "pos": [37.5, 0]}], "outputs": [{"name": "VAE", "type": "VAE", "links": [291, 305, 329, 334], "slot_index": 0}], "properties": {"showOutputText": true, "horizontal": true}}, {"id": 184, "type": "VAEDecode", "pos": [1060, 874], "size": {"0": 210, "1": 46}, "flags": {}, "order": 74, "mode": 0, "inputs": [{"name": "samples", "type": "LATENT", "link": 351}, {"name": "vae", "type": "VAE", "link": 334}], "outputs": [{"name": "IMAGE", "type": "IMAGE", "links": [335], "shape": 3, "slot_index": 0}], "properties": {"Node name for S&R": "VAEDecode"}}, {"id": 24, "type": "SaveImage", "pos": [1944, 704], "size": {"0": 1281.6734619140625, "1": 1011.220703125}, "flags": {}, "order": 78, "mode": 0, "inputs": [{"name": "images", "type": "IMAGE", "link": 336}], "properties": {}, "widgets_values": ["ComfyUI"]}, {"id": 46, "type": "VAEDecode", "pos": [1756, 158], "size": {"0": 210, "1": 46}, "flags": {}, "order": 75, "mode": 0, "inputs": [{"name": "samples", "type": "LATENT", "link": 352}, {"name": "vae", "type": "VAE", "link": 409}], "outputs": [{"name": "IMAGE", "type": "IMAGE", "links": [109], "shape": 3, "slot_index": 0}], "properties": {"Node name for S&R": "VAEDecode"}}, {"id": 48, "type": "ImageUpscaleWithModel", "pos": [1745, 272], "size": {"0": 241.79998779296875, "1": 46}, "flags": {}, "order": 77, "mode": 0, "inputs": [{"name": "upscale_model", "type": "UPSCALE_MODEL", "link": 108, "slot_index": 0}, {"name": "image", "type": "IMAGE", "link": 109}], "outputs": [{"name": "IMAGE", "type": "IMAGE", "links": [336], "shape": 3, "slot_index": 0}], "properties": {"Node name for S&R": "ImageUpscaleWithModel"}}, {"id": 49, "type": "UpscaleModelLoader", "pos": [1709, 396], "size": {"0": 315, "1": 58}, "flags": {}, "order": 7, "mode": 0, "outputs": [{"name": "UPSCALE_MODEL", "type": "UPSCALE_MODEL", "links": [108], "shape": 3}], "properties": {"Node name for S&R": "UpscaleModelLoader"}, "widgets_values": ["2x-Bubble-AnimeScale-SwinIR-Small-v1.pth"]}, {"id": 166, "type": "PreviewImage", "pos": [-1398, 847], "size": {"0": 637.7198486328125, "1": 683.9426879882812}, "flags": {}, "order": 68, "mode": 0, "inputs": [{"name": "images", "type": "IMAGE", "link": 294}], "properties": {"Node name for S&R": "PreviewImage"}}, {"id": 154, "type": "Reroute", "pos": [-1960, 422], "size": [140.8, 26], "flags": {}, "order": 39, "mode": 0, "inputs": [{"name": "", "type": "*", "link": 276}], "outputs": [{"name": "CONDITIONING", "type": "CONDITIONING", "links": [], "slot_index": 0}], "properties": {"showOutputText": true, "horizontal": false}, "color": "#322", "bgcolor": "#533"}, {"id": 187, "type": "Reroute", "pos": [-122, -28], "size": [82, 26], "flags": {}, "order": 35, "mode": 0, "inputs": [{"name": "", "type": "*", "link": 337}], "outputs": [{"name": "MODEL", "type": "MODEL", "links": [338, 350], "slot_index": 0}], "properties": {"showOutputText": true, "horizontal": false}}, {"id": 185, "type": "PreviewImage", "pos": [1035, 845], "size": {"0": 898.8485107421875, "1": 694.1443481445312}, "flags": {}, "order": 76, "mode": 0, "inputs": [{"name": "images", "type": "IMAGE", "link": 335}], "properties": {"Node name for S&R": "PreviewImage"}}, {"id": 142, "type": "Reroute", "pos": [-4623.821621093755, -16.704096557617145], "size": [75, 26], "flags": {}, "order": 20, "mode": 0, "inputs": [{"name": "", "type": "*", "link": 228, "pos": [37.5, 0]}], "outputs": [{"name": "VAE", "type": "VAE", "links": [361], "slot_index": 0}], "properties": {"showOutputText": true, "horizontal": true}}, {"id": 172, "type": "VAEDecode", "pos": [-720, 870], "size": {"0": 210, "1": 46}, "flags": {}, "order": 46, "mode": 0, "inputs": [{"name": "samples", "type": "LATENT", "link": 304}, {"name": "vae", "type": "VAE", "link": 305}], "outputs": [{"name": "IMAGE", "type": "IMAGE", "links": [306], "shape": 3, "slot_index": 0}], "properties": {"Node name for S&R": "VAEDecode"}}, {"id": 173, "type": "PreviewImage", "pos": [-750, 850], "size": {"0": 881.182373046875, "1": 697.1956176757812}, "flags": {}, "order": 49, "mode": 0, "inputs": [{"name": "images", "type": "IMAGE", "link": 306}], "properties": {"Node name for S&R": "PreviewImage"}}, {"id": 183, "type": "PreviewImage", "pos": [140, 850], "size": {"0": 886.5922241210938, "1": 697.1443481445312}, "flags": {}, "order": 73, "mode": 0, "inputs": [{"name": "images", "type": "IMAGE", "link": 330}], "properties": {"Node name for S&R": "PreviewImage"}}, {"id": 175, "type": "PreviewImage", "pos": [-5240, 940], "size": {"0": 360, "1": 370}, "flags": {}, "order": 24, "mode": 0, "inputs": [{"name": "images", "type": "IMAGE", "link": 393}], "properties": {"Node name for S&R": "PreviewImage"}}, {"id": 224, "type": "PreviewImage", "pos": [-4510, 940], "size": {"0": 320, "1": 370}, "flags": {}, "order": 43, "mode": 0, "inputs": [{"name": "images", "type": "IMAGE", "link": 386}], "properties": {"Node name for S&R": "PreviewImage"}}, {"id": 67, "type": "ConstrainImage|pysssss", "pos": [-5200, 130], "size": {"0": 326.6396789550781, "1": 154}, "flags": {}, "order": 38, "mode": 0, "inputs": [{"name": "images", "type": "IMAGE", "link": 325}, {"name": "max_width", "type": "INT", "link": 164, "widget": {"name": "max_width", "config": ["INT", {"default": 1024, "min": 0}]}, "slot_index": 1}, {"name": "max_height", "type": "INT", "link": 165, "widget": {"name": "max_height", "config": ["INT", {"default": 1024, "min": 0}]}}, {"name": "min_width", "type": "INT", "link": 166, "widget": {"name": "min_width", "config": ["INT", {"default": 0, "min": 0}]}}, {"name": "min_height", "type": "INT", "link": 167, "widget": {"name": "min_height", "config": ["INT", {"default": 0, "min": 0}]}}, {"name": "crop_if_required", "type": "yes,no", "link": 163, "widget": {"name": "crop_if_required", "config": [["yes", "no"], {"default": "no"}]}, "slot_index": 5}], "outputs": [{"name": "IMAGE", "type": "IMAGE", "links": [326, 360], "shape": 6, "slot_index": 0}], "properties": {"Node name for S&R": "ConstrainImage|pysssss"}, "widgets_values": [768, 768, 0, 0, "no"]}, {"id": 179, "type": "Image Input Switch", "pos": [-5230, 330], "size": {"0": 254.40000915527344, "1": 66}, "flags": {}, "order": 32, "mode": 0, "inputs": [{"name": "image_a", "type": "IMAGE", "link": 395, "slot_index": 0}, {"name": "image_b", "type": "IMAGE", "link": 323}, {"name": "boolean_number", "type": "NUMBER", "link": 320, "slot_index": 2}], "outputs": [{"name": "IMAGE", "type": "IMAGE", "links": [325], "shape": 3, "slot_index": 0}], "properties": {"Node name for S&R": "Image Input Switch"}}, {"id": 85, "type": "PrimitiveNode", "pos": [-4715.010881713343, 250.04541514660838], "size": {"0": 210, "1": 82}, "flags": {}, "order": 8, "mode": 0, "outputs": [{"name": "INT", "type": "INT", "links": [165], "slot_index": 0, "widget": {"name": "max_height", "config": ["INT", {"default": 1024, "min": 0}]}}], "title": "Max Height", "properties": {}, "widgets_values": [768, "fixed"], "color": "#2a363b", "bgcolor": "#3f5159"}, {"id": 160, "type": "CLIPTextEncode", "pos": [-1250, 310], "size": {"0": 210, "1": 54}, "flags": {}, "order": 36, "mode": 0, "inputs": [{"name": "clip", "type": "CLIP", "link": 281}, {"name": "text", "type": "STRING", "link": 279, "widget": {"name": "text", "config": ["STRING", {"multiline": true}]}}], "outputs": [{"name": "CONDITIONING", "type": "CONDITIONING", "links": [280, 284], "shape": 3, "slot_index": 0}], "properties": {"Node name for S&R": "CLIPTextEncode"}, "widgets_values": [""], "color": "#232", "bgcolor": "#353"}, {"id": 158, "type": "ttN text", "pos": [-1350, 200], "size": {"0": 363.78387451171875, "1": 212.59178161621094}, "flags": {}, "order": 9, "mode": 0, "outputs": [{"name": "text", "type": "STRING", "links": [279], "shape": 3, "slot_index": 0}], "title": "Manual Prompt", "properties": {"Node name for S&R": "ttN text", "ttNnodeVersion": "1.0.0"}, "widgets_values": ["a ledge looking over a waterfall, stream, rainforest, calm, soothing, shore, weaterfall"], "color": "#232", "bgcolor": "#353"}, {"id": 84, "type": "PrimitiveNode", "pos": [-4494.010881713341, 250.04541514660838], "size": {"0": 210, "1": 82}, "flags": {}, "order": 10, "mode": 0, "outputs": [{"name": "INT", "type": "INT", "links": [164], "slot_index": 0, "widget": {"name": "max_width", "config": ["INT", {"default": 1024, "min": 0}]}}], "title": "Max Width", "properties": {}, "widgets_values": [768, "fixed"], "color": "#2a363b", "bgcolor": "#3f5159"}, {"id": 28, "type": "KSamplerAdvanced", "pos": [341, 112], "size": {"0": 315, "1": 546}, "flags": {}, "order": 69, "mode": 0, "inputs": [{"name": "model", "type": "MODEL", "link": 338, "slot_index": 0}, {"name": "positive", "type": "CONDITIONING", "link": 309}, {"name": "negative", "type": "CONDITIONING", "link": 341, "slot_index": 2}, {"name": "latent_image", "type": "LATENT", "link": 93}], "outputs": [{"name": "LATENT", "type": "LATENT", "links": [146, 328], "shape": 3, "slot_index": 0}], "properties": {"Node name for S&R": "KSamplerAdvanced"}, "widgets_values": ["disable", 636777315493323, "fixed", 25, 7, "dpmpp_sde", "karras", 10, 10000, "enable"]}, {"id": 193, "type": "VAEEncodeForInpaint", "pos": [-4710, 490], "size": {"0": 315, "1": 98}, "flags": {}, "order": 45, "mode": 0, "inputs": [{"name": "pixels", "type": "IMAGE", "link": 360}, {"name": "vae", "type": "VAE", "link": 361}, {"name": "mask", "type": "MASK", "link": 392, "slot_index": 2}], "outputs": [{"name": "LATENT", "type": "LATENT", "links": [362], "shape": 3, "slot_index": 0}], "properties": {"Node name for S&R": "VAEEncodeForInpaint"}, "widgets_values": [31]}, {"id": 151, "type": "Reroute", "pos": [-1957, 313], "size": [90.4, 26], "flags": {}, "order": 60, "mode": 0, "inputs": [{"name": "", "type": "*", "link": 408}], "outputs": [{"name": "LATENT", "type": "LATENT", "links": [292, 300], "slot_index": 0}], "properties": {"showOutputText": true, "horizontal": false}, "color": "#ffb0ff", "bgcolor": "#ff9cf9"}, {"id": 57, "type": "CheckpointLoaderSimple", "pos": [-3017.468351562503, 71.66200032806397], "size": {"0": 433.598876953125, "1": 98}, "flags": {}, "order": 11, "mode": 0, "outputs": [{"name": "MODEL", "type": "MODEL", "links": [137], "shape": 3, "slot_index": 0}, {"name": "CLIP", "type": "CLIP", "links": [247], "shape": 3, "slot_index": 1}, {"name": "VAE", "type": "VAE", "links": [], "shape": 3, "slot_index": 2}], "properties": {"Node name for S&R": "CheckpointLoaderSimple"}, "widgets_values": ["fantexiV09beta_fantexiV09beta.ckpt"], "color": "#222", "bgcolor": "#000"}, {"id": 149, "type": "Reroute", "pos": [-3107, -76], "size": [75, 26], "flags": {}, "order": 27, "mode": 0, "inputs": [{"name": "", "type": "*", "link": 332}], "outputs": [{"name": "VAE", "type": "VAE", "links": [242, 288], "slot_index": 0}], "properties": {"showOutputText": true, "horizontal": false}}, {"id": 27, "type": "KSamplerAdvanced", "pos": [-946.1120302734371, 109.8999855041507], "size": {"0": 315, "1": 546}, "flags": {}, "order": 41, "mode": 0, "inputs": [{"name": "model", "type": "MODEL", "link": 116, "slot_index": 0}, {"name": "positive", "type": "CONDITIONING", "link": 280}, {"name": "negative", "type": "CONDITIONING", "link": 343, "slot_index": 2}, {"name": "latent_image", "type": "LATENT", "link": 50, "slot_index": 3}], "outputs": [{"name": "LATENT", "type": "LATENT", "links": [299, 304], "shape": 3, "slot_index": 0}], "properties": {"Node name for S&R": "KSamplerAdvanced"}, "widgets_values": ["enable", 64652123, "fixed", 25, 8, "euler_ancestral", "normal", 0, 10, "enable"]}, {"id": 19, "type": "LatentComposite", "pos": [-353, 283], "size": {"0": 315, "1": 126}, "flags": {}, "order": 64, "mode": 0, "inputs": [{"name": "samples_to", "type": "LATENT", "link": 299}, {"name": "samples_from", "type": "LATENT", "link": 300}], "outputs": [{"name": "LATENT", "type": "LATENT", "links": [93], "shape": 3, "slot_index": 0}], "properties": {"Node name for S&R": "LatentComposite"}, "widgets_values": [0, 0, 80]}, {"id": 180, "type": "Logic Boolean", "pos": [-4710, 780], "size": {"0": 210, "1": 110.2867431640625}, "flags": {"collapsed": false}, "order": 12, "mode": 0, "outputs": [{"name": "NUMBER", "type": "NUMBER", "links": [320], "shape": 3, "slot_index": 0}, {"name": "INT", "type": "INT", "links": null, "shape": 3}], "title": "Remove BG?", "properties": {"Node name for S&R": "Logic Boolean"}, "widgets_values": [1], "color": "#233", "bgcolor": "#355"}, {"id": 210, "type": "PreviewImage", "pos": [-4868, 945], "size": {"0": 350, "1": 370}, "flags": {}, "order": 30, "mode": 0, "inputs": [{"name": "images", "type": "IMAGE", "link": 377}], "properties": {"Node name for S&R": "PreviewImage"}}, {"id": 223, "type": "MaskToImage", "pos": [-5036, 734], "size": {"0": 210, "1": 26}, "flags": {}, "order": 37, "mode": 0, "inputs": [{"name": "mask", "type": "MASK", "link": 391}], "outputs": [{"name": "IMAGE", "type": "IMAGE", "links": [386], "shape": 3, "slot_index": 0}], "properties": {"Node name for S&R": "MaskToImage"}}, {"id": 209, "type": "Image Rembg (Remove Background)", "pos": [-5080, 330], "size": {"0": 325.56689453125, "1": 250}, "flags": {"collapsed": false}, "order": 23, "mode": 0, "inputs": [{"name": "images", "type": "IMAGE", "link": 376}], "outputs": [{"name": "images", "type": "IMAGE", "links": [377, 394, 395], "shape": 3, "slot_index": 0}], "properties": {"Node name for S&R": "Image Rembg (Remove Background)"}, "widgets_values": [true, "u2net", false, false, true, 240, 10, 10, "none"]}, {"id": 226, "type": "AlphaChanelAsMask", "pos": [-5098, 623], "size": {"0": 315, "1": 58}, "flags": {}, "order": 31, "mode": 0, "inputs": [{"name": "images", "type": "IMAGE", "link": 394, "slot_index": 0}], "outputs": [{"name": "MASK", "type": "MASK", "links": [391, 392], "shape": 3, "slot_index": 0}], "properties": {"Node name for S&R": "AlphaChanelAsMask"}, "widgets_values": ["default"]}, {"id": 68, "type": "LatentUpscaleBy", "pos": [892, 137], "size": {"0": 315, "1": 82}, "flags": {}, "order": 70, "mode": 0, "inputs": [{"name": "samples", "type": "LATENT", "link": 146}], "outputs": [{"name": "LATENT", "type": "LATENT", "links": [348], "shape": 3, "slot_index": 0}], "properties": {"Node name for S&R": "LatentUpscaleBy"}, "widgets_values": ["area", 1.75]}, {"id": 186, "type": "KSamplerAdvanced", "pos": [1238, 130], "size": {"0": 315, "1": 546}, "flags": {}, "order": 72, "mode": 0, "inputs": [{"name": "model", "type": "MODEL", "link": 350}, {"name": "positive", "type": "CONDITIONING", "link": 345}, {"name": "negative", "type": "CONDITIONING", "link": 349}, {"name": "latent_image", "type": "LATENT", "link": 348}], "outputs": [{"name": "LATENT", "type": "LATENT", "links": [351, 352], "shape": 3, "slot_index": 0}], "properties": {"Node name for S&R": "KSamplerAdvanced"}, "widgets_values": ["enable", 875923, "fixed", 25, 8, "euler_ancestral", "normal", 12, 10000, "disable"]}, {"id": 74, "type": "BLIP Model Loader", "pos": [-3943.3379453125, 263.32399874877933], "size": {"0": 210, "1": 115.68087005615234}, "flags": {"collapsed": false}, "order": 13, "mode": 0, "outputs": [{"name": "BLIP_MODEL", "type": "BLIP_MODEL", "links": [156], "shape": 3}], "properties": {"Node name for S&R": "BLIP Model Loader"}, "widgets_values": ["caption"], "color": "#432", "bgcolor": "#653"}, {"id": 69, "type": "BLIP Analyze Image", "pos": [-3942.3379453125, 420.32399874877933], "size": {"0": 211.69273376464844, "1": 314.8627014160156}, "flags": {"collapsed": false}, "order": 50, "mode": 0, "inputs": [{"name": "image", "type": "IMAGE", "link": 191}, {"name": "blip_model", "type": "BLIP_MODEL", "link": 156, "slot_index": 1}], "outputs": [{"name": "STRING", "type": "STRING", "links": [206, 220], "shape": 3, "slot_index": 0}], "properties": {"Node name for S&R": "BLIP Analyze Image"}, "widgets_values": ["caption", "Describe the image in great detail. Describe the colors in the image. Describe the style"], "color": "#432", "bgcolor": "#653"}, {"id": 174, "type": "ConditioningAverage ", "pos": [-288, 632], "size": {"0": 380.4000244140625, "1": 78}, "flags": {}, "order": 67, "mode": 0, "inputs": [{"name": "conditioning_to", "type": "CONDITIONING", "link": 317}, {"name": "conditioning_from", "type": "CONDITIONING", "link": 318}], "outputs": [{"name": "CONDITIONING", "type": "CONDITIONING", "links": [309, 345], "shape": 3, "slot_index": 0}], "properties": {"Node name for S&R": "ConditioningAverage "}, "widgets_values": [0.18]}, {"id": 3, "type": "CheckpointLoaderSimple", "pos": [-1711, 79], "size": {"0": 315, "1": 98}, "flags": {}, "order": 14, "mode": 0, "outputs": [{"name": "MODEL", "type": "MODEL", "links": [113], "shape": 3, "slot_index": 0}, {"name": "CLIP", "type": "CLIP", "links": [313], "shape": 3, "slot_index": 1}, {"name": "VAE", "type": "VAE", "links": [], "shape": 3, "slot_index": 2}], "properties": {"Node name for S&R": "CheckpointLoaderSimple"}, "widgets_values": ["mistoonAnime_v20.safetensors"]}, {"id": 163, "type": "Reroute", "pos": [-1965, -71], "size": [75, 26], "flags": {}, "order": 34, "mode": 0, "inputs": [{"name": "", "type": "*", "link": 288}], "outputs": [{"name": "VAE", "type": "VAE", "links": [290, 409], "slot_index": 0}], "properties": {"showOutputText": true, "horizontal": false}}, {"id": 139, "type": "CLIPSetLastLayer", "pos": [-3015, 212], "size": {"0": 425.6351623535156, "1": 58}, "flags": {}, "order": 21, "mode": 0, "inputs": [{"name": "clip", "type": "CLIP", "link": 247}], "outputs": [{"name": "CLIP", "type": "CLIP", "links": [221, 222, 249], "shape": 3, "slot_index": 0}], "properties": {"Node name for S&R": "CLIPSetLastLayer"}, "widgets_values": [-2]}, {"id": 50, "type": "LoraLoader", "pos": [-1708, 328], "size": {"0": 315, "1": 126}, "flags": {}, "order": 29, "mode": 0, "inputs": [{"name": "model", "type": "MODEL", "link": 113}, {"name": "clip", "type": "CLIP", "link": 314}], "outputs": [{"name": "MODEL", "type": "MODEL", "links": [116, 337], "shape": 3, "slot_index": 0}, {"name": "CLIP", "type": "CLIP", "links": [281], "shape": 3, "slot_index": 1}], "properties": {"Node name for S&R": "LoraLoader"}, "widgets_values": ["add_detail.safetensors", 1, 1]}, {"id": 53, "type": "LoadImage", "pos": [-5243, 141], "size": {"0": 510, "1": 760}, "flags": {}, "order": 15, "mode": 0, "outputs": [{"name": "IMAGE", "type": "IMAGE", "links": [323, 376, 393], "shape": 3, "slot_index": 0}, {"name": "MASK", "type": "MASK", "links": null, "shape": 3, "slot_index": 1}], "properties": {"Node name for S&R": "LoadImage"}, "widgets_values": ["download (3).png", "image"]}, {"id": 93, "type": "Logic Boolean", "pos": [-3940.8876722840932, 110.35448980552438], "size": {"0": 210, "1": 110.2867431640625}, "flags": {"collapsed": false}, "order": 16, "mode": 0, "outputs": [{"name": "NUMBER", "type": "NUMBER", "links": [176], "shape": 3, "slot_index": 0}, {"name": "INT", "type": "INT", "links": null, "shape": 3}], "title": "Use BLIP for Prompt?", "properties": {"Node name for S&R": "Logic Boolean"}, "widgets_values": [0], "color": "#432", "bgcolor": "#653"}, {"id": 233, "type": "Reroute", "pos": [-1380, 493.69926940917975], "size": [75, 26], "flags": {}, "order": 17, "mode": 0, "inputs": [{"name": "", "type": "*", "link": null}], "outputs": [{"name": "", "type": "*", "links": [410]}], "properties": {"showOutputText": false, "horizontal": false}}, {"id": 188, "type": "Reroute", "pos": [-1273, 495], "size": [140.8, 26], "flags": {}, "order": 25, "mode": 0, "inputs": [{"name": "", "type": "*", "link": 410}], "outputs": [{"name": "CONDITIONING", "type": "*", "links": [341, 343, 349], "slot_index": 0}], "properties": {"showOutputText": true, "horizontal": false}, "color": "#322", "bgcolor": "#533"}, {"id": 66, "type": "KSamplerAdvanced", "pos": [-3016, 314], "size": {"0": 421.6114807128906, "1": 564.1973876953125}, "flags": {}, "order": 57, "mode": 0, "inputs": [{"name": "model", "type": "MODEL", "link": 137}, {"name": "positive", "type": "CONDITIONING", "link": 236}, {"name": "negative", "type": "CONDITIONING", "link": 237}, {"name": "latent_image", "type": "LATENT", "link": 231, "slot_index": 3}], "outputs": [{"name": "LATENT", "type": "LATENT", "links": [141, 408], "shape": 3, "slot_index": 0}], "properties": {"Node name for S&R": "KSamplerAdvanced"}, "widgets_values": ["enable", 733941249189023, "fixed", 25, 8, "euler_ancestral", "normal", 6, 16, "enable"]}], "links": [[50, 18, 0, 27, 3, "LATENT"], [93, 19, 0, 28, 3, "LATENT"], [108, 49, 0, 48, 0, "UPSCALE_MODEL"], [109, 46, 0, 48, 1, "IMAGE"], [113, 3, 0, 50, 0, "MODEL"], [116, 50, 0, 27, 0, "MODEL"], [137, 57, 0, 66, 0, "MODEL"], [141, 66, 0, 60, 0, "LATENT"], [146, 28, 0, 68, 0, "LATENT"], [156, 74, 0, 69, 1, "BLIP_MODEL"], [163, 82, 0, 67, 5, "yes,no"], [164, 84, 0, 67, 1, "INT"], [165, 85, 0, 67, 2, "INT"], [166, 86, 0, 67, 3, "INT"], [167, 87, 0, 67, 4, "INT"], [176, 93, 0, 96, 0, "NUMBER"], [190, 88, 0, 107, 0, "*"], [191, 107, 0, 69, 0, "IMAGE"], [200, 117, 0, 119, 0, "*"], [206, 69, 0, 96, 1, "STRING"], [217, 96, 0, 118, 0, "*"], [218, 138, 0, 96, 2, "STRING"], [220, 69, 0, 137, 0, "STRING"], [221, 139, 0, 97, 0, "CLIP"], [222, 139, 0, 59, 0, "CLIP"], [227, 141, 0, 143, 0, "*"], [228, 141, 0, 142, 0, "*"], [230, 144, 0, 145, 0, "*"], [231, 145, 0, 66, 3, "LATENT"], [232, 118, 0, 146, 0, "*"], [233, 119, 0, 147, 0, "*"], [234, 146, 0, 97, 1, "STRING"], [235, 147, 0, 59, 1, "STRING"], [236, 97, 0, 66, 1, "CONDITIONING"], [237, 59, 0, 66, 2, "CONDITIONING"], [238, 60, 0, 148, 0, "IMAGE"], [242, 149, 0, 60, 1, "VAE"], [247, 57, 1, 139, 0, "CLIP"], [249, 139, 0, 152, 0, "*"], [275, 97, 0, 153, 0, "*"], [276, 59, 0, 154, 0, "*"], [279, 158, 0, 160, 1, "STRING"], [280, 160, 0, 27, 1, "CONDITIONING"], [281, 50, 1, 160, 0, "CLIP"], [282, 153, 0, 159, 0, "*"], [284, 160, 0, 161, 0, "*"], [288, 149, 0, 163, 0, "*"], [290, 163, 0, 164, 0, "*"], [291, 164, 0, 162, 1, "VAE"], [292, 151, 0, 165, 0, "*"], [293, 165, 0, 162, 0, "LATENT"], [294, 162, 0, 166, 0, "IMAGE"], [299, 27, 0, 19, 0, "LATENT"], [300, 151, 0, 19, 1, "LATENT"], [304, 27, 0, 172, 0, "LATENT"], [305, 164, 0, 172, 1, "VAE"], [306, 172, 0, 173, 0, "IMAGE"], [309, 174, 0, 28, 1, "CONDITIONING"], [313, 3, 1, 177, 0, "CLIP"], [314, 177, 0, 50, 1, "CLIP"], [315, 159, 0, 178, 0, "*"], [317, 161, 0, 174, 0, "CONDITIONING"], [318, 178, 0, 174, 1, "CONDITIONING"], [320, 180, 0, 179, 2, "NUMBER"], [323, 53, 0, 179, 1, "IMAGE"], [325, 179, 0, 67, 0, "IMAGE"], [326, 67, 0, 88, 0, "*"], [328, 28, 0, 182, 0, "LATENT"], [329, 164, 0, 182, 1, "VAE"], [330, 182, 0, 183, 0, "IMAGE"], [332, 143, 0, 149, 0, "*"], [334, 164, 0, 184, 1, "VAE"], [335, 184, 0, 185, 0, "IMAGE"], [336, 48, 0, 24, 0, "IMAGE"], [337, 50, 0, 187, 0, "*"], [338, 187, 0, 28, 0, "MODEL"], [341, 188, 0, 28, 2, "CONDITIONING"], [343, 188, 0, 27, 2, "CONDITIONING"], [345, 174, 0, 186, 1, "CONDITIONING"], [348, 68, 0, 186, 3, "LATENT"], [349, 188, 0, 186, 2, "CONDITIONING"], [350, 187, 0, 186, 0, "MODEL"], [351, 186, 0, 184, 0, "LATENT"], [352, 186, 0, 46, 0, "LATENT"], [360, 67, 0, 193, 0, "IMAGE"], [361, 142, 0, 193, 1, "VAE"], [362, 193, 0, 144, 0, "*"], [376, 53, 0, 209, 0, "IMAGE"], [377, 209, 0, 210, 0, "IMAGE"], [386, 223, 0, 224, 0, "IMAGE"], [391, 226, 0, 223, 0, "MASK"], [392, 226, 0, 193, 2, "MASK"], [393, 53, 0, 175, 0, "IMAGE"], [394, 209, 0, 226, 0, "IMAGE"], [395, 209, 0, 179, 0, "IMAGE"], [408, 66, 0, 151, 0, "*"], [409, 163, 0, 46, 1, "VAE"], [410, 233, 0, 188, 0, "*"]], "groups": [{"title": "Image to Latent Noise", "bounding": [-3111, -8, 1228, 910], "color": "#3f789e", "font_size": 24, "locked": false}, {"title": "Input Image", "bounding": [-5253, 50, 1077, 1277], "color": "#a1309b", "font_size": 24, "locked": false}, {"title": "Prompt", "bounding": [-4043, 29, 793, 727], "color": "#3f789e", "font_size": 24, "locked": false}, {"title": "VAE", "bounding": [-4963, -151, 426, 147], "color": "#3f789e", "font_size": 24, "locked": false}, {"title": "Background Latent", "bounding": [-1754, -13, 1195, 790], "color": "#3f789e", "font_size": 24, "locked": false}, {"title": "Composite Settings", "bounding": [-470, 46, 646, 524], "color": "#3f789e", "font_size": 24, "locked": false}, {"title": "Upscale w/ Model Pass", "bounding": [1652, 63, 432, 439], "color": "#3f789e", "font_size": 24, "locked": false}, {"title": "Latent Upscale Pass", "bounding": [829, 2, 802, 727], "color": "#3f789e", "font_size": 24, "locked": false}, {"title": "Latent Image Blend", "bounding": [280, -33, 433, 770], "color": "#3f789e", "font_size": 24, "locked": false}, {"title": "Input Img Prompt", "bounding": [-791, -152, 233, 123], "color": "#3f789e", "font_size": 24, "locked": false}, {"title": "Background Prompt", "bounding": [-546, 655, 226, 121], "color": "#3f789e", "font_size": 24, "locked": false}], "config": {}, "extra": {}, "version": 0.4}