{"last_node_id": 19, "last_link_id": 37, "nodes": [{"id": 8, "type": "CLIPTextEncode", "pos": [200, 660], "size": {"0": 400, "1": 200}, "flags": {}, "order": 2, "mode": 0, "inputs": [{"name": "clip", "type": "CLIP", "link": 36}], "outputs": [{"name": "CONDITIONING", "type": "CONDITIONING", "links": [9], "shape": 3, "slot_index": 0}], "properties": {"Node name for S&R": "CLIPTextEncode"}, "widgets_values": ["a portrait of a Protoss character. In the style of Greg rutkowski"]}, {"id": 9, "type": "CLIPTextEncode", "pos": [200, 910], "size": {"0": 400, "1": 200}, "flags": {}, "order": 3, "mode": 0, "inputs": [{"name": "clip", "type": "CLIP", "link": 37}], "outputs": [{"name": "CONDITIONING", "type": "CONDITIONING", "links": [10], "shape": 3, "slot_index": 0}], "properties": {"Node name for S&R": "CLIPTextEncode"}, "widgets_values": ["kid"]}, {"id": 10, "type": "EmptyLatentImage", "pos": [-143, 986], "size": {"0": 315, "1": 106}, "flags": {}, "order": 0, "mode": 0, "outputs": [{"name": "LATENT", "type": "LATENT", "links": [31], "shape": 3, "slot_index": 0}], "properties": {"Node name for S&R": "EmptyLatentImage"}, "widgets_values": [1024, 1024, 1]}, {"id": 12, "type": "SaveImage", "pos": [946, 537], "size": {"0": 675.75048828125, "1": 683.2305297851562}, "flags": {}, "order": 7, "mode": 0, "inputs": [{"name": "images", "type": "IMAGE", "link": 34}], "properties": {}, "widgets_values": ["ComfyUI"]}, {"id": 17, "type": "Image Remove Background (rembg)", "pos": [796, 425], "size": {"0": 260.3999938964844, "1": 26}, "flags": {}, "order": 6, "mode": 0, "inputs": [{"name": "image", "type": "IMAGE", "link": 26}], "outputs": [{"name": "IMAGE", "type": "IMAGE", "links": [], "shape": 3, "slot_index": 0}], "properties": {"Node name for S&R": "Image Remove Background (rembg)"}}, {"id": 11, "type": "VAEDecode", "pos": [720, 540], "size": {"0": 210, "1": 46}, "flags": {}, "order": 5, "mode": 0, "inputs": [{"name": "samples", "type": "LATENT", "link": 12}, {"name": "vae", "type": "VAE", "link": 13, "slot_index": 1}], "outputs": [{"name": "IMAGE", "type": "IMAGE", "links": [26, 34], "shape": 3, "slot_index": 0}], "properties": {"Node name for S&R": "VAEDecode"}}, {"id": 6, "type": "CheckpointLoaderSimple", "pos": [-147, 841], "size": {"0": 315, "1": 98}, "flags": {}, "order": 1, "mode": 0, "outputs": [{"name": "MODEL", "type": "MODEL", "links": [35], "shape": 3, "slot_index": 0}, {"name": "CLIP", "type": "CLIP", "links": [36, 37], "shape": 3, "slot_index": 1}, {"name": "VAE", "type": "VAE", "links": [13], "shape": 3}], "properties": {"Node name for S&R": "CheckpointLoaderSimple"}, "widgets_values": ["ffxl400GBXLCombined_v20Pre.safetensors"]}, {"id": 7, "type": "KSamplerAdvanced", "pos": [620, 630], "size": {"0": 315, "1": 546}, "flags": {}, "order": 4, "mode": 0, "inputs": [{"name": "model", "type": "MODEL", "link": 35}, {"name": "positive", "type": "CONDITIONING", "link": 9, "slot_index": 1}, {"name": "negative", "type": "CONDITIONING", "link": 10}, {"name": "latent_image", "type": "LATENT", "link": 31, "slot_index": 3}], "outputs": [{"name": "LATENT", "type": "LATENT", "links": [12], "shape": 3, "slot_index": 0}], "properties": {"Node name for S&R": "KSamplerAdvanced"}, "widgets_values": ["enable", 1076, "fixed", 33, 8, "dpmpp_3m_sde_gpu", "karras", 8, 10000, "disable"]}], "links": [[9, 8, 0, 7, 1, "CONDITIONING"], [10, 9, 0, 7, 2, "CONDITIONING"], [12, 7, 0, 11, 0, "LATENT"], [13, 6, 2, 11, 1, "VAE"], [26, 11, 0, 17, 0, "IMAGE"], [31, 10, 0, 7, 3, "LATENT"], [34, 11, 0, 12, 0, "IMAGE"], [35, 6, 0, 7, 0, "MODEL"], [36, 6, 1, 8, 0, "CLIP"], [37, 6, 1, 9, 0, "CLIP"]], "groups": [], "config": {}, "extra": {}, "version": 0.4}