{"last_node_id": 18, "last_link_id": 51, "nodes": [{"id": 8, "type": "VAEDecode", "pos": [1382, 69], "size": {"0": 210, "1": 46}, "flags": {}, "order": 11, "mode": 0, "inputs": [{"name": "samples", "type": "LATENT", "link": 51}, {"name": "vae", "type": "VAE", "link": 8}], "outputs": [{"name": "IMAGE", "type": "IMAGE", "links": [26], "slot_index": 0}], "properties": {"Node name for S&R": "VAEDecode"}}, {"id": 5, "type": "EmptyLatentImage", "pos": [473, 609], "size": {"0": 315, "1": 106}, "flags": {}, "order": 0, "mode": 0, "outputs": [{"name": "LATENT", "type": "LATENT", "links": [2], "slot_index": 0}], "properties": {"Node name for S&R": "EmptyLatentImage"}, "widgets_values": [512, 512, 1]}, {"id": 14, "type": "ImageUpscaleWithModel", "pos": [1633, 42], "size": {"0": 241.79998779296875, "1": 46}, "flags": {}, "order": 12, "mode": 0, "inputs": [{"name": "upscale_model", "type": "UPSCALE_MODEL", "link": 23}, {"name": "image", "type": "IMAGE", "link": 26}], "outputs": [{"name": "IMAGE", "type": "IMAGE", "links": [28], "shape": 3, "slot_index": 0}], "properties": {"Node name for S&R": "ImageUpscaleWithModel"}}, {"id": 6, "type": "CLIPTextEncode", "pos": [433, 163], "size": {"0": 422.84503173828125, "1": 164.31304931640625}, "flags": {}, "order": 5, "mode": 0, "inputs": [{"name": "clip", "type": "CLIP", "link": 39}], "outputs": [{"name": "CONDITIONING", "type": "CONDITIONING", "links": [4, 48], "slot_index": 0}], "properties": {"Node name for S&R": "CLIPTextEncode"}, "widgets_values": ["wide shot photograph of A hot young teenager with a big ass fucking doggystyle anal, pov, big tits, from behind, Seductive expression. Model photoshoot. VOGUE. pornhub, xvideos, onlyfans. Goddess, soft skin, radiant skin, POVD, dripping, wet, demon girl, cute babyface, cute face\n, child, middleschool, beauty pageant"]}, {"id": 7, "type": "CLIPTextEncode", "pos": [430, 385], "size": {"0": 425.27801513671875, "1": 180.6060791015625}, "flags": {}, "order": 6, "mode": 0, "inputs": [{"name": "clip", "type": "CLIP", "link": 40}], "outputs": [{"name": "CONDITIONING", "type": "CONDITIONING", "links": [6, 49], "slot_index": 0}], "properties": {"Node name for S&R": "CLIPTextEncode"}, "widgets_values": ["text, watermark, ugly, bimbo, "]}, {"id": 9, "type": "SaveImage", "pos": [1941, 160], "size": {"0": 661.953125, "1": 723.495849609375}, "flags": {}, "order": 13, "mode": 0, "inputs": [{"name": "images", "type": "IMAGE", "link": 28}], "properties": {}, "widgets_values": ["ComfyUI"]}, {"id": 13, "type": "UpscaleModelLoader", "pos": [1269, -76], "size": {"0": 315, "1": 58}, "flags": {}, "order": 1, "mode": 0, "outputs": [{"name": "UPSCALE_MODEL", "type": "UPSCALE_MODEL", "links": [23], "shape": 3, "slot_index": 0}], "properties": {"Node name for S&R": "UpscaleModelLoader"}, "widgets_values": ["2x-Bubble-AnimeScale-SwinIR-Small-v1.pth"]}, {"id": 11, "type": "LatentUpscaleBy", "pos": [869, -1], "size": {"0": 315, "1": 82}, "flags": {}, "order": 8, "mode": 0, "inputs": [{"name": "samples", "type": "LATENT", "link": 15}], "outputs": [{"name": "LATENT", "type": "LATENT", "links": [], "shape": 3, "slot_index": 0}], "properties": {"Node name for S&R": "LatentUpscaleBy"}, "widgets_values": ["area", 1.5]}, {"id": 17, "type": "LatentUpscale", "pos": [1223, 207], "size": {"0": 315, "1": 130}, "flags": {}, "order": 9, "mode": 0, "inputs": [{"name": "samples", "type": "LATENT", "link": 46}], "outputs": [{"name": "LATENT", "type": "LATENT", "links": [50], "shape": 3}], "properties": {"Node name for S&R": "LatentUpscale"}, "widgets_values": ["nearest-exact", 768, 768, "disabled"]}, {"id": 18, "type": "KSampler", "pos": [1568, 207], "size": {"0": 315, "1": 474}, "flags": {}, "order": 10, "mode": 0, "inputs": [{"name": "model", "type": "MODEL", "link": 47}, {"name": "positive", "type": "CONDITIONING", "link": 48}, {"name": "negative", "type": "CONDITIONING", "link": 49}, {"name": "latent_image", "type": "LATENT", "link": 50}], "outputs": [{"name": "LATENT", "type": "LATENT", "links": [51], "shape": 3, "slot_index": 0}], "properties": {"Node name for S&R": "KSampler"}, "widgets_values": [8768765, "fixed", 25, 1.28, "dpmpp_3m_sde_gpu", "karras", 0.55]}, {"id": 12, "type": "LoraLoader", "pos": [-472, 159], "size": {"0": 315, "1": 126}, "flags": {}, "order": 3, "mode": 0, "inputs": [{"name": "model", "type": "MODEL", "link": 17}, {"name": "clip", "type": "CLIP", "link": 18}], "outputs": [{"name": "MODEL", "type": "MODEL", "links": [35], "shape": 3, "slot_index": 0}, {"name": "CLIP", "type": "CLIP", "links": [36], "shape": 3}], "properties": {"Node name for S&R": "LoraLoader"}, "widgets_values": ["PovDoggyAnal-v3.safetensors", 0.65, 1]}, {"id": 4, "type": "CheckpointLoaderSimple", "pos": [-787, 366], "size": {"0": 315, "1": 98}, "flags": {}, "order": 2, "mode": 0, "outputs": [{"name": "MODEL", "type": "MODEL", "links": [17], "slot_index": 0}, {"name": "CLIP", "type": "CLIP", "links": [18], "slot_index": 1}, {"name": "VAE", "type": "VAE", "links": [8], "slot_index": 2}], "properties": {"Node name for S&R": "CheckpointLoaderSimple"}, "widgets_values": ["babes_20.safetensors"]}, {"id": 16, "type": "LoraLoader", "pos": [-88, 160], "size": {"0": 315, "1": 126}, "flags": {}, "order": 4, "mode": 0, "inputs": [{"name": "model", "type": "MODEL", "link": 35}, {"name": "clip", "type": "CLIP", "link": 36}], "outputs": [{"name": "MODEL", "type": "MODEL", "links": [44, 47], "shape": 3, "slot_index": 0}, {"name": "CLIP", "type": "CLIP", "links": [39, 40], "shape": 3}], "properties": {"Node name for S&R": "LoraLoader"}, "widgets_values": ["sam_yang_offset_right_filesize.safetensors", 0.4, 1]}, {"id": 3, "type": "KSampler", "pos": [878, 206], "size": {"0": 315, "1": 474}, "flags": {}, "order": 7, "mode": 0, "inputs": [{"name": "model", "type": "MODEL", "link": 44}, {"name": "positive", "type": "CONDITIONING", "link": 4}, {"name": "negative", "type": "CONDITIONING", "link": 6}, {"name": "latent_image", "type": "LATENT", "link": 2}], "outputs": [{"name": "LATENT", "type": "LATENT", "links": [15, 46], "slot_index": 0}], "properties": {"Node name for S&R": "KSampler"}, "widgets_values": [8767645912, "fixed", 26, 4.12, "dpmpp_2m_sde", "karras", 1]}], "links": [[2, 5, 0, 3, 3, "LATENT"], [4, 6, 0, 3, 1, "CONDITIONING"], [6, 7, 0, 3, 2, "CONDITIONING"], [8, 4, 2, 8, 1, "VAE"], [15, 3, 0, 11, 0, "LATENT"], [17, 4, 0, 12, 0, "MODEL"], [18, 4, 1, 12, 1, "CLIP"], [23, 13, 0, 14, 0, "UPSCALE_MODEL"], [26, 8, 0, 14, 1, "IMAGE"], [28, 14, 0, 9, 0, "IMAGE"], [35, 12, 0, 16, 0, "MODEL"], [36, 12, 1, 16, 1, "CLIP"], [39, 16, 1, 6, 0, "CLIP"], [40, 16, 1, 7, 0, "CLIP"], [44, 16, 0, 3, 0, "MODEL"], [46, 3, 0, 17, 0, "LATENT"], [47, 16, 0, 18, 0, "MODEL"], [48, 6, 0, 18, 1, "CONDITIONING"], [49, 7, 0, 18, 2, "CONDITIONING"], [50, 17, 0, 18, 3, "LATENT"], [51, 18, 0, 8, 0, "LATENT"]], "groups": [], "config": {}, "extra": {}, "version": 0.4}