{"last_node_id": 19, "last_link_id": 43, "nodes": [{"id": 5, "type": "EmptyLatentImage", "pos": [453, 574], "size": [315, 106], "flags": {}, "order": 10, "mode": 0, "inputs": [{"name": "width", "type": "INT", "link": 42, "widget": {"name": "width"}}, {"name": "height", "type": "INT", "link": 43, "widget": {"name": "height"}}], "outputs": [{"name": "LATENT", "type": "LATENT", "links": [], "slot_index": 0}], "properties": {"Node name for S&R": "EmptyLatentImage"}, "widgets_values": [1024, 1024, 1]}, {"id": 8, "type": "VAEDecode", "pos": [1404, 69], "size": {"0": 210, "1": 46}, "flags": {}, "order": 13, "mode": 0, "inputs": [{"name": "samples", "type": "LATENT", "link": 33}, {"name": "vae", "type": "VAE", "link": 8}], "outputs": [{"name": "IMAGE", "type": "IMAGE", "links": [9], "slot_index": 0}], "properties": {"Node name for S&R": "VAEDecode"}}, {"id": 4, "type": "CheckpointLoaderSimple", "pos": [-376, 182], "size": {"0": 315, "1": 98}, "flags": {}, "order": 0, "mode": 0, "outputs": [{"name": "MODEL", "type": "MODEL", "links": [17, 27], "slot_index": 0}, {"name": "CLIP", "type": "CLIP", "links": [18], "slot_index": 1}, {"name": "VAE", "type": "VAE", "links": [8, 37], "slot_index": 2}], "properties": {"Node name for S&R": "CheckpointLoaderSimple"}, "widgets_values": ["nightvisionXLPhotorealisticPortrait_v0743ReleaseBakedvae.safetensors"]}, {"id": 11, "type": "LatentUpscaleBy", "pos": [1041, 54], "size": {"0": 315, "1": 82}, "flags": {}, "order": 11, "mode": 0, "inputs": [{"name": "samples", "type": "LATENT", "link": 28}], "outputs": [{"name": "LATENT", "type": "LATENT", "links": [29], "shape": 3, "slot_index": 0}], "properties": {"Node name for S&R": "LatentUpscaleBy"}, "widgets_values": ["nearest-exact", 1.25]}, {"id": 6, "type": "CLIPTextEncode", "pos": [396, 143], "size": {"0": 422.84503173828125, "1": 164.31304931640625}, "flags": {}, "order": 5, "mode": 0, "inputs": [{"name": "clip", "type": "CLIP", "link": 21}], "outputs": [{"name": "CONDITIONING", "type": "CONDITIONING", "links": [24, 30], "slot_index": 0}], "properties": {"Node name for S&R": "CLIPTextEncode"}, "widgets_values": ["photoshoot portrait of beautiful Cleopatra VII - Queen of Ancient Egypt"]}, {"id": 7, "type": "CLIPTextEncode", "pos": [401, 350], "size": {"0": 425.27801513671875, "1": 180.6060791015625}, "flags": {}, "order": 6, "mode": 0, "inputs": [{"name": "clip", "type": "CLIP", "link": 22}], "outputs": [{"name": "CONDITIONING", "type": "CONDITIONING", "links": [25, 31], "slot_index": 0}], "properties": {"Node name for S&R": "CLIPTextEncode"}, "widgets_values": ["text, watermark, ugly, gym, wrinkles, old, big forehead"]}, {"id": 12, "type": "LoraLoader", "pos": [-2, 187], "size": {"0": 315, "1": 126}, "flags": {}, "order": 3, "mode": 0, "inputs": [{"name": "model", "type": "MODEL", "link": 17}, {"name": "clip", "type": "CLIP", "link": 18}], "outputs": [{"name": "MODEL", "type": "MODEL", "links": [32], "shape": 3, "slot_index": 0}, {"name": "CLIP", "type": "CLIP", "links": [21, 22], "shape": 3}], "properties": {"Node name for S&R": "LoraLoader"}, "widgets_values": ["FaeTastic2.safetensors", 0.6, 1]}, {"id": 15, "type": "CM_SDXLResolution", "pos": [122, 576], "size": {"0": 315, "1": 78}, "flags": {}, "order": 1, "mode": 0, "outputs": [{"name": "width", "type": "INT", "links": [], "shape": 3, "slot_index": 0}, {"name": "height", "type": "INT", "links": [], "shape": 3, "slot_index": 1}], "properties": {"Node name for S&R": "CM_SDXLResolution"}, "widgets_values": ["832x1216"]}, {"id": 9, "type": "SaveImage", "pos": [1579, 164], "size": [689.1648670543264, 987.9342568137381], "flags": {}, "order": 14, "mode": 0, "inputs": [{"name": "images", "type": "IMAGE", "link": 9}], "properties": {}, "widgets_values": ["ComfyUI"]}, {"id": 14, "type": "KSamplerAdvanced", "pos": [1215, 188], "size": [315, 546], "flags": {}, "order": 12, "mode": 0, "inputs": [{"name": "model", "type": "MODEL", "link": 32, "slot_index": 0}, {"name": "positive", "type": "CONDITIONING", "link": 30}, {"name": "negative", "type": "CONDITIONING", "link": 31}, {"name": "latent_image", "type": "LATENT", "link": 29, "slot_index": 3}], "outputs": [{"name": "LATENT", "type": "LATENT", "links": [33], "shape": 3, "slot_index": 0}], "properties": {"Node name for S&R": "KSamplerAdvanced"}, "widgets_values": ["disable", 156680208700286, "fixed", 50, 1.96, "dpmpp_3m_sde_gpu", "karras", 25, 100, "disable"]}, {"id": 17, "type": "VAEEncode", "pos": [97, 777], "size": {"0": 210, "1": 46}, "flags": {}, "order": 7, "mode": 0, "inputs": [{"name": "pixels", "type": "IMAGE", "link": 40}, {"name": "vae", "type": "VAE", "link": 37, "slot_index": 1}], "outputs": [{"name": "LATENT", "type": "LATENT", "links": [38], "shape": 3, "slot_index": 0}], "properties": {"Node name for S&R": "VAEEncode"}}, {"id": 18, "type": "ConstrainImage|pysssss", "pos": [-313, 882], "size": {"0": 315, "1": 154}, "flags": {}, "order": 4, "mode": 0, "inputs": [{"name": "images", "type": "IMAGE", "link": 39}], "outputs": [{"name": "IMAGE", "type": "IMAGE", "links": [40, 41], "shape": 6, "slot_index": 0}], "properties": {"Node name for S&R": "ConstrainImage|pysssss"}, "widgets_values": [1024, 1024, 0, 0, "no"]}, {"id": 19, "type": "Get image size", "pos": [64, 914], "size": {"0": 210, "1": 66}, "flags": {}, "order": 8, "mode": 0, "inputs": [{"name": "image", "type": "IMAGE", "link": 41}], "outputs": [{"name": "INT", "type": "INT", "links": [42], "shape": 3, "slot_index": 0}, {"name": "INT", "type": "INT", "links": [43], "shape": 3, "slot_index": 1}, {"name": "TUPLE", "type": "TUPLE", "links": null, "shape": 3}], "properties": {"Node name for S&R": "Get image size"}}, {"id": 13, "type": "KSamplerAdvanced", "pos": [848, 187], "size": [315, 546], "flags": {}, "order": 9, "mode": 0, "inputs": [{"name": "model", "type": "MODEL", "link": 27, "slot_index": 0}, {"name": "positive", "type": "CONDITIONING", "link": 24}, {"name": "negative", "type": "CONDITIONING", "link": 25}, {"name": "latent_image", "type": "LATENT", "link": 38, "slot_index": 3}], "outputs": [{"name": "LATENT", "type": "LATENT", "links": [28], "shape": 3, "slot_index": 0}], "properties": {"Node name for S&R": "KSamplerAdvanced"}, "widgets_values": ["enable", 156680208697025, "fixed", 50, 6, "dpmpp_3m_sde_gpu", "karras", 20, 25, "enable"]}, {"id": 16, "type": "LoadImage", "pos": [-332, 465], "size": [315, 314], "flags": {}, "order": 2, "mode": 0, "outputs": [{"name": "IMAGE", "type": "IMAGE", "links": [39], "shape": 3, "slot_index": 0}, {"name": "MASK", "type": "MASK", "links": null, "shape": 3}], "properties": {"Node name for S&R": "LoadImage"}, "widgets_values": ["cris (1).png", "image"]}], "links": [[8, 4, 2, 8, 1, "VAE"], [9, 8, 0, 9, 0, "IMAGE"], [17, 4, 0, 12, 0, "MODEL"], [18, 4, 1, 12, 1, "CLIP"], [21, 12, 1, 6, 0, "CLIP"], [22, 12, 1, 7, 0, "CLIP"], [24, 6, 0, 13, 1, "CONDITIONING"], [25, 7, 0, 13, 2, "CONDITIONING"], [27, 4, 0, 13, 0, "MODEL"], [28, 13, 0, 11, 0, "LATENT"], [29, 11, 0, 14, 3, "LATENT"], [30, 6, 0, 14, 1, "CONDITIONING"], [31, 7, 0, 14, 2, "CONDITIONING"], [32, 12, 0, 14, 0, "MODEL"], [33, 14, 0, 8, 0, "LATENT"], [37, 4, 2, 17, 1, "VAE"], [38, 17, 0, 13, 3, "LATENT"], [39, 16, 0, 18, 0, "IMAGE"], [40, 18, 0, 17, 0, "IMAGE"], [41, 18, 0, 19, 0, "IMAGE"], [42, 19, 0, 5, 0, "INT"], [43, 19, 1, 5, 1, "INT"]], "groups": [], "config": {}, "extra": {}, "version": 0.4}