{"last_node_id": 17, "last_link_id": 17, "nodes": [{"id": 2, "type": "ttN pipeLoader", "pos": [48, 103], "size": {"0": 400, "1": 726}, "flags": {}, "order": 0, "mode": 0, "inputs": [{"name": "optional_clip", "type": "CLIP", "link": null}], "outputs": [{"name": "pipe", "type": "PIPE_LINE", "links": [1], "shape": 3, "slot_index": 0}, {"name": "model", "type": "MODEL", "links": null, "shape": 3, "slot_index": 1}, {"name": "positive", "type": "CONDITIONING", "links": null, "shape": 3}, {"name": "negative", "type": "CONDITIONING", "links": null, "shape": 3}, {"name": "latent", "type": "LATENT", "links": null, "shape": 3}, {"name": "vae", "type": "VAE", "links": null, "shape": 3}, {"name": "clip", "type": "CLIP", "links": null, "shape": 3}, {"name": "seed", "type": "INT", "links": null, "shape": 3}], "properties": {"Node name for S&R": "ttN pipeLoader", "ttNnodeVersion": "1.0.3"}, "widgets_values": ["galenaREDUX_v20.safetensors", "anythingKlF8Anime2VaeFtMse840000_klF8Anime2.safetensors", -2, "None", 1, 1, "None", 1, 1, "None", 1, 1, "1girl, nsfw, povfellatio, 1boy, penis, big boobs, big breasts, cleavage, a sexy (succubus:1.25) giving a blowjob, dripping, wet, cum, dripping cum, povfellatio, 1boy, penis, sexy demon. (young:1.3), sexy, hot babe, stunning, virgin, blush, photo, RAW, Canon 85mm f/1.2 L II, slutty, porn, nsfw, pornstar, hentai, disney, 3d render, pixar, animation, slave, choker, crown, encrusted diamonds, luxurious, exotic, seductive, dramatic lighting, composition, moody", "none", "comfy", "", "none", "comfy", 512, 768, 1, 157, "fixed"]}, {"id": 5, "type": "ttN pipeKSamplerAdvanced", "pos": [850, 70], "size": [330, 840], "flags": {}, "order": 3, "mode": 0, "inputs": [{"name": "pipe", "type": "PIPE_LINE", "link": 3}, {"name": "optional_model", "type": "MODEL", "link": null}, {"name": "optional_positive", "type": "CONDITIONING", "link": null}, {"name": "optional_negative", "type": "CONDITIONING", "link": null}, {"name": "optional_latent", "type": "LATENT", "link": null}, {"name": "optional_vae", "type": "VAE", "link": null}, {"name": "optional_clip", "type": "CLIP", "link": null}, {"name": "xyPlot", "type": "XYPLOT", "link": null}], "outputs": [{"name": "pipe", "type": "PIPE_LINE", "links": [14], "shape": 3, "slot_index": 0}, {"name": "model", "type": "MODEL", "links": null, "shape": 3}, {"name": "positive", "type": "CONDITIONING", "links": null, "shape": 3}, {"name": "negative", "type": "CONDITIONING", "links": null, "shape": 3}, {"name": "latent", "type": "LATENT", "links": null, "shape": 3}, {"name": "vae", "type": "VAE", "links": null, "shape": 3}, {"name": "clip", "type": "CLIP", "links": null, "shape": 3}, {"name": "image", "type": "IMAGE", "links": [], "shape": 3, "slot_index": 7}, {"name": "seed", "type": "INT", "links": null, "shape": 3}], "properties": {"Node name for S&R": "ttN pipeKSamplerAdvanced", "ttNnodeVersion": "1.0.4"}, "widgets_values": ["LowRA.safetensors", 1, 1, "area", 1.3, "disabled", "Sample", "enable", 25, 9, "euler_ancestral", "normal", 12, 189, "disable", "Preview", "ComfyUI", 761234660427804, "fixed"]}, {"id": 13, "type": "ttN pipeKSamplerAdvanced", "pos": [1220, 70], "size": {"0": 330, "1": 840}, "flags": {}, "order": 4, "mode": 0, "inputs": [{"name": "pipe", "type": "PIPE_LINE", "link": 14}, {"name": "optional_model", "type": "MODEL", "link": null}, {"name": "optional_positive", "type": "CONDITIONING", "link": null}, {"name": "optional_negative", "type": "CONDITIONING", "link": null}, {"name": "optional_latent", "type": "LATENT", "link": null}, {"name": "optional_vae", "type": "VAE", "link": null}, {"name": "optional_clip", "type": "CLIP", "link": null}, {"name": "xyPlot", "type": "XYPLOT", "link": null}], "outputs": [{"name": "pipe", "type": "PIPE_LINE", "links": null, "shape": 3}, {"name": "model", "type": "MODEL", "links": null, "shape": 3}, {"name": "positive", "type": "CONDITIONING", "links": null, "shape": 3}, {"name": "negative", "type": "CONDITIONING", "links": null, "shape": 3}, {"name": "latent", "type": "LATENT", "links": null, "shape": 3}, {"name": "vae", "type": "VAE", "links": null, "shape": 3}, {"name": "clip", "type": "CLIP", "links": null, "shape": 3}, {"name": "image", "type": "IMAGE", "links": [16], "shape": 3, "slot_index": 7}, {"name": "seed", "type": "INT", "links": null, "shape": 3}], "properties": {"Node name for S&R": "ttN pipeKSamplerAdvanced", "ttNnodeVersion": "1.0.4"}, "widgets_values": ["add_detail.safetensors", 0.49, 1, "nearest-exact", 1.3, "disabled", "Sample", "enable", 25, 8.5, "euler_ancestral", "normal", 13, 50, "disable", "Preview", "ComfyUI", 761234660427808, "fixed"]}, {"id": 17, "type": "ImageUpscaleWithModel", "pos": [1310, -40], "size": {"0": 241.79998779296875, "1": 46}, "flags": {}, "order": 5, "mode": 0, "inputs": [{"name": "upscale_model", "type": "UPSCALE_MODEL", "link": 15}, {"name": "image", "type": "IMAGE", "link": 16}], "outputs": [{"name": "IMAGE", "type": "IMAGE", "links": [17], "shape": 3, "slot_index": 0}], "properties": {"Node name for S&R": "ImageUpscaleWithModel"}}, {"id": 14, "type": "SaveImage", "pos": [1580, -20], "size": {"0": 1120, "1": 1180}, "flags": {}, "order": 6, "mode": 0, "inputs": [{"name": "images", "type": "IMAGE", "link": 17}], "properties": {}, "widgets_values": ["ComfyUI"]}, {"id": 16, "type": "UpscaleModelLoader", "pos": [970, -40], "size": {"0": 315, "1": 58}, "flags": {}, "order": 1, "mode": 0, "outputs": [{"name": "UPSCALE_MODEL", "type": "UPSCALE_MODEL", "links": [15], "shape": 3, "slot_index": 0}], "properties": {"Node name for S&R": "UpscaleModelLoader"}, "widgets_values": ["4x-UltraSharp.pth"]}, {"id": 3, "type": "ttN pipeKSamplerAdvanced", "pos": [495, 66], "size": [330, 840], "flags": {}, "order": 2, "mode": 0, "inputs": [{"name": "pipe", "type": "PIPE_LINE", "link": 1}, {"name": "optional_model", "type": "MODEL", "link": null}, {"name": "optional_positive", "type": "CONDITIONING", "link": null}, {"name": "optional_negative", "type": "CONDITIONING", "link": null}, {"name": "optional_latent", "type": "LATENT", "link": null}, {"name": "optional_vae", "type": "VAE", "link": null}, {"name": "optional_clip", "type": "CLIP", "link": null}, {"name": "xyPlot", "type": "XYPLOT", "link": null}], "outputs": [{"name": "pipe", "type": "PIPE_LINE", "links": [3], "shape": 3, "slot_index": 0}, {"name": "model", "type": "MODEL", "links": null, "shape": 3}, {"name": "positive", "type": "CONDITIONING", "links": null, "shape": 3}, {"name": "negative", "type": "CONDITIONING", "links": null, "shape": 3}, {"name": "latent", "type": "LATENT", "links": null, "shape": 3}, {"name": "vae", "type": "VAE", "links": null, "shape": 3}, {"name": "clip", "type": "CLIP", "links": null, "shape": 3}, {"name": "image", "type": "IMAGE", "links": [], "shape": 3, "slot_index": 7}, {"name": "seed", "type": "INT", "links": null, "shape": 3}], "properties": {"Node name for S&R": "ttN pipeKSamplerAdvanced", "ttNnodeVersion": "1.0.4"}, "widgets_values": ["EkunePOVFellatioV2.safetensors", 1, 1, "None", 0.4, "disabled", "Sample", "enable", 25, 8, "euler_ancestral", "normal", 0, 15, "enable", "Preview", "ComfyUI", 172, "fixed"]}], "links": [[1, 2, 0, 3, 0, "PIPE_LINE"], [3, 3, 0, 5, 0, "PIPE_LINE"], [14, 5, 0, 13, 0, "PIPE_LINE"], [15, 16, 0, 17, 0, "UPSCALE_MODEL"], [16, 13, 7, 17, 1, "IMAGE"], [17, 17, 0, 14, 0, "IMAGE"]], "groups": [], "config": {}, "extra": {}, "version": 0.4}