{"last_node_id": 47, "last_link_id": 119, "nodes": [{"id": 45, "type": "UpscaleModelLoader", "pos": [460, 638], "size": {"0": 315, "1": 58}, "flags": {}, "order": 0, "mode": 0, "outputs": [{"name": "UPSCALE_MODEL", "type": "UPSCALE_MODEL", "links": [112], "shape": 3, "slot_index": 0}], "properties": {"Node name for S&R": "UpscaleModelLoader"}, "widgets_values": ["2x-Bubble-AnimeScale-SwinIR-Small-v1.pth"]}, {"id": 46, "type": "ImageUpscaleWithModel", "pos": [801, 643], "size": {"0": 241.79998779296875, "1": 46}, "flags": {}, "order": 3, "mode": 0, "inputs": [{"name": "upscale_model", "type": "UPSCALE_MODEL", "link": 112}, {"name": "image", "type": "IMAGE", "link": 115, "slot_index": 1}], "outputs": [{"name": "IMAGE", "type": "IMAGE", "links": [116], "shape": 3, "slot_index": 0}], "properties": {"Node name for S&R": "ImageUpscaleWithModel"}}, {"id": 47, "type": "VAEEncode", "pos": [1099.3221972298559, 653.5535457848964], "size": {"0": 210, "1": 46}, "flags": {}, "order": 4, "mode": 0, "inputs": [{"name": "pixels", "type": "IMAGE", "link": 116}, {"name": "vae", "type": "VAE", "link": 117}], "outputs": [{"name": "LATENT", "type": "LATENT", "links": [118], "shape": 3, "slot_index": 0}], "properties": {"Node name for S&R": "VAEEncode"}}, {"id": 13, "type": "ttN pipeKSamplerAdvanced", "pos": [806, 771], "size": [330, 838], "flags": {}, "order": 5, "mode": 0, "inputs": [{"name": "pipe", "type": "PIPE_LINE", "link": 19}, {"name": "optional_model", "type": "MODEL", "link": null}, {"name": "optional_positive", "type": "CONDITIONING", "link": 99}, {"name": "optional_negative", "type": "CONDITIONING", "link": null}, {"name": "optional_latent", "type": "LATENT", "link": 118}, {"name": "optional_vae", "type": "VAE", "link": null}, {"name": "optional_clip", "type": "CLIP", "link": null}, {"name": "xyPlot", "type": "XYPLOT", "link": null}], "outputs": [{"name": "pipe", "type": "PIPE_LINE", "links": [], "shape": 3, "slot_index": 0}, {"name": "model", "type": "MODEL", "links": null, "shape": 3}, {"name": "positive", "type": "CONDITIONING", "links": null, "shape": 3}, {"name": "negative", "type": "CONDITIONING", "links": null, "shape": 3}, {"name": "latent", "type": "LATENT", "links": null, "shape": 3}, {"name": "vae", "type": "VAE", "links": null, "shape": 3}, {"name": "clip", "type": "CLIP", "links": null, "shape": 3}, {"name": "image", "type": "IMAGE", "links": [119], "shape": 3, "slot_index": 7}, {"name": "seed", "type": "INT", "links": null, "shape": 3}], "properties": {"Node name for S&R": "ttN pipeKSamplerAdvanced", "ttNnodeVersion": "1.0.4"}, "widgets_values": ["add_detail.safetensors", 0.5, 1, "None", 1.6, "disabled", "Sample", "enable", 25, 7.9, "dpmpp_2m_sde", "karras", 15, 10000, "disable", "Preview", "ComfyUI", 1098388351686008, "fixed"]}, {"id": 44, "type": "SaveImage", "pos": [1151, 781], "size": [784.9277568676664, 839.6446101692345], "flags": {}, "order": 6, "mode": 0, "inputs": [{"name": "images", "type": "IMAGE", "link": 119}], "properties": {}, "widgets_values": ["ComfyUI"]}, {"id": 10, "type": "ttN pipeLoader", "pos": [6, 774], "size": [440.62963642281557, 910.2728539328693], "flags": {}, "order": 1, "mode": 0, "inputs": [{"name": "optional_clip", "type": "CLIP", "link": null}], "outputs": [{"name": "pipe", "type": "PIPE_LINE", "links": [17], "shape": 3, "slot_index": 0}, {"name": "model", "type": "MODEL", "links": null, "shape": 3}, {"name": "positive", "type": "CONDITIONING", "links": [], "shape": 3, "slot_index": 2}, {"name": "negative", "type": "CONDITIONING", "links": [], "shape": 3, "slot_index": 3}, {"name": "latent", "type": "LATENT", "links": null, "shape": 3}, {"name": "vae", "type": "VAE", "links": null, "shape": 3}, {"name": "clip", "type": "CLIP", "links": null, "shape": 3}, {"name": "seed", "type": "INT", "links": null, "shape": 3}], "properties": {"Node name for S&R": "ttN pipeLoader"}, "widgets_values": ["RealCartoon3DV8.safetensors", "anythingKlF8Anime2VaeFtMse840000_klF8Anime2.safetensors", -2, "assovershoulder.safetensors", 0.64, 1, "ahegao_v1.safetensors", 1, 1, "EkunePOVFellatioV2.safetensors", 1, 1, "(sexy girl making ahegao face, licking, dripping, saliva, centered, looking at camera, young, porn, pornstar, cumshot, bukkake:0.85)\n\n, tongue, (wet:0.6), (cum:0.65), POVD, pornhub, (big ass:0.75), thong, fellatio", "none", "comfy", "ugly, deformed, old, grandma, bad teeth, terrible, horrible, hideous, abomination, orgy, gangbang", "none", "comfy", 512, 512, 1, 0, "fixed"]}, {"id": 11, "type": "ttN pipeKSamplerAdvanced", "pos": [461, 780], "size": [330, 790], "flags": {}, "order": 2, "mode": 0, "inputs": [{"name": "pipe", "type": "PIPE_LINE", "link": 17}, {"name": "optional_model", "type": "MODEL", "link": null}, {"name": "optional_positive", "type": "CONDITIONING", "link": null}, {"name": "optional_negative", "type": "CONDITIONING", "link": null}, {"name": "optional_latent", "type": "LATENT", "link": null}, {"name": "optional_vae", "type": "VAE", "link": null}, {"name": "optional_clip", "type": "CLIP", "link": null}, {"name": "xyPlot", "type": "XYPLOT", "link": null}], "outputs": [{"name": "pipe", "type": "PIPE_LINE", "links": [19], "shape": 3, "slot_index": 0}, {"name": "model", "type": "MODEL", "links": null, "shape": 3}, {"name": "positive", "type": "CONDITIONING", "links": [99], "shape": 3, "slot_index": 2}, {"name": "negative", "type": "CONDITIONING", "links": [], "shape": 3, "slot_index": 3}, {"name": "latent", "type": "LATENT", "links": null, "shape": 3}, {"name": "vae", "type": "VAE", "links": [117], "shape": 3, "slot_index": 5}, {"name": "clip", "type": "CLIP", "links": null, "shape": 3}, {"name": "image", "type": "IMAGE", "links": [115], "shape": 3, "slot_index": 7}, {"name": "seed", "type": "INT", "links": null, "shape": 3}], "properties": {"Node name for S&R": "ttN pipeKSamplerAdvanced"}, "widgets_values": ["Meruccubus (Merunyaa).safetensors", 0.55, -2, "None", 2, "disabled", "Sample", "enable", 32, 4.5, "dpmpp_2m_sde", "karras", 0, 10000, "disable", "Preview", "ComfyUI", 1098388351686034, "fixed"]}], "links": [[17, 10, 0, 11, 0, "PIPE_LINE"], [19, 11, 0, 13, 0, "PIPE_LINE"], [99, 11, 2, 13, 2, "CONDITIONING"], [112, 45, 0, 46, 0, "UPSCALE_MODEL"], [115, 11, 7, 46, 1, "IMAGE"], [116, 46, 0, 47, 0, "IMAGE"], [117, 11, 5, 47, 1, "VAE"], [118, 47, 0, 13, 4, "LATENT"], [119, 13, 7, 44, 0, "IMAGE"]], "groups": [], "config": {}, "extra": {}, "version": 0.4}