{"last_node_id": 15, "last_link_id": 32, "nodes": [{"id": 5, "type": "EmptyLatentImage", "pos": [452, 579], "size": {"0": 315, "1": 106}, "flags": {}, "order": 0, "mode": 0, "outputs": [{"name": "LATENT", "type": "LATENT", "links": [14], "slot_index": 0}], "properties": {"Node name for S&R": "EmptyLatentImage"}, "widgets_values": [1024, 1024, 1]}, {"id": 7, "type": "CLIPTextEncode", "pos": [393, 358], "size": {"0": 425.27801513671875, "1": 180.6060791015625}, "flags": {}, "order": 4, "mode": 0, "inputs": [{"name": "clip", "type": "CLIP", "link": 5}], "outputs": [{"name": "CONDITIONING", "type": "CONDITIONING", "links": [6, 16], "slot_index": 0}], "properties": {"Node name for S&R": "CLIPTextEncode"}, "widgets_values": ["text, watermark"]}, {"id": 4, "type": "CheckpointLoaderSimple", "pos": [37, 283], "size": {"0": 315, "1": 98}, "flags": {}, "order": 1, "mode": 0, "outputs": [{"name": "MODEL", "type": "MODEL", "links": [19], "slot_index": 0}, {"name": "CLIP", "type": "CLIP", "links": [3, 5], "slot_index": 1}, {"name": "VAE", "type": "VAE", "links": [8, 30], "slot_index": 2}], "properties": {"Node name for S&R": "CheckpointLoaderSimple"}, "widgets_values": ["serenexl_v15.safetensors"]}, {"id": 6, "type": "CLIPTextEncode", "pos": [394, 157], "size": {"0": 422.84503173828125, "1": 164.31304931640625}, "flags": {}, "order": 3, "mode": 0, "inputs": [{"name": "clip", "type": "CLIP", "link": 3}], "outputs": [{"name": "CONDITIONING", "type": "CONDITIONING", "links": [4, 15], "slot_index": 0}], "properties": {"Node name for S&R": "CLIPTextEncode"}, "widgets_values": ["underwater habitat inside a glass bottle. vines, leaves, water, lush. metal cover. overgrowth. magical particles floating in the air.\n\ncreepy. dramatic lighting. god rays"]}, {"id": 12, "type": "RescaleCFG", "pos": [436, 49], "size": {"0": 315, "1": 58}, "flags": {}, "order": 2, "mode": 0, "inputs": [{"name": "model", "type": "MODEL", "link": 19}], "outputs": [{"name": "MODEL", "type": "MODEL", "links": [20, 21], "shape": 3, "slot_index": 0}], "properties": {"Node name for S&R": "RescaleCFG"}, "widgets_values": [0.61]}, {"id": 9, "type": "SaveImage", "pos": [1541, 31], "size": [816, 868], "flags": {}, "order": 12, "mode": 0, "inputs": [{"name": "images", "type": "IMAGE", "link": 9}], "properties": {}, "widgets_values": ["ComfyUI"]}, {"id": 13, "type": "LatentUpscaleBy", "pos": [800, 50], "size": {"0": 315, "1": 82}, "flags": {}, "order": 6, "mode": 0, "inputs": [{"name": "samples", "type": "LATENT", "link": 22}], "outputs": [{"name": "LATENT", "type": "LATENT", "links": [27], "shape": 3, "slot_index": 0}], "properties": {"Node name for S&R": "LatentUpscaleBy"}, "widgets_values": ["nearest-exact", 1.25]}, {"id": 10, "type": "LatentMultiply", "pos": [1133, 50], "size": {"0": 315, "1": 58}, "flags": {}, "order": 7, "mode": 0, "inputs": [{"name": "samples", "type": "LATENT", "link": 27}], "outputs": [{"name": "LATENT", "type": "LATENT", "links": [28, 29], "shape": 3, "slot_index": 0}], "properties": {"Node name for S&R": "LatentMultiply"}, "widgets_values": [1.1400000000000001]}, {"id": 14, "type": "VAEDecode", "pos": [920, -206], "size": {"0": 210, "1": 46}, "flags": {}, "order": 9, "mode": 0, "inputs": [{"name": "samples", "type": "LATENT", "link": 29}, {"name": "vae", "type": "VAE", "link": 30, "slot_index": 1}], "outputs": [{"name": "IMAGE", "type": "IMAGE", "links": [31], "shape": 3, "slot_index": 0}], "properties": {"Node name for S&R": "VAEDecode"}}, {"id": 15, "type": "PreviewImage", "pos": [1177, -302], "size": [324.21926269531264, 291.5092553710938], "flags": {}, "order": 11, "mode": 0, "inputs": [{"name": "images", "type": "IMAGE", "link": 31}], "properties": {"Node name for S&R": "PreviewImage"}}, {"id": 8, "type": "VAEDecode", "pos": [1572, -64], "size": {"0": 210, "1": 46}, "flags": {}, "order": 10, "mode": 0, "inputs": [{"name": "samples", "type": "LATENT", "link": 32}, {"name": "vae", "type": "VAE", "link": 8}], "outputs": [{"name": "IMAGE", "type": "IMAGE", "links": [9], "slot_index": 0}], "properties": {"Node name for S&R": "VAEDecode"}}, {"id": 3, "type": "KSampler", "pos": [865, 199], "size": [315, 474], "flags": {}, "order": 5, "mode": 0, "inputs": [{"name": "model", "type": "MODEL", "link": 20}, {"name": "positive", "type": "CONDITIONING", "link": 4}, {"name": "negative", "type": "CONDITIONING", "link": 6}, {"name": "latent_image", "type": "LATENT", "link": 14}], "outputs": [{"name": "LATENT", "type": "LATENT", "links": [22], "slot_index": 0}], "properties": {"Node name for S&R": "KSampler"}, "widgets_values": [156680208700202, "fixed", 32, 9, "euler_ancestral", "normal", 1]}, {"id": 11, "type": "KSampler", "pos": [1203, 204], "size": {"0": 315, "1": 474}, "flags": {}, "order": 8, "mode": 0, "inputs": [{"name": "model", "type": "MODEL", "link": 21}, {"name": "positive", "type": "CONDITIONING", "link": 15}, {"name": "negative", "type": "CONDITIONING", "link": 16}, {"name": "latent_image", "type": "LATENT", "link": 28}], "outputs": [{"name": "LATENT", "type": "LATENT", "links": [32], "slot_index": 0}], "properties": {"Node name for S&R": "KSampler"}, "widgets_values": [156680208700287, "fixed", 32, 6, "dpmpp_3m_sde_gpu", "karras", 0.6]}], "links": [[3, 4, 1, 6, 0, "CLIP"], [4, 6, 0, 3, 1, "CONDITIONING"], [5, 4, 1, 7, 0, "CLIP"], [6, 7, 0, 3, 2, "CONDITIONING"], [8, 4, 2, 8, 1, "VAE"], [9, 8, 0, 9, 0, "IMAGE"], [14, 5, 0, 3, 3, "LATENT"], [15, 6, 0, 11, 1, "CONDITIONING"], [16, 7, 0, 11, 2, "CONDITIONING"], [19, 4, 0, 12, 0, "MODEL"], [20, 12, 0, 3, 0, "MODEL"], [21, 12, 0, 11, 0, "MODEL"], [22, 3, 0, 13, 0, "LATENT"], [27, 13, 0, 10, 0, "LATENT"], [28, 10, 0, 11, 3, "LATENT"], [29, 10, 0, 14, 0, "LATENT"], [30, 4, 2, 14, 1, "VAE"], [31, 14, 0, 15, 0, "IMAGE"], [32, 11, 0, 8, 0, "LATENT"]], "groups": [], "config": {}, "extra": {}, "version": 0.4}