{"last_node_id": 15, "last_link_id": 14, "nodes": [{"id": 13, "type": "ttN pipeKSamplerAdvanced", "pos": [1239, 58], "size": [330, 838.0000152587891], "flags": {}, "order": 3, "mode": 0, "inputs": [{"name": "pipe", "type": "PIPE_LINE", "link": 14}, {"name": "optional_model", "type": "MODEL", "link": null}, {"name": "optional_positive", "type": "CONDITIONING", "link": null}, {"name": "optional_negative", "type": "CONDITIONING", "link": null}, {"name": "optional_latent", "type": "LATENT", "link": null}, {"name": "optional_vae", "type": "VAE", "link": null}, {"name": "optional_clip", "type": "CLIP", "link": null}, {"name": "xyPlot", "type": "XYPLOT", "link": null}], "outputs": [{"name": "pipe", "type": "PIPE_LINE", "links": null, "shape": 3}, {"name": "model", "type": "MODEL", "links": null, "shape": 3}, {"name": "positive", "type": "CONDITIONING", "links": null, "shape": 3}, {"name": "negative", "type": "CONDITIONING", "links": null, "shape": 3}, {"name": "latent", "type": "LATENT", "links": null, "shape": 3}, {"name": "vae", "type": "VAE", "links": null, "shape": 3}, {"name": "clip", "type": "CLIP", "links": null, "shape": 3}, {"name": "image", "type": "IMAGE", "links": [12], "shape": 3, "slot_index": 7}, {"name": "seed", "type": "INT", "links": null, "shape": 3}], "properties": {"Node name for S&R": "ttN pipeKSamplerAdvanced", "ttNnodeVersion": "1.0.4"}, "widgets_values": ["add_detail.safetensors", 0.49, 1, "bicubic", 1.4000000000000001, "disabled", "Sample", "enable", 25, 8.5, "euler_ancestral", "normal", 11, 50, "disable", "Preview", "ComfyUI", 761234660427808, "fixed"]}, {"id": 5, "type": "ttN pipeKSamplerAdvanced", "pos": [884, 52], "size": [330, 838], "flags": {}, "order": 2, "mode": 0, "inputs": [{"name": "pipe", "type": "PIPE_LINE", "link": 3}, {"name": "optional_model", "type": "MODEL", "link": null}, {"name": "optional_positive", "type": "CONDITIONING", "link": null}, {"name": "optional_negative", "type": "CONDITIONING", "link": null}, {"name": "optional_latent", "type": "LATENT", "link": null}, {"name": "optional_vae", "type": "VAE", "link": null}, {"name": "optional_clip", "type": "CLIP", "link": null}, {"name": "xyPlot", "type": "XYPLOT", "link": null}], "outputs": [{"name": "pipe", "type": "PIPE_LINE", "links": [14], "shape": 3, "slot_index": 0}, {"name": "model", "type": "MODEL", "links": null, "shape": 3}, {"name": "positive", "type": "CONDITIONING", "links": null, "shape": 3}, {"name": "negative", "type": "CONDITIONING", "links": null, "shape": 3}, {"name": "latent", "type": "LATENT", "links": null, "shape": 3}, {"name": "vae", "type": "VAE", "links": null, "shape": 3}, {"name": "clip", "type": "CLIP", "links": null, "shape": 3}, {"name": "image", "type": "IMAGE", "links": [], "shape": 3, "slot_index": 7}, {"name": "seed", "type": "INT", "links": null, "shape": 3}], "properties": {"Node name for S&R": "ttN pipeKSamplerAdvanced", "ttNnodeVersion": "1.0.4"}, "widgets_values": ["NsfwPovAllInOneLoraSdxl-000009.safetensors", 0.58, 1, "area", 1.3, "disabled", "Sample", "enable", 25, 9, "euler_ancestral", "normal", 14, 189, "disable", "Preview", "ComfyUI", 761234660427804, "fixed"]}, {"id": 14, "type": "SaveImage", "pos": [1677, -20], "size": {"0": 1120, "1": 1180}, "flags": {}, "order": 4, "mode": 0, "inputs": [{"name": "images", "type": "IMAGE", "link": 12}], "properties": {}, "widgets_values": ["ComfyUI"]}, {"id": 2, "type": "ttN pipeLoader", "pos": [48, 103], "size": [400, 726], "flags": {}, "order": 0, "mode": 0, "inputs": [{"name": "optional_clip", "type": "CLIP", "link": null}], "outputs": [{"name": "pipe", "type": "PIPE_LINE", "links": [1], "shape": 3, "slot_index": 0}, {"name": "model", "type": "MODEL", "links": null, "shape": 3, "slot_index": 1}, {"name": "positive", "type": "CONDITIONING", "links": null, "shape": 3}, {"name": "negative", "type": "CONDITIONING", "links": null, "shape": 3}, {"name": "latent", "type": "LATENT", "links": null, "shape": 3}, {"name": "vae", "type": "VAE", "links": null, "shape": 3}, {"name": "clip", "type": "CLIP", "links": null, "shape": 3}, {"name": "seed", "type": "INT", "links": null, "shape": 3}], "properties": {"Node name for S&R": "ttN pipeLoader", "ttNnodeVersion": "1.0.3"}, "widgets_values": ["galenaREDUX_v20.safetensors", "vae-ft-mse-840000-ema-pruned.safetensors", -2, "None", 1, 1, "None", 1, 1, "None", 1, 1, "a sexy (succubus:1.25), sexy demon. (young:1.3) girl with a big ass, sexy, hot babe, stunning, alexis texas, booty, pawg, wide hips, virgin, blush, photo, posing, RAW, Canon 85mm f/1.2 L II, slutty, porn, nsfw, pornstar, hentai, disney, 3d render, pixar, animation, slave, choker,heart buttplug, panties to the side, crown, encrusted diamonds, luxurious, exotic, seductive, dramatic lighting, composition, moody, arched back, looking back at it", "none", "comfy", "", "none", "comfy", 512, 768, 1, 157, "fixed"]}, {"id": 3, "type": "ttN pipeKSamplerAdvanced", "pos": [495, 66], "size": [330, 838], "flags": {}, "order": 1, "mode": 0, "inputs": [{"name": "pipe", "type": "PIPE_LINE", "link": 1}, {"name": "optional_model", "type": "MODEL", "link": null}, {"name": "optional_positive", "type": "CONDITIONING", "link": null}, {"name": "optional_negative", "type": "CONDITIONING", "link": null}, {"name": "optional_latent", "type": "LATENT", "link": null}, {"name": "optional_vae", "type": "VAE", "link": null}, {"name": "optional_clip", "type": "CLIP", "link": null}, {"name": "xyPlot", "type": "XYPLOT", "link": null}], "outputs": [{"name": "pipe", "type": "PIPE_LINE", "links": [3], "shape": 3, "slot_index": 0}, {"name": "model", "type": "MODEL", "links": null, "shape": 3}, {"name": "positive", "type": "CONDITIONING", "links": null, "shape": 3}, {"name": "negative", "type": "CONDITIONING", "links": null, "shape": 3}, {"name": "latent", "type": "LATENT", "links": null, "shape": 3}, {"name": "vae", "type": "VAE", "links": null, "shape": 3}, {"name": "clip", "type": "CLIP", "links": null, "shape": 3}, {"name": "image", "type": "IMAGE", "links": [], "shape": 3, "slot_index": 7}, {"name": "seed", "type": "INT", "links": null, "shape": 3}], "properties": {"Node name for S&R": "ttN pipeKSamplerAdvanced", "ttNnodeVersion": "1.0.4"}, "widgets_values": ["ASSv12-000011.safetensors", 0.51, 1, "None", 0.4, "disabled", "Sample", "enable", 25, 8, "euler_ancestral", "normal", 0, 15, "enable", "Preview", "ComfyUI", 165, "fixed"]}], "links": [[1, 2, 0, 3, 0, "PIPE_LINE"], [3, 3, 0, 5, 0, "PIPE_LINE"], [12, 13, 7, 14, 0, "IMAGE"], [14, 5, 0, 13, 0, "PIPE_LINE"]], "groups": [], "config": {}, "extra": {}, "version": 0.4}