{"last_node_id": 11, "last_link_id": 24, "nodes": [{"id": 3, "type": "CLIPTextEncode", "pos": [60, 30], "size": {"0": 400, "1": 200}, "flags": {}, "order": 3, "mode": 0, "inputs": [{"name": "clip", "type": "CLIP", "link": 22}], "outputs": [{"name": "CONDITIONING", "type": "CONDITIONING", "links": [8, 14], "shape": 3, "slot_index": 0}], "properties": {"Node name for S&R": "CLIPTextEncode"}, "widgets_values": ["a hedgehog reading a book in a cozy library, sitting on a soft pillow, digital art, photograph, portrait by Alena Aenami, dramatic lighting, incadescent"]}, {"id": 4, "type": "CLIPTextEncode", "pos": [60, 270], "size": {"0": 400, "1": 200}, "flags": {}, "order": 4, "mode": 0, "inputs": [{"name": "clip", "type": "CLIP", "link": 23}], "outputs": [{"name": "CONDITIONING", "type": "CONDITIONING", "links": [7, 15], "shape": 3, "slot_index": 0}], "properties": {"Node name for S&R": "CLIPTextEncode"}, "widgets_values": ["ps2 graphics, FXAA, realistic, hyperrealism"]}, {"id": 1, "type": "CheckpointLoaderSimple", "pos": [-300, 210], "size": {"0": 315, "1": 98}, "flags": {}, "order": 0, "mode": 0, "outputs": [{"name": "MODEL", "type": "MODEL", "links": [18], "shape": 3, "slot_index": 0}, {"name": "CLIP", "type": "CLIP", "links": [19], "shape": 3, "slot_index": 1}, {"name": "VAE", "type": "VAE", "links": [11], "shape": 3}], "properties": {"Node name for S&R": "CheckpointLoaderSimple"}, "widgets_values": ["sd_xl_base_1.0.safetensors"]}, {"id": 6, "type": "VAEDecode", "pos": [1270, -20], "size": {"0": 210, "1": 46}, "flags": {}, "order": 8, "mode": 0, "inputs": [{"name": "samples", "type": "LATENT", "link": 17}, {"name": "vae", "type": "VAE", "link": 11, "slot_index": 1}], "outputs": [{"name": "IMAGE", "type": "IMAGE", "links": [10], "shape": 3, "slot_index": 0}], "properties": {"Node name for S&R": "VAEDecode"}}, {"id": 7, "type": "SaveImage", "pos": [1520, 60], "size": {"0": 510, "1": 560}, "flags": {}, "order": 9, "mode": 0, "inputs": [{"name": "images", "type": "IMAGE", "link": 10}], "properties": {}, "widgets_values": ["ComfyUI"]}, {"id": 9, "type": "LatentUpscaleBy", "pos": [830, 130], "size": {"0": 315, "1": 82}, "flags": {}, "order": 6, "mode": 0, "inputs": [{"name": "samples", "type": "LATENT", "link": 12}], "outputs": [{"name": "LATENT", "type": "LATENT", "links": [], "shape": 3, "slot_index": 0}], "properties": {"Node name for S&R": "LatentUpscaleBy"}, "widgets_values": ["nearest-exact", 1.5]}, {"id": 11, "type": "LoraLoader", "pos": [70, -130], "size": {"0": 315, "1": 126}, "flags": {}, "order": 2, "mode": 0, "inputs": [{"name": "model", "type": "MODEL", "link": 18}, {"name": "clip", "type": "CLIP", "link": 19}], "outputs": [{"name": "MODEL", "type": "MODEL", "links": [20, 21], "shape": 3}, {"name": "CLIP", "type": "CLIP", "links": [22, 23], "shape": 3}], "properties": {"Node name for S&R": "LoraLoader"}, "widgets_values": ["FaeTastic2.safetensors", 0.5, 1]}, {"id": 10, "type": "KSampler", "pos": [1170, 90], "size": {"0": 320, "1": 470}, "flags": {}, "order": 7, "mode": 0, "inputs": [{"name": "model", "type": "MODEL", "link": 21}, {"name": "positive", "type": "CONDITIONING", "link": 14}, {"name": "negative", "type": "CONDITIONING", "link": 15}, {"name": "latent_image", "type": "LATENT", "link": 24}], "outputs": [{"name": "LATENT", "type": "LATENT", "links": [17], "shape": 3, "slot_index": 0}], "properties": {"Node name for S&R": "KSampler"}, "widgets_values": [681273, "fixed", 32, 7.5, "dpmpp_2s_ancestral", "normal", 0.6]}, {"id": 2, "type": "KSampler", "pos": [480, 100], "size": {"0": 320, "1": 470}, "flags": {}, "order": 5, "mode": 0, "inputs": [{"name": "model", "type": "MODEL", "link": 20}, {"name": "positive", "type": "CONDITIONING", "link": 8}, {"name": "negative", "type": "CONDITIONING", "link": 7}, {"name": "latent_image", "type": "LATENT", "link": 4}], "outputs": [{"name": "LATENT", "type": "LATENT", "links": [12, 24], "shape": 3, "slot_index": 0}], "properties": {"Node name for S&R": "KSampler"}, "widgets_values": [682452, "fixed", 32, 7.5, "dpmpp_2s_ancestral", "normal", 1]}, {"id": 5, "type": "EmptyLatentImage", "pos": [70, 520], "size": {"0": 315, "1": 106}, "flags": {}, "order": 1, "mode": 0, "outputs": [{"name": "LATENT", "type": "LATENT", "links": [4], "shape": 3, "slot_index": 0}], "properties": {"Node name for S&R": "EmptyLatentImage"}, "widgets_values": [832, 1024, 1]}], "links": [[4, 5, 0, 2, 3, "LATENT"], [7, 4, 0, 2, 2, "CONDITIONING"], [8, 3, 0, 2, 1, "CONDITIONING"], [10, 6, 0, 7, 0, "IMAGE"], [11, 1, 2, 6, 1, "VAE"], [12, 2, 0, 9, 0, "LATENT"], [14, 3, 0, 10, 1, "CONDITIONING"], [15, 4, 0, 10, 2, "CONDITIONING"], [17, 10, 0, 6, 0, "LATENT"], [18, 1, 0, 11, 0, "MODEL"], [19, 1, 1, 11, 1, "CLIP"], [20, 11, 0, 2, 0, "MODEL"], [21, 11, 0, 10, 0, "MODEL"], [22, 11, 1, 3, 0, "CLIP"], [23, 11, 1, 4, 0, "CLIP"], [24, 2, 0, 10, 3, "LATENT"]], "groups": [], "config": {}, "extra": {}, "version": 0.4}