{"last_node_id": 16, "last_link_id": 22, "nodes": [{"id": 6, "type": "CheckpointLoaderSimple", "pos": [442, -106], "size": {"0": 315, "1": 98}, "flags": {}, "order": 0, "mode": 0, "outputs": [{"name": "MODEL", "type": "MODEL", "links": [8], "shape": 3, "slot_index": 0}, {"name": "CLIP", "type": "CLIP", "links": null, "shape": 3}, {"name": "VAE", "type": "VAE", "links": null, "shape": 3, "slot_index": 2}], "properties": {"Node name for S&R": "CheckpointLoaderSimple"}, "widgets_values": ["experience_V10.safetensors"]}, {"id": 1, "type": "ttN pipeLoader", "pos": [10, 38], "size": {"0": 400, "1": 726}, "flags": {}, "order": 1, "mode": 0, "inputs": [{"name": "optional_clip", "type": "CLIP", "link": null}], "outputs": [{"name": "pipe", "type": "PIPE_LINE", "links": [1], "shape": 3, "slot_index": 0}, {"name": "model", "type": "MODEL", "links": null, "shape": 3}, {"name": "positive", "type": "CONDITIONING", "links": null, "shape": 3}, {"name": "negative", "type": "CONDITIONING", "links": null, "shape": 3}, {"name": "latent", "type": "LATENT", "links": null, "shape": 3}, {"name": "vae", "type": "VAE", "links": [], "shape": 3}, {"name": "clip", "type": "CLIP", "links": null, "shape": 3}, {"name": "seed", "type": "INT", "links": null, "shape": 3}], "properties": {"Node name for S&R": "ttN pipeLoader", "ttNnodeVersion": "1.0.3"}, "widgets_values": ["experience_V10.safetensors", "anythingKlF8Anime2VaeFtMse840000_klF8Anime2.safetensors", -2, "add_detail.safetensors", 1, 1, "None", 1, 1, "None", 1, 1, "Photo of a dusty old attic illuminated by faint rays of sunlight filtering through the cracks in the roof. Cobwebs hang in corners and between various objects, with the occasional mouse scurrying across the wooden floorboards. Amidst the forgotten items, a tarnished silver locket with a faded photo inside, a moth-eaten teddy bear with one eye missing, a rusty key with an ornate handle, a diary with a faded leather cover next to a broken lock, a porcelain doll with a cracked face, a tin soldier missing a foot, a feathered quill pen beside an inkpot, an old-fashioned wind-up toy car, a wooden toy horse on broken wheels, and a set of marbles with a glittery marble stand out.\n\ngreg rutkowski, sharp focus, high quality, 4k, 8k", "none", "comfy", "embedding:bad_prompt_version2-neg, trash, papers", "none", "comfy", 512, 512, 1, 0, "fixed"]}, {"id": 2, "type": "ttN pipeKSamplerAdvanced", "pos": [432, 40], "size": {"0": 330, "1": 790}, "flags": {}, "order": 2, "mode": 0, "inputs": [{"name": "pipe", "type": "PIPE_LINE", "link": 1}, {"name": "optional_model", "type": "MODEL", "link": null}, {"name": "optional_positive", "type": "CONDITIONING", "link": null}, {"name": "optional_negative", "type": "CONDITIONING", "link": null}, {"name": "optional_latent", "type": "LATENT", "link": null}, {"name": "optional_vae", "type": "VAE", "link": null}, {"name": "optional_clip", "type": "CLIP", "link": null}, {"name": "xyPlot", "type": "XYPLOT", "link": null}], "outputs": [{"name": "pipe", "type": "PIPE_LINE", "links": [4], "shape": 3, "slot_index": 0}, {"name": "model", "type": "MODEL", "links": null, "shape": 3}, {"name": "positive", "type": "CONDITIONING", "links": null, "shape": 3}, {"name": "negative", "type": "CONDITIONING", "links": null, "shape": 3}, {"name": "latent", "type": "LATENT", "links": [], "shape": 3, "slot_index": 4}, {"name": "vae", "type": "VAE", "links": null, "shape": 3}, {"name": "clip", "type": "CLIP", "links": null, "shape": 3}, {"name": "image", "type": "IMAGE", "links": [], "shape": 3, "slot_index": 7}, {"name": "seed", "type": "INT", "links": null, "shape": 3}], "properties": {"Node name for S&R": "ttN pipeKSamplerAdvanced", "ttNnodeVersion": "1.0.4"}, "widgets_values": ["None", 1, 1, "None", 2, "disabled", "Sample", "enable", 32, 7, "dpmpp_2m_sde_gpu", "karras", 0, 10, "enable", "Preview", "ComfyUI", 545557266785515, "fixed"]}, {"id": 4, "type": "ttN pipeKSamplerAdvanced", "pos": [783, 42], "size": [330, 790], "flags": {}, "order": 3, "mode": 0, "inputs": [{"name": "pipe", "type": "PIPE_LINE", "link": 4}, {"name": "optional_model", "type": "MODEL", "link": 8}, {"name": "optional_positive", "type": "CONDITIONING", "link": null}, {"name": "optional_negative", "type": "CONDITIONING", "link": null}, {"name": "optional_latent", "type": "LATENT", "link": null}, {"name": "optional_vae", "type": "VAE", "link": null}, {"name": "optional_clip", "type": "CLIP", "link": null}, {"name": "xyPlot", "type": "XYPLOT", "link": null}], "outputs": [{"name": "pipe", "type": "PIPE_LINE", "links": [9], "shape": 3, "slot_index": 0}, {"name": "model", "type": "MODEL", "links": null, "shape": 3}, {"name": "positive", "type": "CONDITIONING", "links": null, "shape": 3}, {"name": "negative", "type": "CONDITIONING", "links": null, "shape": 3}, {"name": "latent", "type": "LATENT", "links": null, "shape": 3}, {"name": "vae", "type": "VAE", "links": [17], "shape": 3, "slot_index": 5}, {"name": "clip", "type": "CLIP", "links": null, "shape": 3}, {"name": "image", "type": "IMAGE", "links": [14], "shape": 3, "slot_index": 7}, {"name": "seed", "type": "INT", "links": null, "shape": 3}], "properties": {"Node name for S&R": "ttN pipeKSamplerAdvanced", "ttNnodeVersion": "1.0.4"}, "widgets_values": ["None", 1, 1, "None", 1.5, "disabled", "Sample", "disable", 32, 7, "dpmpp_2m_sde_gpu", "karras", 10, 10000, "disable", "Preview", "ComfyUI", 545557266785508, "fixed"]}, {"id": 3, "type": "SaveImage", "pos": [1796, 41], "size": [755.9119453708954, 790.8052210117015], "flags": {}, "order": 9, "mode": 0, "inputs": [{"name": "images", "type": "IMAGE", "link": 10}], "properties": {}, "widgets_values": ["ComfyUI"]}, {"id": 12, "type": "VAEEncode", "pos": [1124, 50], "size": {"0": 210, "1": 46}, "flags": {}, "order": 5, "mode": 0, "inputs": [{"name": "pixels", "type": "IMAGE", "link": 15}, {"name": "vae", "type": "VAE", "link": 17}], "outputs": [{"name": "LATENT", "type": "LATENT", "links": [19], "shape": 3, "slot_index": 0}], "properties": {"Node name for S&R": "VAEEncode"}}, {"id": 13, "type": "SetLatentNoiseMask", "pos": [1167, 370], "size": {"0": 210, "1": 46}, "flags": {}, "order": 7, "mode": 0, "inputs": [{"name": "samples", "type": "LATENT", "link": 19}, {"name": "mask", "type": "MASK", "link": 22}], "outputs": [{"name": "LATENT", "type": "LATENT", "links": [20], "shape": 3, "slot_index": 0}], "properties": {"Node name for S&R": "SetLatentNoiseMask"}}, {"id": 7, "type": "ttN pipeKSamplerAdvanced", "pos": [1451, 42], "size": [330, 790], "flags": {}, "order": 8, "mode": 0, "inputs": [{"name": "pipe", "type": "PIPE_LINE", "link": 9}, {"name": "optional_model", "type": "MODEL", "link": null}, {"name": "optional_positive", "type": "CONDITIONING", "link": null}, {"name": "optional_negative", "type": "CONDITIONING", "link": null}, {"name": "optional_latent", "type": "LATENT", "link": 20}, {"name": "optional_vae", "type": "VAE", "link": null}, {"name": "optional_clip", "type": "CLIP", "link": null}, {"name": "xyPlot", "type": "XYPLOT", "link": null}], "outputs": [{"name": "pipe", "type": "PIPE_LINE", "links": null, "shape": 3}, {"name": "model", "type": "MODEL", "links": null, "shape": 3}, {"name": "positive", "type": "CONDITIONING", "links": null, "shape": 3}, {"name": "negative", "type": "CONDITIONING", "links": null, "shape": 3}, {"name": "latent", "type": "LATENT", "links": null, "shape": 3}, {"name": "vae", "type": "VAE", "links": null, "shape": 3}, {"name": "clip", "type": "CLIP", "links": null, "shape": 3}, {"name": "image", "type": "IMAGE", "links": [10], "shape": 3, "slot_index": 7}, {"name": "seed", "type": "INT", "links": null, "shape": 3}], "properties": {"Node name for S&R": "ttN pipeKSamplerAdvanced", "ttNnodeVersion": "1.0.4"}, "widgets_values": ["None", 1, 1, "None", 1.5, "disabled", "Sample", "enable", 32, 7, "dpmpp_2m_sde_gpu", "karras", 13, 10000, "disable", "Preview", "ComfyUI", 545557266785508, "fixed"]}, {"id": 10, "type": "ImagePadForOutpaint", "pos": [1124, 138], "size": {"0": 315, "1": 174}, "flags": {}, "order": 4, "mode": 0, "inputs": [{"name": "image", "type": "IMAGE", "link": 14}], "outputs": [{"name": "IMAGE", "type": "IMAGE", "links": [15], "shape": 3, "slot_index": 0}, {"name": "MASK", "type": "MASK", "links": [21], "shape": 3, "slot_index": 1}], "properties": {"Node name for S&R": "ImagePadForOutpaint"}, "widgets_values": [256, 0, 0, 0, 40]}, {"id": 14, "type": "InvertMask", "pos": [1163, 455], "size": {"0": 210, "1": 26}, "flags": {}, "order": 6, "mode": 0, "inputs": [{"name": "mask", "type": "MASK", "link": 21}], "outputs": [{"name": "MASK", "type": "MASK", "links": [22], "shape": 3, "slot_index": 0}], "properties": {"Node name for S&R": "InvertMask"}}], "links": [[1, 1, 0, 2, 0, "PIPE_LINE"], [4, 2, 0, 4, 0, "PIPE_LINE"], [8, 6, 0, 4, 1, "MODEL"], [9, 4, 0, 7, 0, "PIPE_LINE"], [10, 7, 7, 3, 0, "IMAGE"], [14, 4, 7, 10, 0, "IMAGE"], [15, 10, 0, 12, 0, "IMAGE"], [17, 4, 5, 12, 1, "VAE"], [19, 12, 0, 13, 0, "LATENT"], [20, 13, 0, 7, 4, "LATENT"], [21, 10, 1, 14, 0, "MASK"], [22, 14, 0, 13, 1, "MASK"]], "groups": [], "config": {}, "extra": {}, "version": 0.4}