{"last_node_id": 244, "last_link_id": 964, "nodes": [{"id": 43, "type": "PrimitiveNode", "pos": [-310, -890], "size": {"0": 600, "1": 170}, "flags": {}, "order": 0, "mode": 0, "outputs": [{"name": "STRING", "type": "STRING", "links": [302, 476, 494], "slot_index": 0, "widget": {"name": "text_g", "config": ["STRING", {"multiline": true, "default": "CLIP_G"}]}}], "title": "Fundamental Negative", "properties": {}, "widgets_values": ["noise, grit, dull, washed out, low contrast, blurry, deep-fried, hazy, malformed, warped, deformed, realistic, photograph"], "color": "#322", "bgcolor": "#533"}, {"id": 141, "type": "Reroute", "pos": [510, -610], "size": [75, 26], "flags": {}, "order": 20, "mode": 0, "inputs": [{"name": "", "type": "*", "link": 725}], "outputs": [{"name": "", "type": "CLIP", "links": [531, 533], "slot_index": 0}], "properties": {"showOutputText": false, "horizontal": false}}, {"id": 134, "type": "Reroute", "pos": [820, -1260], "size": [75, 26], "flags": {}, "order": 28, "mode": 0, "inputs": [{"name": "", "type": "*", "link": 782, "slot_index": 0}], "outputs": [{"name": "", "type": "VAE", "links": [665], "slot_index": 0}], "properties": {"showOutputText": false, "horizontal": false}}, {"id": 101, "type": "PrimitiveNode", "pos": [540, -1080], "size": {"0": 210, "1": 82}, "flags": {}, "order": 1, "mode": 0, "outputs": [{"name": "FLOAT", "type": "FLOAT", "links": [380, 813], "slot_index": 0, "widget": {"name": "cfg", "config": ["FLOAT", {"default": 8, "min": 0, "max": 100}]}}], "title": "Base CFG", "properties": {}, "widgets_values": [7.5, "fixed"], "color": "#233", "bgcolor": "#355"}, {"id": 123, "type": "Note", "pos": [-650, -1270], "size": {"0": 320, "1": 560}, "flags": {"pinned": false}, "order": 2, "mode": 0, "title": "Basic Prompting Guide", "properties": {"text": ""}, "widgets_values": ["Prompting: For the linguistic prompt, you should try to explain the image you want in a single sentence with proper grammar. For example:\n\nA photograph of a (subject) in a (location) at (time)\n\nthen you use the second text field to strengthen that prompt with a few carefully selected tags that will help, such as:\n\ncinematic, bokeh, photograph, (features about subject)\n\nFull prompt example:\n\nLinguistic: A cinematic photograph of a pretty woman with blonde hair and blue eyes in a park at sunset\n\nSupporting: clouds, nature, bokeh, f1.8, cinematic lighting, entered composition\n\nPhotographic tips\n\n1. Try and use words or entities that tie into realistic imagery, such as National geographic, Vogue, ethnographic, portrait, and similar words\n\n2. Do not use words like \"realism\" or \"realistic\" when prompting for photographs, as they are associated with art styles that depict \"realistic\" things, and such will weight towards traditional or digital art\n\n3. Feel free to use compositional words, such as \"centered subject\" or \"(object) to the side\", this can help a lot for achieving different and interesting results\n\n4. I recommend not going over 6 on the positive aesthetic score for the refiner when going for realism, I find that the higher you go, the more your images are likely to go into the direction of aesthetic paintings and \n\n"], "color": "#2a363b", "bgcolor": "#3f5159"}, {"id": 210, "type": "Reroute", "pos": [1160, -90], "size": [75, 26], "flags": {}, "order": 35, "mode": 0, "inputs": [{"name": "", "type": "*", "link": 785}], "outputs": [{"name": "", "type": "MODEL", "links": [876], "slot_index": 0}], "properties": {"showOutputText": false, "horizontal": false}}, {"id": 213, "type": "ImageUpscaleWithModel", "pos": [1150, -530], "size": {"0": 230, "1": 50}, "flags": {}, "order": 39, "mode": 0, "inputs": [{"name": "upscale_model", "type": "UPSCALE_MODEL", "link": 926}, {"name": "image", "type": "IMAGE", "link": 925, "slot_index": 1}], "outputs": [{"name": "IMAGE", "type": "IMAGE", "links": [927], "shape": 3, "slot_index": 0}], "title": "Pixel Upscale x4", "properties": {"Node name for S&R": "ImageUpscaleWithModel"}, "color": "#223", "bgcolor": "#335"}, {"id": 234, "type": "Note", "pos": [1410, -150], "size": {"0": 210, "1": 150}, "flags": {}, "order": 3, "mode": 0, "title": "Contrast Fix Node", "properties": {"text": ""}, "widgets_values": ["Contrast fix is to fix the weird black level issues with SDXL when doing multiple passes. Just mess with the value to achieve the look you want.\n\nThe higher the value you use, the more it will bring down the black tones and re-saturate the colors"], "color": "#233", "bgcolor": "#355"}, {"id": 8, "type": "VAEDecode", "pos": [920, -1230], "size": {"0": 140, "1": 46}, "flags": {"collapsed": true}, "order": 38, "mode": 0, "inputs": [{"name": "samples", "type": "LATENT", "link": 663}, {"name": "vae", "type": "VAE", "link": 665}], "outputs": [{"name": "IMAGE", "type": "IMAGE", "links": [925, 928], "slot_index": 0}], "properties": {"Node name for S&R": "VAEDecode"}, "color": "#222", "bgcolor": "#000"}, {"id": 115, "type": "PrimitiveNode", "pos": [320, -1080], "size": {"0": 210, "1": 82}, "flags": {"collapsed": false}, "order": 4, "mode": 0, "outputs": [{"name": "INT", "type": "INT", "links": [475, 721], "slot_index": 0, "widget": {"name": "steps", "config": ["INT", {"default": 20, "min": 1, "max": 10000}]}}], "title": "Steps", "properties": {}, "widgets_values": [25, "fixed"], "color": "#233", "bgcolor": "#355"}, {"id": 184, "type": "SaveImage", "pos": [780, -1200], "size": {"0": 430, "1": 480}, "flags": {}, "order": 40, "mode": 0, "inputs": [{"name": "images", "type": "IMAGE", "link": 928, "slot_index": 0}], "title": "Sytan Workflow", "properties": {}, "widgets_values": ["ComfyUI"], "color": "#223", "bgcolor": "#335"}, {"id": 235, "type": "Note", "pos": [1660, -670], "size": {"0": 210, "1": 350}, "flags": {}, "order": 5, "mode": 0, "title": "UMD Notes", "properties": {"text": ""}, "widgets_values": ["Changing the \"start_at_step\" on the Upscale Mixed Diff\" node will effectively change how \"faithful/fixy\" the upscale is. If you raise the number closer to 30, it will resemble the pixel upscale more, but if you lower it down, it will fix more deformities, at the cost of potentially changing the image fundamentals.\n\nI recommend a range of 15-25, with 15 being the most fixing, and 25 being the least fixing.\n\nI strongly recommend against touching the sampler or the scheduler for the upscale sampler, as it can be very temperamental, and I found a mix that works very well as is\n\nfor different upscale sizes, mess with the downscale node. Sizes listed:\n\n0.375 is 1.5x, 0.5 is 2x, .75 is 3x, 1.0 is 4x "], "color": "#233", "bgcolor": "#355"}, {"id": 218, "type": "VAEDecode", "pos": [1150, -230], "size": {"0": 140, "1": 46}, "flags": {"collapsed": false}, "order": 45, "mode": 0, "inputs": [{"name": "samples", "type": "LATENT", "link": 903, "slot_index": 0}, {"name": "vae", "type": "VAE", "link": 940, "slot_index": 1}], "outputs": [{"name": "IMAGE", "type": "IMAGE", "links": [900, 901], "slot_index": 0}], "properties": {"Node name for S&R": "VAEDecode"}, "color": "#222", "bgcolor": "#000"}, {"id": 209, "type": "PrimitiveNode", "pos": [540, -1220], "size": {"0": 210, "1": 82}, "flags": {}, "order": 6, "mode": 0, "outputs": [{"name": "INT", "type": "INT", "links": [746, 747, 748, 749, 750, 751, 752, 753, 754, 755, 756, 757], "slot_index": 0, "widget": {"name": "height", "config": ["INT", {"default": 1024, "min": 0, "max": 8192}]}}], "title": "Latent Sizes", "properties": {}, "widgets_values": [2048, "fixed"], "color": "#233", "bgcolor": "#355"}, {"id": 78, "type": "PrimitiveNode", "pos": [-310, -1230], "size": {"0": 300, "1": 300}, "flags": {"collapsed": false}, "order": 7, "mode": 0, "outputs": [{"name": "STRING", "type": "STRING", "links": [434], "slot_index": 0, "widget": {"name": "text_g", "config": ["STRING", {"multiline": true, "default": "CLIP_G"}]}}], "title": "Linguistic Positive (G)", "properties": {}, "widgets_values": ["a cute jack-o-lantern pumpkin"], "color": "#232", "bgcolor": "#353"}, {"id": 77, "type": "PrimitiveNode", "pos": [-10, -1230], "size": {"0": 300, "1": 300}, "flags": {}, "order": 8, "mode": 0, "outputs": [{"name": "STRING", "type": "STRING", "links": [470, 797], "slot_index": 0, "widget": {"name": "text_l", "config": ["STRING", {"multiline": true, "default": "CLIP_L"}]}}], "title": "Supporting Terms (L)", "properties": {}, "widgets_values": ["halloween, spider webs, artstation, epic, realistic, artgerm, greg rutkowski, sharp fangs, teeth, evil, horror, creepy, spooky, Monster's Inc"], "color": "#232", "bgcolor": "#353"}, {"id": 216, "type": "KSamplerAdvanced", "pos": [1390, -630], "size": {"0": 250, "1": 514}, "flags": {"collapsed": false}, "order": 43, "mode": 0, "inputs": [{"name": "model", "type": "MODEL", "link": 876, "slot_index": 0}, {"name": "positive", "type": "CONDITIONING", "link": 879, "slot_index": 1}, {"name": "negative", "type": "CONDITIONING", "link": 941, "slot_index": 2}, {"name": "latent_image", "type": "LATENT", "link": 942, "slot_index": 3}, {"name": "cfg", "type": "FLOAT", "link": 813, "widget": {"name": "cfg", "config": ["FLOAT", {"default": 8, "min": 0, "max": 100}]}, "slot_index": 4}, {"name": "noise_seed", "type": "INT", "link": 817, "widget": {"name": "noise_seed", "config": ["INT", {"default": 0, "min": 0, "max": 18446744073709552000}]}, "slot_index": 5}], "outputs": [{"name": "LATENT", "type": "LATENT", "links": [903], "slot_index": 0}], "title": "Upscale Mixed Diff", "properties": {"Node name for S&R": "KSamplerAdvanced"}, "widgets_values": ["enable", 3447, "fixed", 30, 7.5, "ddim", "ddim_uniform", 20, 1000, "disable"], "color": "#323", "bgcolor": "#535"}, {"id": 120, "type": "CLIPTextEncodeSDXLRefiner", "pos": [600, -600], "size": {"0": 400, "1": 200}, "flags": {"collapsed": true}, "order": 27, "mode": 0, "inputs": [{"name": "clip", "type": "CLIP", "link": 533, "slot_index": 0}, {"name": "text", "type": "STRING", "link": 797, "widget": {"name": "text", "config": ["STRING", {"multiline": true}]}, "slot_index": 1}, {"name": "ascore", "type": "FLOAT", "link": 518, "widget": {"name": "ascore", "config": ["FLOAT", {"default": 6, "min": 0, "max": 1000, "step": 0.01}]}, "slot_index": 2}, {"name": "height", "type": "INT", "link": 746, "widget": {"name": "height", "config": ["INT", {"default": 1024, "min": 0, "max": 8192}]}}, {"name": "width", "type": "INT", "link": 747, "widget": {"name": "width", "config": ["INT", {"default": 1024, "min": 0, "max": 8192}]}}], "outputs": [{"name": "CONDITIONING", "type": "CONDITIONING", "links": [480], "shape": 3, "slot_index": 0}], "title": "Positive Refiner", "properties": {"Node name for S&R": "CLIPTextEncodeSDXLRefiner"}, "widgets_values": [6, 2048, 2048, "halloween, spider webs, artstation, epic, realistic, artgerm, greg rutkowski, sharp fangs, teeth, evil, horror, creepy, spooky, Monster's Inc"], "color": "#232", "bgcolor": "#353"}, {"id": 81, "type": "CLIPTextEncodeSDXLRefiner", "pos": [600, -570], "size": {"0": 400, "1": 200}, "flags": {"collapsed": true}, "order": 26, "mode": 0, "inputs": [{"name": "clip", "type": "CLIP", "link": 531}, {"name": "text", "type": "STRING", "link": 494, "widget": {"name": "text", "config": ["STRING", {"multiline": true}]}}, {"name": "ascore", "type": "FLOAT", "link": 534, "widget": {"name": "ascore", "config": ["FLOAT", {"default": 6, "min": 0, "max": 1000, "step": 0.01}]}}, {"name": "width", "type": "INT", "link": 748, "widget": {"name": "width", "config": ["INT", {"default": 1024, "min": 0, "max": 8192}]}}, {"name": "height", "type": "INT", "link": 749, "widget": {"name": "height", "config": ["INT", {"default": 1024, "min": 0, "max": 8192}]}}], "outputs": [{"name": "CONDITIONING", "type": "CONDITIONING", "links": [299], "shape": 3, "slot_index": 0}], "title": "Negative Refiner", "properties": {"Node name for S&R": "CLIPTextEncodeSDXLRefiner"}, "widgets_values": [2, 2048, 2048, "noise, grit, dull, washed out, low contrast, blurry, deep-fried, hazy, malformed, warped, deformed, realistic, photograph"], "color": "#322", "bgcolor": "#533"}, {"id": 82, "type": "CLIPTextEncodeSDXL", "pos": [600, -430], "size": {"0": 400, "1": 289.9999694824219}, "flags": {"collapsed": true}, "order": 33, "mode": 0, "inputs": [{"name": "clip", "type": "CLIP", "link": 522, "slot_index": 0}, {"name": "text_g", "type": "STRING", "link": 302, "widget": {"name": "text_g", "config": ["STRING", {"multiline": true, "default": "CLIP_G"}]}}, {"name": "text_l", "type": "STRING", "link": 476, "widget": {"name": "text_l", "config": ["STRING", {"multiline": true, "default": "CLIP_L"}]}}, {"name": "width", "type": "INT", "link": 755, "widget": {"name": "width", "config": ["INT", {"default": 1024, "min": 0, "max": 8192}]}}, {"name": "height", "type": "INT", "link": 754, "widget": {"name": "height", "config": ["INT", {"default": 1024, "min": 0, "max": 8192}]}, "slot_index": 4}, {"name": "target_width", "type": "INT", "link": 756, "widget": {"name": "target_width", "config": ["INT", {"default": 1024, "min": 0, "max": 8192}]}, "slot_index": 5}, {"name": "target_height", "type": "INT", "link": 757, "widget": {"name": "target_height", "config": ["INT", {"default": 1024, "min": 0, "max": 8192}]}}], "outputs": [{"name": "CONDITIONING", "type": "CONDITIONING", "links": [304, 941], "shape": 3, "slot_index": 0}], "title": "Negative Base", "properties": {"Node name for S&R": "CLIPTextEncodeSDXL"}, "widgets_values": [2048, 2048, 0, 0, 2048, 2048, "noise, grit, dull, washed out, low contrast, blurry, deep-fried, hazy, malformed, warped, deformed, realistic, photograph", "noise, grit, dull, washed out, low contrast, blurry, deep-fried, hazy, malformed, warped, deformed, realistic, photograph"], "color": "#322", "bgcolor": "#533"}, {"id": 75, "type": "CLIPTextEncodeSDXL", "pos": [600, -460], "size": {"0": 400, "1": 289.9999694824219}, "flags": {"collapsed": true}, "order": 34, "mode": 0, "inputs": [{"name": "clip", "type": "CLIP", "link": 523, "slot_index": 0}, {"name": "text_g", "type": "STRING", "link": 434, "widget": {"name": "text_g", "config": ["STRING", {"multiline": true, "default": "CLIP_G"}]}}, {"name": "text_l", "type": "STRING", "link": 470, "widget": {"name": "text_l", "config": ["STRING", {"multiline": true, "default": "CLIP_L"}]}, "slot_index": 2}, {"name": "width", "type": "INT", "link": 750, "widget": {"name": "width", "config": ["INT", {"default": 1024, "min": 0, "max": 8192}]}}, {"name": "height", "type": "INT", "link": 751, "widget": {"name": "height", "config": ["INT", {"default": 1024, "min": 0, "max": 8192}]}, "slot_index": 4}, {"name": "target_width", "type": "INT", "link": 752, "widget": {"name": "target_width", "config": ["INT", {"default": 1024, "min": 0, "max": 8192}]}}, {"name": "target_height", "type": "INT", "link": 753, "widget": {"name": "target_height", "config": ["INT", {"default": 1024, "min": 0, "max": 8192}]}, "slot_index": 6}], "outputs": [{"name": "CONDITIONING", "type": "CONDITIONING", "links": [282, 879], "shape": 3, "slot_index": 0}], "title": "Positive Base", "properties": {"Node name for S&R": "CLIPTextEncodeSDXL"}, "widgets_values": [2048, 2048, 0, 0, 2048, 2048, "a cute jack-o-lantern pumpkin", "halloween, spider webs, artstation, epic, realistic, artgerm, greg rutkowski, sharp fangs, teeth, evil, horror, creepy, spooky, Monster's Inc"], "color": "#232", "bgcolor": "#353"}, {"id": 145, "type": "Reroute", "pos": [790, -490], "size": [75, 26], "flags": {}, "order": 32, "mode": 0, "inputs": [{"name": "", "type": "*", "link": 780}], "outputs": [{"name": "", "type": "MODEL", "links": [536, 785], "slot_index": 0}], "properties": {"showOutputText": false, "horizontal": false}}, {"id": 139, "type": "Reroute", "pos": [510, -470], "size": [75, 26], "flags": {}, "order": 30, "mode": 0, "inputs": [{"name": "", "type": "*", "link": 949}], "outputs": [{"name": "", "type": "CLIP", "links": [522, 523], "slot_index": 0}], "properties": {"showOutputText": false, "horizontal": false}}, {"id": 237, "type": "Reroute", "pos": [70, -490], "size": [75, 26], "flags": {}, "order": 23, "mode": 0, "inputs": [{"name": "", "type": "*", "link": 947}], "outputs": [{"name": "", "type": "MODEL", "links": [948], "slot_index": 0}], "properties": {"showOutputText": false, "horizontal": false}}, {"id": 238, "type": "Reroute", "pos": [70, -470], "size": [75, 26], "flags": {}, "order": 24, "mode": 0, "inputs": [{"name": "", "type": "*", "link": 945, "slot_index": 0}], "outputs": [{"name": "", "type": "CLIP", "links": [949], "slot_index": 0}], "properties": {"showOutputText": false, "horizontal": false}}, {"id": 126, "type": "Reroute", "pos": [780, -630], "size": [75, 26], "flags": {}, "order": 19, "mode": 0, "inputs": [{"name": "", "type": "*", "link": 950}], "outputs": [{"name": "", "type": "MODEL", "links": [918], "slot_index": 0}], "properties": {"showOutputText": false, "horizontal": false}}, {"id": 140, "type": "Reroute", "pos": [510, -490], "size": [75, 26], "flags": {}, "order": 29, "mode": 0, "inputs": [{"name": "", "type": "*", "link": 948}], "outputs": [{"name": "", "type": "MODEL", "links": [780], "slot_index": 0}], "properties": {"showOutputText": false, "horizontal": false}}, {"id": 201, "type": "SaveImage", "pos": [1210, -1200], "size": {"0": 430, "1": 480}, "flags": {}, "order": 49, "mode": 0, "inputs": [{"name": "images", "type": "IMAGE", "link": 931}], "title": "2048x Upscale", "properties": {}, "widgets_values": ["ComfyUI"], "color": "#223", "bgcolor": "#335"}, {"id": 222, "type": "Reroute", "pos": [1330, -1260], "size": [75, 26], "flags": {}, "order": 48, "mode": 0, "inputs": [{"name": "", "type": "*", "link": 954, "slot_index": 0}], "outputs": [{"name": "", "type": "IMAGE", "links": [931], "slot_index": 0}], "properties": {"showOutputText": false, "horizontal": false}}, {"id": 5, "type": "EmptyLatentImage", "pos": [320, -1230], "size": {"0": 210, "1": 110}, "flags": {"collapsed": false}, "order": 9, "mode": 0, "inputs": [], "outputs": [{"name": "LATENT", "type": "LATENT", "links": [], "slot_index": 0}], "title": "Image Resolution", "properties": {"Node name for S&R": "EmptyLatentImage"}, "widgets_values": [1024, 1024, 1], "color": "#432", "bgcolor": "#653"}, {"id": 138, "type": "PrimitiveNode", "pos": [540, -800], "size": {"0": 210, "1": 82}, "flags": {"collapsed": false}, "order": 10, "mode": 0, "outputs": [{"name": "FLOAT", "type": "FLOAT", "links": [534], "slot_index": 0, "widget": {"name": "ascore", "config": ["FLOAT", {"default": 6, "min": 0, "max": 1000, "step": 0.01}]}}], "title": "Negative A Score", "properties": {}, "widgets_values": [2, "fixed"], "color": "#233", "bgcolor": "#355"}, {"id": 137, "type": "PrimitiveNode", "pos": [320, -800], "size": {"0": 210, "1": 82}, "flags": {}, "order": 11, "mode": 0, "outputs": [{"name": "FLOAT", "type": "FLOAT", "links": [518], "slot_index": 0, "widget": {"name": "ascore", "config": ["FLOAT", {"default": 6, "min": 0, "max": 1000, "step": 0.01}]}}], "title": "Positive A Score", "properties": {}, "widgets_values": [6, "fixed"], "color": "#233", "bgcolor": "#355"}, {"id": 203, "type": "Reroute", "pos": [1110, -1260], "size": [75, 26], "flags": {}, "order": 47, "mode": 0, "inputs": [{"name": "", "type": "*", "link": 929, "slot_index": 0}], "outputs": [{"name": "", "type": "IMAGE", "links": [954], "slot_index": 0}], "properties": {"showOutputText": false, "horizontal": false}}, {"id": 187, "type": "UpscaleModelLoader", "pos": [1150, -630], "size": {"0": 230, "1": 60}, "flags": {}, "order": 12, "mode": 0, "outputs": [{"name": "UPSCALE_MODEL", "type": "UPSCALE_MODEL", "links": [926], "shape": 3, "slot_index": 0}], "title": "Upscale Model", "properties": {"Node name for S&R": "UpscaleModelLoader"}, "widgets_values": ["4x-UltraSharp.pth"], "color": "#432", "bgcolor": "#653"}, {"id": 239, "type": "Reroute", "pos": [1320, -329.0475052937913], "size": [75, 26], "flags": {}, "order": 44, "mode": 0, "inputs": [{"name": "", "type": "*", "link": 956}], "outputs": [{"name": "", "type": "LATENT", "links": null}], "properties": {"showOutputText": false, "horizontal": false}}, {"id": 217, "type": "VAEEncode", "pos": [1155, -318], "size": {"0": 140, "1": 50}, "flags": {}, "order": 42, "mode": 0, "inputs": [{"name": "pixels", "type": "IMAGE", "link": 943}, {"name": "vae", "type": "VAE", "link": 939, "slot_index": 1}], "outputs": [{"name": "LATENT", "type": "LATENT", "links": [942, 956], "shape": 3, "slot_index": 0}], "properties": {"Node name for S&R": "VAEEncode"}, "color": "#222", "bgcolor": "#000"}, {"id": 23, "type": "KSamplerAdvanced", "pos": [874, -642], "size": {"0": 270, "1": 510}, "flags": {"collapsed": false}, "order": 37, "mode": 0, "inputs": [{"name": "model", "type": "MODEL", "link": 918}, {"name": "positive", "type": "CONDITIONING", "link": 480}, {"name": "negative", "type": "CONDITIONING", "link": 299}, {"name": "latent_image", "type": "LATENT", "link": 55}, {"name": "cfg", "type": "FLOAT", "link": 961, "widget": {"name": "cfg", "config": ["FLOAT", {"default": 8, "min": 0, "max": 100}]}}, {"name": "steps", "type": "INT", "link": 475, "widget": {"name": "steps", "config": ["INT", {"default": 20, "min": 1, "max": 10000}]}}, {"name": "noise_seed", "type": "INT", "link": 482, "widget": {"name": "noise_seed", "config": ["INT", {"default": 0, "min": 0, "max": 18446744073709552000}]}, "slot_index": 6}], "outputs": [{"name": "LATENT", "type": "LATENT", "links": [663], "slot_index": 0}], "title": "Refiner Pass", "properties": {"Node name for S&R": "KSamplerAdvanced"}, "widgets_values": ["disable", 3447, "fixed", 25, 7.5, "ddim", "normal", 20, 1000, "disable"], "color": "#323", "bgcolor": "#535"}, {"id": 133, "type": "Reroute", "pos": [782, -592], "size": [75, 26], "flags": {}, "order": 21, "mode": 0, "inputs": [{"name": "", "type": "*", "link": 955}], "outputs": [{"name": "", "type": "VAE", "links": [782, 939, 940], "slot_index": 0}], "properties": {"showOutputText": false, "horizontal": false}}, {"id": 215, "type": "ImageScaleBy", "pos": [1150, -440], "size": {"0": 230, "1": 82}, "flags": {}, "order": 41, "mode": 0, "inputs": [{"name": "image", "type": "IMAGE", "link": 927}], "outputs": [{"name": "IMAGE", "type": "IMAGE", "links": [943], "shape": 3, "slot_index": 0}], "title": "Downscale", "properties": {"Node name for S&R": "ImageScaleBy"}, "widgets_values": ["area", 0.5], "color": "#223", "bgcolor": "#335"}, {"id": 221, "type": "ImageBlend", "pos": [1658, -277], "size": {"0": 210, "1": 102}, "flags": {}, "order": 46, "mode": 0, "inputs": [{"name": "image1", "type": "IMAGE", "link": 900}, {"name": "image2", "type": "IMAGE", "link": 901}], "outputs": [{"name": "IMAGE", "type": "IMAGE", "links": [929], "shape": 3, "slot_index": 0}], "title": "Contrast Fix", "properties": {"Node name for S&R": "ImageBlend"}, "widgets_values": [0.225, "overlay"], "color": "#223", "bgcolor": "#335"}, {"id": 4, "type": "CheckpointLoaderSimple", "pos": [-310, -630], "size": {"0": 320, "1": 100}, "flags": {}, "order": 13, "mode": 0, "outputs": [{"name": "MODEL", "type": "MODEL", "links": [950], "slot_index": 0}, {"name": "CLIP", "type": "CLIP", "links": [725], "slot_index": 1}, {"name": "VAE", "type": "VAE", "links": [955], "slot_index": 2}], "title": "Refiner Model", "properties": {"Node name for S&R": "CheckpointLoaderSimple"}, "widgets_values": ["sd_xl_refiner_1.0.safetensors"], "color": "#432", "bgcolor": "#653"}, {"id": 240, "type": "Reroute", "pos": [765, -609.9299598772318], "size": [75, 26], "flags": {}, "order": 14, "mode": 0, "inputs": [{"name": "", "type": "*", "link": null}], "outputs": [{"name": "", "type": "*", "links": [964]}], "properties": {"showOutputText": false, "horizontal": false}}, {"id": 66, "type": "PrimitiveNode", "pos": [320, -940], "size": {"0": 210, "1": 82}, "flags": {}, "order": 15, "mode": 0, "outputs": [{"name": "INT", "type": "INT", "links": [214, 482, 817], "widget": {"name": "noise_seed", "config": ["INT", {"default": 0, "min": 0, "max": 18446744073709552000}]}, "slot_index": 0}], "title": "Seed", "properties": {}, "widgets_values": [3447, "fixed"], "color": "#233", "bgcolor": "#355"}, {"id": 102, "type": "PrimitiveNode", "pos": [540, -940], "size": {"0": 210, "1": 82}, "flags": {}, "order": 17, "mode": 0, "outputs": [{"name": "FLOAT", "type": "FLOAT", "links": [961], "slot_index": 0, "widget": {"name": "cfg", "config": ["FLOAT", {"default": 8, "min": 0, "max": 100}]}}], "title": "Refiner CFG", "properties": {}, "widgets_values": [7.5, "fixed"], "color": "#233", "bgcolor": "#355"}, {"id": 242, "type": "VAEEncode", "pos": [-753, -634], "size": {"0": 210, "1": 46}, "flags": {}, "order": 25, "mode": 0, "inputs": [{"name": "pixels", "type": "IMAGE", "link": 958}, {"name": "vae", "type": "VAE", "link": 960}], "outputs": [{"name": "LATENT", "type": "LATENT", "links": [962], "shape": 3, "slot_index": 0}], "properties": {"Node name for S&R": "VAEEncode"}}, {"id": 243, "type": "LatentUpscale", "pos": [-537.7538818359374, -389.35726562499997], "size": {"0": 315, "1": 130}, "flags": {}, "order": 31, "mode": 0, "inputs": [{"name": "samples", "type": "LATENT", "link": 962}], "outputs": [{"name": "LATENT", "type": "LATENT", "links": [963], "shape": 3, "slot_index": 0}], "properties": {"Node name for S&R": "LatentUpscale"}, "widgets_values": ["area", 1024, 1024, "disabled"]}, {"id": 241, "type": "Canvas_Tab", "pos": [-979, -637], "size": {"0": 210, "1": 342}, "flags": {}, "order": 18, "mode": 0, "outputs": [{"name": "IMAGE", "type": "IMAGE", "links": [958], "shape": 3, "slot_index": 0}, {"name": "MASK", "type": "MASK", "links": null, "shape": 3}], "properties": {"Node name for S&R": "Canvas_Tab"}, "widgets_values": ["bingo", "", ""]}, {"id": 22, "type": "KSamplerAdvanced", "pos": [875, -315], "size": {"0": 270, "1": 510}, "flags": {"collapsed": false}, "order": 36, "mode": 0, "inputs": [{"name": "model", "type": "MODEL", "link": 536}, {"name": "positive", "type": "CONDITIONING", "link": 282}, {"name": "negative", "type": "CONDITIONING", "link": 304}, {"name": "latent_image", "type": "LATENT", "link": 963, "slot_index": 3}, {"name": "noise_seed", "type": "INT", "link": 214, "widget": {"name": "noise_seed", "config": ["INT", {"default": 0, "min": 0, "max": 18446744073709552000}]}}, {"name": "cfg", "type": "FLOAT", "link": 380, "widget": {"name": "cfg", "config": ["FLOAT", {"default": 8, "min": 0, "max": 100}]}}, {"name": "steps", "type": "INT", "link": 721, "widget": {"name": "steps", "config": ["INT", {"default": 20, "min": 1, "max": 10000}]}, "slot_index": 6}], "outputs": [{"name": "LATENT", "type": "LATENT", "links": [55], "slot_index": 0}], "title": "Base Pass", "properties": {"Node name for S&R": "KSamplerAdvanced"}, "widgets_values": ["enable", 3447, "fixed", 25, 7.5, "ddim", "normal", 3, 20, "enable"], "color": "#323", "bgcolor": "#535"}, {"id": 244, "type": "Reroute", "pos": [870, -612.3885498046875], "size": [75, 26], "flags": {}, "order": 22, "mode": 0, "inputs": [{"name": "", "type": "*", "link": 964}], "outputs": [{"name": "", "type": "*", "links": null}], "properties": {"showOutputText": false, "horizontal": false}}, {"id": 10, "type": "CheckpointLoaderSimple", "pos": [-310, -490], "size": {"0": 320, "1": 100}, "flags": {}, "order": 16, "mode": 0, "outputs": [{"name": "MODEL", "type": "MODEL", "links": [947], "slot_index": 0}, {"name": "CLIP", "type": "CLIP", "links": [945], "slot_index": 1}, {"name": "VAE", "type": "VAE", "links": [960], "slot_index": 2}], "title": "Base Model", "properties": {"Node name for S&R": "CheckpointLoaderSimple"}, "widgets_values": ["sdvn7Realartxl_beta2.safetensors"], "color": "#432", "bgcolor": "#653"}], "links": [[55, 22, 0, 23, 3, "LATENT"], [214, 66, 0, 22, 4, "INT"], [282, 75, 0, 22, 1, "CONDITIONING"], [299, 81, 0, 23, 2, "CONDITIONING"], [302, 43, 0, 82, 1, "STRING"], [304, 82, 0, 22, 2, "CONDITIONING"], [380, 101, 0, 22, 5, "FLOAT"], [434, 78, 0, 75, 1, "STRING"], [470, 77, 0, 75, 2, "STRING"], [475, 115, 0, 23, 5, "INT"], [476, 43, 0, 82, 2, "STRING"], [480, 120, 0, 23, 1, "CONDITIONING"], [482, 66, 0, 23, 6, "INT"], [494, 43, 0, 81, 1, "STRING"], [518, 137, 0, 120, 2, "FLOAT"], [522, 139, 0, 82, 0, "CLIP"], [523, 139, 0, 75, 0, "CLIP"], [531, 141, 0, 81, 0, "CLIP"], [533, 141, 0, 120, 0, "CLIP"], [534, 138, 0, 81, 2, "FLOAT"], [536, 145, 0, 22, 0, "MODEL"], [663, 23, 0, 8, 0, "LATENT"], [665, 134, 0, 8, 1, "VAE"], [721, 115, 0, 22, 6, "INT"], [725, 4, 1, 141, 0, "*"], [746, 209, 0, 120, 3, "INT"], [747, 209, 0, 120, 4, "INT"], [748, 209, 0, 81, 3, "INT"], [749, 209, 0, 81, 4, "INT"], [750, 209, 0, 75, 3, "INT"], [751, 209, 0, 75, 4, "INT"], [752, 209, 0, 75, 5, "INT"], [753, 209, 0, 75, 6, "INT"], [754, 209, 0, 82, 4, "INT"], [755, 209, 0, 82, 3, "INT"], [756, 209, 0, 82, 5, "INT"], [757, 209, 0, 82, 6, "INT"], [780, 140, 0, 145, 0, "*"], [782, 133, 0, 134, 0, "*"], [785, 145, 0, 210, 0, "*"], [797, 77, 0, 120, 1, "STRING"], [813, 101, 0, 216, 4, "FLOAT"], [817, 66, 0, 216, 5, "INT"], [876, 210, 0, 216, 0, "MODEL"], [879, 75, 0, 216, 1, "CONDITIONING"], [900, 218, 0, 221, 0, "IMAGE"], [901, 218, 0, 221, 1, "IMAGE"], [903, 216, 0, 218, 0, "LATENT"], [918, 126, 0, 23, 0, "MODEL"], [925, 8, 0, 213, 1, "IMAGE"], [926, 187, 0, 213, 0, "UPSCALE_MODEL"], [927, 213, 0, 215, 0, "IMAGE"], [928, 8, 0, 184, 0, "IMAGE"], [929, 221, 0, 203, 0, "*"], [931, 222, 0, 201, 0, "IMAGE"], [939, 133, 0, 217, 1, "VAE"], [940, 133, 0, 218, 1, "VAE"], [941, 82, 0, 216, 2, "CONDITIONING"], [942, 217, 0, 216, 3, "LATENT"], [943, 215, 0, 217, 0, "IMAGE"], [945, 10, 1, 238, 0, "*"], [947, 10, 0, 237, 0, "*"], [948, 237, 0, 140, 0, "*"], [949, 238, 0, 139, 0, "*"], [950, 4, 0, 126, 0, "*"], [954, 203, 0, 222, 0, "*"], [955, 4, 2, 133, 0, "*"], [956, 217, 0, 239, 0, "*"], [958, 241, 0, 242, 0, "IMAGE"], [960, 10, 2, 242, 1, "VAE"], [961, 102, 0, 23, 4, "FLOAT"], [962, 242, 0, 243, 0, "LATENT"], [963, 243, 0, 22, 3, "LATENT"], [964, 240, 0, 244, 0, "*"]], "groups": [{"title": "Final Image", "bounding": [771, -1299, 878, 588], "color": "#444", "locked": false}, {"title": "Samplers", "bounding": [771, -699, 878, 718], "color": "#444", "locked": false}, {"title": "Models, Encoders, and LoRAs", "bounding": [-319, -699, 1078, 718], "color": "#444", "locked": false}, {"title": "Prompting", "bounding": [-319, -1299, 618, 588], "color": "#444", "locked": false}, {"title": "Gen Settings", "bounding": [311, -1299, 448, 588], "color": "#444", "locked": false}], "config": {}, "extra": {}, "version": 0.4}