{"last_node_id": 17, "last_link_id": 36, "nodes": [{"id": 3, "type": "CLIPTextEncode", "pos": [-1216, 160], "size": {"0": 400, "1": 200}, "flags": {}, "order": 6, "mode": 0, "inputs": [{"name": "clip", "type": "CLIP", "link": 29}], "outputs": [{"name": "CONDITIONING", "type": "CONDITIONING", "links": [5, 14, 21], "shape": 3, "slot_index": 0}], "properties": {"Node name for S&R": "CLIPTextEncode"}, "widgets_values": ["a digital photo pov of a hot girl giving a blowjob. blowjob. vixen, fellatio, POVD. big juicy lips.\n\nin a cozy village in a fantasy (world:0.75), dramatic studio lighting, saliva, sticky, cum, sloppy, deepthroat, big boobs, cleavage"]}, {"id": 4, "type": "CLIPTextEncode", "pos": [-1216, 416], "size": {"0": 400, "1": 200}, "flags": {}, "order": 7, "mode": 0, "inputs": [{"name": "clip", "type": "CLIP", "link": 30}], "outputs": [{"name": "CONDITIONING", "type": "CONDITIONING", "links": [4, 15, 22], "shape": 3, "slot_index": 0}], "properties": {"Node name for S&R": "CLIPTextEncode"}, "widgets_values": ["low poly, ps2 graphics"]}, {"id": 6, "type": "VAEDecode", "pos": [0, 160], "size": {"0": 210, "1": 46}, "flags": {}, "order": 14, "mode": 0, "inputs": [{"name": "samples", "type": "LATENT", "link": 17}, {"name": "vae", "type": "VAE", "link": 8}], "outputs": [{"name": "IMAGE", "type": "IMAGE", "links": [10], "shape": 3, "slot_index": 0}], "properties": {"Node name for S&R": "VAEDecode"}}, {"id": 1, "type": "CheckpointLoaderSimple", "pos": [-1760, 192], "size": {"0": 315, "1": 98}, "flags": {}, "order": 0, "mode": 0, "outputs": [{"name": "MODEL", "type": "MODEL", "links": [24], "shape": 3, "slot_index": 0}, {"name": "CLIP", "type": "CLIP", "links": [25], "shape": 3, "slot_index": 1}, {"name": "VAE", "type": "VAE", "links": [8, 34], "shape": 3, "slot_index": 2}], "properties": {"Node name for S&R": "CheckpointLoaderSimple"}, "widgets_values": ["nightvisionXLPhotorealisticPortrait_v0743ReleaseBakedvae.safetensors"]}, {"id": 16, "type": "ConstrainImage|pysssss", "pos": [-1504, 640], "size": {"0": 315, "1": 154}, "flags": {}, "order": 5, "mode": 0, "inputs": [{"name": "images", "type": "IMAGE", "link": 31}], "outputs": [{"name": "IMAGE", "type": "IMAGE", "links": [32], "shape": 6, "slot_index": 0}], "properties": {"Node name for S&R": "ConstrainImage|pysssss"}, "widgets_values": [1024, 1024, 0, 1024, "no"]}, {"id": 5, "type": "EmptyLatentImage", "pos": [-1568, 352], "size": {"0": 315, "1": 106}, "flags": {}, "order": 1, "mode": 0, "outputs": [{"name": "LATENT", "type": "LATENT", "links": [], "shape": 3, "slot_index": 0}], "properties": {"Node name for S&R": "EmptyLatentImage"}, "widgets_values": [1024, 1024, 1]}, {"id": 14, "type": "LoraLoader", "pos": [-1568, 96], "size": {"0": 315, "1": 126}, "flags": {}, "order": 4, "mode": 0, "inputs": [{"name": "model", "type": "MODEL", "link": 24}, {"name": "clip", "type": "CLIP", "link": 25}], "outputs": [{"name": "MODEL", "type": "MODEL", "links": [26, 27, 28], "shape": 3}, {"name": "CLIP", "type": "CLIP", "links": [29, 30], "shape": 3}], "properties": {"Node name for S&R": "LoraLoader"}, "widgets_values": ["NsfwPovAllInOneLoraSdxl-000009.safetensors", 0.75, 1]}, {"id": 17, "type": "VAEEncode", "pos": [-1110.5863464355468, 704.1307424926758], "size": {"0": 210, "1": 46}, "flags": {}, "order": 8, "mode": 0, "inputs": [{"name": "pixels", "type": "IMAGE", "link": 32}, {"name": "vae", "type": "VAE", "link": 34, "slot_index": 1}], "outputs": [{"name": "LATENT", "type": "LATENT", "links": [36], "shape": 3, "slot_index": 0}], "properties": {"Node name for S&R": "VAEEncode"}}, {"id": 13, "type": "PrimitiveNode", "pos": [0, 864], "size": {"0": 224, "1": 96}, "flags": {}, "order": 2, "mode": 0, "outputs": [{"name": "INT", "type": "INT", "links": [23], "slot_index": 0, "widget": {"name": "noise_seed"}}], "properties": {}, "widgets_values": [86876395, "fixed"]}, {"id": 10, "type": "LatentUpscaleBy", "pos": [-800, 128], "size": {"0": 315, "1": 82}, "flags": {}, "order": 10, "mode": 0, "inputs": [{"name": "samples", "type": "LATENT", "link": 12}], "outputs": [{"name": "LATENT", "type": "LATENT", "links": [13], "shape": 3, "slot_index": 0}], "properties": {"Node name for S&R": "LatentUpscaleBy"}, "widgets_values": ["bislerp", 1.25]}, {"id": 12, "type": "LatentUpscaleBy", "pos": [-448, 128], "size": {"0": 315, "1": 82}, "flags": {}, "order": 12, "mode": 0, "inputs": [{"name": "samples", "type": "LATENT", "link": 18}], "outputs": [{"name": "LATENT", "type": "LATENT", "links": [19], "shape": 3, "slot_index": 0}], "properties": {"Node name for S&R": "LatentUpscaleBy"}, "widgets_values": ["bislerp", 1.25]}, {"id": 11, "type": "KSamplerAdvanced", "pos": [-96, 256], "size": [320, 544], "flags": {}, "order": 13, "mode": 0, "inputs": [{"name": "model", "type": "MODEL", "link": 28}, {"name": "positive", "type": "CONDITIONING", "link": 21}, {"name": "negative", "type": "CONDITIONING", "link": 22}, {"name": "latent_image", "type": "LATENT", "link": 19, "slot_index": 3}], "outputs": [{"name": "LATENT", "type": "LATENT", "links": [17], "shape": 3, "slot_index": 0}], "properties": {"Node name for S&R": "KSamplerAdvanced"}, "widgets_values": ["enable", 86876837, "fixed", 25, 4.4, "dpmpp_3m_sde_gpu", "karras", 14, 10000, "disable"]}, {"id": 9, "type": "KSamplerAdvanced", "pos": [-448, 256], "size": [320, 544], "flags": {}, "order": 11, "mode": 0, "inputs": [{"name": "model", "type": "MODEL", "link": 27}, {"name": "positive", "type": "CONDITIONING", "link": 14}, {"name": "negative", "type": "CONDITIONING", "link": 15}, {"name": "latent_image", "type": "LATENT", "link": 13, "slot_index": 3}], "outputs": [{"name": "LATENT", "type": "LATENT", "links": [18], "shape": 3, "slot_index": 0}], "properties": {"Node name for S&R": "KSamplerAdvanced"}, "widgets_values": ["enable", 86876810, "fixed", 75, 4, "dpmpp_3m_sde_gpu", "karras", 50, 10000, "disable"]}, {"id": 8, "type": "SaveImage", "pos": [256, -352], "size": {"0": 1088, "1": 1152}, "flags": {}, "order": 15, "mode": 0, "inputs": [{"name": "images", "type": "IMAGE", "link": 10}], "properties": {}, "widgets_values": ["ComfyUI"]}, {"id": 15, "type": "LoadImage", "pos": [-1888, 576], "size": {"0": 320, "1": 320}, "flags": {}, "order": 3, "mode": 0, "outputs": [{"name": "IMAGE", "type": "IMAGE", "links": [31], "shape": 3, "slot_index": 0}, {"name": "MASK", "type": "MASK", "links": null, "shape": 3}], "properties": {"Node name for S&R": "LoadImage"}, "widgets_values": ["suck4.png", "image"]}, {"id": 2, "type": "KSamplerAdvanced", "pos": [-800, 256], "size": {"0": 320, "1": 544}, "flags": {}, "order": 9, "mode": 0, "inputs": [{"name": "model", "type": "MODEL", "link": 26}, {"name": "positive", "type": "CONDITIONING", "link": 5}, {"name": "negative", "type": "CONDITIONING", "link": 4}, {"name": "latent_image", "type": "LATENT", "link": 36, "slot_index": 3}, {"name": "noise_seed", "type": "INT", "link": 23, "widget": {"name": "noise_seed"}}], "outputs": [{"name": "LATENT", "type": "LATENT", "links": [12], "shape": 3, "slot_index": 0}], "properties": {"Node name for S&R": "KSamplerAdvanced"}, "widgets_values": ["enable", 86876395, "fixed", 75, 9.6, "dpmpp_3m_sde_gpu", "karras", 40, 60, "enable"]}], "links": [[4, 4, 0, 2, 2, "CONDITIONING"], [5, 3, 0, 2, 1, "CONDITIONING"], [8, 1, 2, 6, 1, "VAE"], [10, 6, 0, 8, 0, "IMAGE"], [12, 2, 0, 10, 0, "LATENT"], [13, 10, 0, 9, 3, "LATENT"], [14, 3, 0, 9, 1, "CONDITIONING"], [15, 4, 0, 9, 2, "CONDITIONING"], [17, 11, 0, 6, 0, "LATENT"], [18, 9, 0, 12, 0, "LATENT"], [19, 12, 0, 11, 3, "LATENT"], [21, 3, 0, 11, 1, "CONDITIONING"], [22, 4, 0, 11, 2, "CONDITIONING"], [23, 13, 0, 2, 4, "INT"], [24, 1, 0, 14, 0, "MODEL"], [25, 1, 1, 14, 1, "CLIP"], [26, 14, 0, 2, 0, "MODEL"], [27, 14, 0, 9, 0, "MODEL"], [28, 14, 0, 11, 0, "MODEL"], [29, 14, 1, 3, 0, "CLIP"], [30, 14, 1, 4, 0, "CLIP"], [31, 15, 0, 16, 0, "IMAGE"], [32, 16, 0, 17, 0, "IMAGE"], [34, 1, 2, 17, 1, "VAE"], [36, 17, 0, 2, 3, "LATENT"]], "groups": [], "config": {}, "extra": {}, "version": 0.4}