{"last_node_id": 49, "last_link_id": 121, "nodes": [{"id": 35, "type": "Image Filter Adjustments", "pos": [-1070, 710], "size": {"0": 315, "1": 226}, "flags": {}, "order": 7, "mode": 0, "inputs": [{"name": "image", "type": "IMAGE", "link": 118}], "outputs": [{"name": "IMAGE", "type": "IMAGE", "links": [], "shape": 3, "slot_index": 0}], "properties": {"Node name for S&R": "Image Filter Adjustments"}, "widgets_values": [0, 1, 0, 1, 0, 0, 0, "false"]}, {"id": 36, "type": "PreviewImage", "pos": [-350, 380], "size": {"0": 320, "1": 280}, "flags": {}, "order": 12, "mode": 0, "inputs": [{"name": "images", "type": "IMAGE", "link": 77}], "properties": {"Node name for S&R": "PreviewImage"}}, {"id": 43, "type": "PreviewImage", "pos": [-350, 720], "size": {"0": 320, "1": 320}, "flags": {}, "order": 17, "mode": 0, "inputs": [{"name": "images", "type": "IMAGE", "link": 120}], "properties": {"Node name for S&R": "PreviewImage"}}, {"id": 7, "type": "CLIPTextEncode", "pos": [-700, 60], "size": {"0": 300, "1": 100}, "flags": {}, "order": 10, "mode": 0, "inputs": [{"name": "clip", "type": "CLIP", "link": 31, "slot_index": 0}], "outputs": [{"name": "CONDITIONING", "type": "CONDITIONING", "links": [79, 98], "shape": 3, "slot_index": 0}], "properties": {"Node name for S&R": "CLIPTextEncode"}, "widgets_values": ["(embedding:bad_prompt_version2-neg:0.75), ugly, obese, hideous, bad quality, low quality, ps2 graphics"]}, {"id": 41, "type": "LoadImage", "pos": [-1070, 350], "size": {"0": 320, "1": 310}, "flags": {}, "order": 0, "mode": 0, "outputs": [{"name": "IMAGE", "type": "IMAGE", "links": [], "shape": 3, "slot_index": 0}, {"name": "MASK", "type": "MASK", "links": null, "shape": 3}], "properties": {"Node name for S&R": "LoadImage"}, "widgets_values": ["pasted/image (2).png", "image"]}, {"id": 6, "type": "CLIPTextEncode", "pos": [-700, -70], "size": {"0": 300, "1": 100}, "flags": {}, "order": 9, "mode": 0, "inputs": [{"name": "clip", "type": "CLIP", "link": 30, "slot_index": 0}], "outputs": [{"name": "CONDITIONING", "type": "CONDITIONING", "links": [78, 101], "shape": 3, "slot_index": 0}], "properties": {"Node name for S&R": "CLIPTextEncode"}, "widgets_values": ["a sillhouette of (Kobe Bryant:1.35) dribbling a basketball"]}, {"id": 47, "type": "Get Image Size", "pos": [-360, 260], "size": {"0": 210, "1": 46}, "flags": {}, "order": 14, "mode": 0, "inputs": [{"name": "image", "type": "IMAGE", "link": 106}], "outputs": [{"name": "INT", "type": "INT", "links": [107], "shape": 3, "slot_index": 0}, {"name": "INT", "type": "INT", "links": [108], "shape": 3, "slot_index": 1}], "properties": {"Node name for S&R": "Get Image Size"}}, {"id": 8, "type": "EmptyLatentImage", "pos": [-700, 200], "size": {"0": 300, "1": 110}, "flags": {}, "order": 18, "mode": 0, "inputs": [{"name": "width", "type": "INT", "link": 107, "widget": {"name": "width", "config": ["INT", {"default": 512, "min": 16, "max": 8192, "step": 8}]}}, {"name": "height", "type": "INT", "link": 108, "widget": {"name": "height", "config": ["INT", {"default": 512, "min": 16, "max": 8192, "step": 8}]}}], "outputs": [{"name": "LATENT", "type": "LATENT", "links": [], "shape": 3, "slot_index": 0}], "properties": {"Node name for S&R": "EmptyLatentImage"}, "widgets_values": [768, 768, 1]}, {"id": 34, "type": "Canny", "pos": [-700, 560], "size": {"0": 315, "1": 82}, "flags": {}, "order": 11, "mode": 0, "inputs": [{"name": "image", "type": "IMAGE", "link": 74}], "outputs": [{"name": "IMAGE", "type": "IMAGE", "links": [], "shape": 3, "slot_index": 0}], "properties": {"Node name for S&R": "Canny"}, "widgets_values": [0.01, 0.8]}, {"id": 42, "type": "LoadImage", "pos": [-1440, 340], "size": {"0": 320, "1": 310}, "flags": {}, "order": 1, "mode": 0, "outputs": [{"name": "IMAGE", "type": "IMAGE", "links": [], "shape": 3, "slot_index": 0}, {"name": "MASK", "type": "MASK", "links": null, "shape": 3}], "properties": {"Node name for S&R": "LoadImage"}, "widgets_values": ["pasted/image (3).png", "image"]}, {"id": 30, "type": "LatentUpscaleBy", "pos": [340, -60], "size": {"0": 315, "1": 82}, "flags": {}, "order": 20, "mode": 0, "inputs": [{"name": "samples", "type": "LATENT", "link": 65}], "outputs": [{"name": "LATENT", "type": "LATENT", "links": [99], "shape": 3, "slot_index": 0}], "properties": {"Node name for S&R": "LatentUpscaleBy"}, "widgets_values": ["nearest-exact", 1.5]}, {"id": 11, "type": "VAEDecode", "pos": [400, -150], "size": {"0": 210, "1": 46}, "flags": {}, "order": 22, "mode": 0, "inputs": [{"name": "samples", "type": "LATENT", "link": 68}, {"name": "vae", "type": "VAE", "link": 26, "slot_index": 1}], "outputs": [{"name": "IMAGE", "type": "IMAGE", "links": [115], "shape": 3, "slot_index": 0}], "properties": {"Node name for S&R": "VAEDecode"}}, {"id": 3, "type": "SaveImage", "pos": [720, -190], "size": {"0": 850, "1": 900}, "flags": {}, "order": 23, "mode": 0, "inputs": [{"name": "images", "type": "IMAGE", "link": 115}], "properties": {}, "widgets_values": ["ComfyUI"]}, {"id": 32, "type": "VAEEncode", "pos": [-240, 300], "size": {"0": 210, "1": 46}, "flags": {}, "order": 15, "mode": 0, "inputs": [{"name": "pixels", "type": "IMAGE", "link": 116}, {"name": "vae", "type": "VAE", "link": 70, "slot_index": 1}], "outputs": [{"name": "LATENT", "type": "LATENT", "links": [117], "shape": 3, "slot_index": 0}], "properties": {"Node name for S&R": "VAEEncode"}}, {"id": 37, "type": "MiDaS Depth Approximation", "pos": [-700, 690], "size": {"0": 315, "1": 126}, "flags": {}, "order": 13, "mode": 0, "inputs": [{"name": "image", "type": "IMAGE", "link": 82}, {"name": "midas_model", "type": "MIDAS_MODEL", "link": 83, "slot_index": 1}], "outputs": [{"name": "images", "type": "IMAGE", "links": [119, 120], "shape": 3, "slot_index": 0}], "properties": {"Node name for S&R": "MiDaS Depth Approximation"}, "widgets_values": ["false", "DPT_Large", "false"]}, {"id": 40, "type": "ControlNetLoader", "pos": [-360, -50], "size": {"0": 315, "1": 58}, "flags": {}, "order": 2, "mode": 0, "outputs": [{"name": "CONTROL_NET", "type": "CONTROL_NET", "links": [85], "shape": 3}], "properties": {"Node name for S&R": "ControlNetLoader"}, "widgets_values": ["depth-zoe-xl-v1.0-controlnet.safetensors"]}, {"id": 12, "type": "CheckpointLoaderSimple", "pos": [-1050, -10], "size": {"0": 315, "1": 98}, "flags": {}, "order": 3, "mode": 0, "outputs": [{"name": "MODEL", "type": "MODEL", "links": [27, 67], "shape": 3, "slot_index": 0}, {"name": "CLIP", "type": "CLIP", "links": [28], "shape": 3, "slot_index": 1}, {"name": "VAE", "type": "VAE", "links": [26, 70], "shape": 3, "slot_index": 2}], "properties": {"Node name for S&R": "CheckpointLoaderSimple"}, "widgets_values": ["sd_xl_base_1.0.safetensors"]}, {"id": 13, "type": "LoraLoader", "pos": [-1050, 130], "size": {"0": 315, "1": 126}, "flags": {}, "order": 6, "mode": 4, "inputs": [{"name": "model", "type": "MODEL", "link": 27}, {"name": "clip", "type": "CLIP", "link": 28}], "outputs": [{"name": "MODEL", "type": "MODEL", "links": [29], "shape": 3}, {"name": "CLIP", "type": "CLIP", "links": [30, 31], "shape": 3}], "properties": {"Node name for S&R": "LoraLoader"}, "widgets_values": ["ColoringBookRedmond-ColoringBookAF.safetensors", 1, 1]}, {"id": 33, "type": "ConstrainImage|pysssss", "pos": [-700, 360], "size": {"0": 315, "1": 154}, "flags": {}, "order": 8, "mode": 0, "inputs": [{"name": "images", "type": "IMAGE", "link": 121}], "outputs": [{"name": "IMAGE", "type": "IMAGE", "links": [74, 77, 82, 106, 116], "shape": 6, "slot_index": 0}], "properties": {"Node name for S&R": "ConstrainImage|pysssss"}, "widgets_values": [1024, 1024, 0, 1024, "no"]}, {"id": 31, "type": "LoadImage", "pos": [-1440, 700], "size": {"0": 320, "1": 310}, "flags": {}, "order": 4, "mode": 0, "outputs": [{"name": "IMAGE", "type": "IMAGE", "links": [118, 121], "shape": 3, "slot_index": 0}, {"name": "MASK", "type": "MASK", "links": null, "shape": 3}], "properties": {"Node name for S&R": "LoadImage"}, "widgets_values": ["pasted/image (1).png", "image"]}, {"id": 10, "type": "KSampler", "pos": [-10, -10], "size": {"0": 320, "1": 470}, "flags": {}, "order": 19, "mode": 0, "inputs": [{"name": "model", "type": "MODEL", "link": 29}, {"name": "positive", "type": "CONDITIONING", "link": 80}, {"name": "negative", "type": "CONDITIONING", "link": 81}, {"name": "latent_image", "type": "LATENT", "link": 117}], "outputs": [{"name": "LATENT", "type": "LATENT", "links": [65], "shape": 3, "slot_index": 0}], "properties": {"Node name for S&R": "KSampler"}, "widgets_values": [981512481, "fixed", 20, 5, "euler_ancestral", "normal", 0.4]}, {"id": 39, "type": "MiDaS Model Loader", "pos": [-700, 860], "size": {"0": 315, "1": 58}, "flags": {}, "order": 5, "mode": 0, "outputs": [{"name": "midas_model", "type": "MIDAS_MODEL", "links": [83], "shape": 3}], "properties": {"Node name for S&R": "MiDaS Model Loader"}, "widgets_values": ["DPT_Hybrid"]}, {"id": 38, "type": "ControlNetApplyAdvanced", "pos": [-360, 40], "size": {"0": 315, "1": 166}, "flags": {}, "order": 16, "mode": 0, "inputs": [{"name": "positive", "type": "CONDITIONING", "link": 78}, {"name": "negative", "type": "CONDITIONING", "link": 79}, {"name": "control_net", "type": "CONTROL_NET", "link": 85, "slot_index": 2}, {"name": "image", "type": "IMAGE", "link": 119}], "outputs": [{"name": "positive", "type": "CONDITIONING", "links": [80], "shape": 3, "slot_index": 0}, {"name": "negative", "type": "CONDITIONING", "links": [81], "shape": 3, "slot_index": 1}], "properties": {"Node name for S&R": "ControlNetApplyAdvanced"}, "widgets_values": [0.6, 0.5, 1]}, {"id": 29, "type": "KSampler", "pos": [330, 60], "size": {"0": 320, "1": 470}, "flags": {}, "order": 21, "mode": 0, "inputs": [{"name": "model", "type": "MODEL", "link": 67, "slot_index": 0}, {"name": "positive", "type": "CONDITIONING", "link": 101}, {"name": "negative", "type": "CONDITIONING", "link": 98}, {"name": "latent_image", "type": "LATENT", "link": 99}], "outputs": [{"name": "LATENT", "type": "LATENT", "links": [68], "shape": 3, "slot_index": 0}], "properties": {"Node name for S&R": "KSampler"}, "widgets_values": [981513514, "fixed", 20, 5, "euler_ancestral", "normal", 0.63]}], "links": [[26, 12, 2, 11, 1, "VAE"], [27, 12, 0, 13, 0, "MODEL"], [28, 12, 1, 13, 1, "CLIP"], [29, 13, 0, 10, 0, "MODEL"], [30, 13, 1, 6, 0, "CLIP"], [31, 13, 1, 7, 0, "CLIP"], [65, 10, 0, 30, 0, "LATENT"], [67, 12, 0, 29, 0, "MODEL"], [68, 29, 0, 11, 0, "LATENT"], [70, 12, 2, 32, 1, "VAE"], [74, 33, 0, 34, 0, "IMAGE"], [77, 33, 0, 36, 0, "IMAGE"], [78, 6, 0, 38, 0, "CONDITIONING"], [79, 7, 0, 38, 1, "CONDITIONING"], [80, 38, 0, 10, 1, "CONDITIONING"], [81, 38, 1, 10, 2, "CONDITIONING"], [82, 33, 0, 37, 0, "IMAGE"], [83, 39, 0, 37, 1, "MIDAS_MODEL"], [85, 40, 0, 38, 2, "CONTROL_NET"], [98, 7, 0, 29, 2, "CONDITIONING"], [99, 30, 0, 29, 3, "LATENT"], [101, 6, 0, 29, 1, "CONDITIONING"], [106, 33, 0, 47, 0, "IMAGE"], [107, 47, 0, 8, 0, "INT"], [108, 47, 1, 8, 1, "INT"], [115, 11, 0, 3, 0, "IMAGE"], [116, 33, 0, 32, 0, "IMAGE"], [117, 32, 0, 10, 3, "LATENT"], [118, 31, 0, 35, 0, "IMAGE"], [119, 37, 0, 38, 3, "IMAGE"], [120, 37, 0, 43, 0, "IMAGE"], [121, 31, 0, 33, 0, "IMAGE"]], "groups": [], "config": {}, "extra": {}, "version": 0.4}