{"last_node_id": 14, "last_link_id": 12, "nodes": [{"id": 7, "type": "PreviewImage", "pos": [840, 110], "size": {"0": 570, "1": 580}, "flags": {}, "order": 3, "mode": 0, "inputs": [{"name": "images", "type": "IMAGE", "link": 5}], "properties": {"Node name for S&R": "PreviewImage"}}, {"id": 8, "type": "SaveImage", "pos": [1780, 110], "size": {"0": 580, "1": 580}, "flags": {}, "order": 5, "mode": 0, "inputs": [{"name": "images", "type": "IMAGE", "link": 6}], "properties": {}, "widgets_values": ["ComfyUI"]}, {"id": 10, "type": "PreviewImage", "pos": [2730, 110], "size": {"0": 580, "1": 570}, "flags": {}, "order": 7, "mode": 0, "inputs": [{"name": "images", "type": "IMAGE", "link": 8}], "properties": {"Node name for S&R": "PreviewImage"}}, {"id": 12, "type": "PreviewImage", "pos": [3690, 130], "size": {"0": 560, "1": 550}, "flags": {}, "order": 9, "mode": 0, "inputs": [{"name": "images", "type": "IMAGE", "link": 10}], "properties": {"Node name for S&R": "PreviewImage"}}, {"id": 14, "type": "SaveImage", "pos": [4620, 30], "size": {"0": 1120, "1": 1180}, "flags": {}, "order": 10, "mode": 0, "inputs": [{"name": "images", "type": "IMAGE", "link": 12}], "properties": {}, "widgets_values": ["ComfyUI"]}, {"id": 5, "type": "ttN pipeKSamplerAdvanced", "pos": [1430, 50], "size": [320, 640], "flags": {}, "order": 2, "mode": 0, "inputs": [{"name": "pipe", "type": "PIPE_LINE", "link": 3}, {"name": "optional_model", "type": "MODEL", "link": null}, {"name": "optional_positive", "type": "CONDITIONING", "link": null}, {"name": "optional_negative", "type": "CONDITIONING", "link": null}, {"name": "optional_latent", "type": "LATENT", "link": null}, {"name": "optional_vae", "type": "VAE", "link": null}, {"name": "optional_clip", "type": "CLIP", "link": null}, {"name": "xyPlot", "type": "XYPLOT", "link": null}], "outputs": [{"name": "pipe", "type": "PIPE_LINE", "links": [7], "shape": 3, "slot_index": 0}, {"name": "model", "type": "MODEL", "links": null, "shape": 3}, {"name": "positive", "type": "CONDITIONING", "links": null, "shape": 3}, {"name": "negative", "type": "CONDITIONING", "links": null, "shape": 3}, {"name": "latent", "type": "LATENT", "links": null, "shape": 3}, {"name": "vae", "type": "VAE", "links": null, "shape": 3}, {"name": "clip", "type": "CLIP", "links": null, "shape": 3}, {"name": "image", "type": "IMAGE", "links": [6], "shape": 3, "slot_index": 7}, {"name": "seed", "type": "INT", "links": null, "shape": 3}], "properties": {"Node name for S&R": "ttN pipeKSamplerAdvanced", "ttNnodeVersion": "1.0.4"}, "widgets_values": ["None", 1.46, 1, "area", 1.2000000000000002, "disabled", "Sample", "disable", 50, 8, "dpmpp_3m_sde_gpu", "karras", 10, 20, "enable", "Hide", "ComfyUI", 761234660427190, "fixed"]}, {"id": 9, "type": "ttN pipeKSamplerAdvanced", "pos": [2380, 40], "size": [320, 640], "flags": {}, "order": 4, "mode": 0, "inputs": [{"name": "pipe", "type": "PIPE_LINE", "link": 7}, {"name": "optional_model", "type": "MODEL", "link": null}, {"name": "optional_positive", "type": "CONDITIONING", "link": null}, {"name": "optional_negative", "type": "CONDITIONING", "link": null}, {"name": "optional_latent", "type": "LATENT", "link": null}, {"name": "optional_vae", "type": "VAE", "link": null}, {"name": "optional_clip", "type": "CLIP", "link": null}, {"name": "xyPlot", "type": "XYPLOT", "link": null}], "outputs": [{"name": "pipe", "type": "PIPE_LINE", "links": [9], "shape": 3, "slot_index": 0}, {"name": "model", "type": "MODEL", "links": null, "shape": 3}, {"name": "positive", "type": "CONDITIONING", "links": null, "shape": 3}, {"name": "negative", "type": "CONDITIONING", "links": null, "shape": 3}, {"name": "latent", "type": "LATENT", "links": null, "shape": 3}, {"name": "vae", "type": "VAE", "links": null, "shape": 3}, {"name": "clip", "type": "CLIP", "links": null, "shape": 3}, {"name": "image", "type": "IMAGE", "links": [8], "shape": 3, "slot_index": 7}, {"name": "seed", "type": "INT", "links": null, "shape": 3}], "properties": {"Node name for S&R": "ttN pipeKSamplerAdvanced", "ttNnodeVersion": "1.0.4"}, "widgets_values": ["None", 1, 1, "area", 1.2000000000000002, "disabled", "Sample", "disable", 50, 8, "dpmpp_3m_sde_gpu", "karras", 20, 30, "enable", "Hide", "ComfyUI", 761234660427190, "fixed"]}, {"id": 11, "type": "ttN pipeKSamplerAdvanced", "pos": [3330, 40], "size": [320, 640], "flags": {}, "order": 6, "mode": 0, "inputs": [{"name": "pipe", "type": "PIPE_LINE", "link": 9}, {"name": "optional_model", "type": "MODEL", "link": null}, {"name": "optional_positive", "type": "CONDITIONING", "link": null}, {"name": "optional_negative", "type": "CONDITIONING", "link": null}, {"name": "optional_latent", "type": "LATENT", "link": null}, {"name": "optional_vae", "type": "VAE", "link": null}, {"name": "optional_clip", "type": "CLIP", "link": null}, {"name": "xyPlot", "type": "XYPLOT", "link": null}], "outputs": [{"name": "pipe", "type": "PIPE_LINE", "links": [11], "shape": 3, "slot_index": 0}, {"name": "model", "type": "MODEL", "links": null, "shape": 3}, {"name": "positive", "type": "CONDITIONING", "links": null, "shape": 3}, {"name": "negative", "type": "CONDITIONING", "links": null, "shape": 3}, {"name": "latent", "type": "LATENT", "links": null, "shape": 3}, {"name": "vae", "type": "VAE", "links": null, "shape": 3}, {"name": "clip", "type": "CLIP", "links": null, "shape": 3}, {"name": "image", "type": "IMAGE", "links": [10], "shape": 3, "slot_index": 7}, {"name": "seed", "type": "INT", "links": null, "shape": 3}], "properties": {"Node name for S&R": "ttN pipeKSamplerAdvanced", "ttNnodeVersion": "1.0.4"}, "widgets_values": ["add_detail.safetensors", 1, 1, "area", 1.2000000000000002, "disabled", "Sample", "disable", 50, 8, "dpmpp_3m_sde_gpu", "karras", 30, 40, "enable", "Hide", "ComfyUI", 761234660427190, "fixed"]}, {"id": 13, "type": "ttN pipeKSamplerAdvanced", "pos": [4270, 30], "size": [320, 832], "flags": {}, "order": 8, "mode": 0, "inputs": [{"name": "pipe", "type": "PIPE_LINE", "link": 11}, {"name": "optional_model", "type": "MODEL", "link": null}, {"name": "optional_positive", "type": "CONDITIONING", "link": null}, {"name": "optional_negative", "type": "CONDITIONING", "link": null}, {"name": "optional_latent", "type": "LATENT", "link": null}, {"name": "optional_vae", "type": "VAE", "link": null}, {"name": "optional_clip", "type": "CLIP", "link": null}, {"name": "xyPlot", "type": "XYPLOT", "link": null}], "outputs": [{"name": "pipe", "type": "PIPE_LINE", "links": null, "shape": 3}, {"name": "model", "type": "MODEL", "links": null, "shape": 3}, {"name": "positive", "type": "CONDITIONING", "links": null, "shape": 3}, {"name": "negative", "type": "CONDITIONING", "links": null, "shape": 3}, {"name": "latent", "type": "LATENT", "links": null, "shape": 3}, {"name": "vae", "type": "VAE", "links": null, "shape": 3}, {"name": "clip", "type": "CLIP", "links": null, "shape": 3}, {"name": "image", "type": "IMAGE", "links": [12], "shape": 3, "slot_index": 7}, {"name": "seed", "type": "INT", "links": null, "shape": 3}], "properties": {"Node name for S&R": "ttN pipeKSamplerAdvanced", "ttNnodeVersion": "1.0.4"}, "widgets_values": ["more_details.safetensors", 0.5, 1, "None", 1.2000000000000002, "disabled", "Sample", "enable", 50, 8, "dpmpp_3m_sde_gpu", "karras", 31, 50, "disable", "Preview", "ComfyUI", 761234660427190, "fixed"]}, {"id": 3, "type": "ttN pipeKSamplerAdvanced", "pos": [490, 50], "size": [320, 640], "flags": {}, "order": 1, "mode": 0, "inputs": [{"name": "pipe", "type": "PIPE_LINE", "link": 1}, {"name": "optional_model", "type": "MODEL", "link": null}, {"name": "optional_positive", "type": "CONDITIONING", "link": null}, {"name": "optional_negative", "type": "CONDITIONING", "link": null}, {"name": "optional_latent", "type": "LATENT", "link": null}, {"name": "optional_vae", "type": "VAE", "link": null}, {"name": "optional_clip", "type": "CLIP", "link": null}, {"name": "xyPlot", "type": "XYPLOT", "link": null}], "outputs": [{"name": "pipe", "type": "PIPE_LINE", "links": [3], "shape": 3, "slot_index": 0}, {"name": "model", "type": "MODEL", "links": null, "shape": 3}, {"name": "positive", "type": "CONDITIONING", "links": null, "shape": 3}, {"name": "negative", "type": "CONDITIONING", "links": null, "shape": 3}, {"name": "latent", "type": "LATENT", "links": null, "shape": 3}, {"name": "vae", "type": "VAE", "links": null, "shape": 3}, {"name": "clip", "type": "CLIP", "links": null, "shape": 3}, {"name": "image", "type": "IMAGE", "links": [5], "shape": 3, "slot_index": 7}, {"name": "seed", "type": "INT", "links": null, "shape": 3}], "properties": {"Node name for S&R": "ttN pipeKSamplerAdvanced", "ttNnodeVersion": "1.0.4"}, "widgets_values": ["None", 1, 1, "None", 1.2000000000000002, "disabled", "Sample", "enable", 50, 10.8, "dpmpp_3m_sde_gpu", "karras", 0, 10, "enable", "Hide", "ComfyUI", 761234660428527, "fixed"]}, {"id": 2, "type": "ttN pipeLoader", "pos": [20, 50], "size": [416, 928], "flags": {}, "order": 0, "mode": 0, "inputs": [{"name": "optional_clip", "type": "CLIP", "link": null}], "outputs": [{"name": "pipe", "type": "PIPE_LINE", "links": [1], "shape": 3, "slot_index": 0}, {"name": "model", "type": "MODEL", "links": null, "shape": 3, "slot_index": 1}, {"name": "positive", "type": "CONDITIONING", "links": null, "shape": 3}, {"name": "negative", "type": "CONDITIONING", "links": null, "shape": 3}, {"name": "latent", "type": "LATENT", "links": null, "shape": 3}, {"name": "vae", "type": "VAE", "links": null, "shape": 3}, {"name": "clip", "type": "CLIP", "links": null, "shape": 3}, {"name": "seed", "type": "INT", "links": null, "shape": 3}], "properties": {"Node name for S&R": "ttN pipeLoader", "ttNnodeVersion": "1.0.3"}, "widgets_values": ["mistoonAnime_v20.safetensors", "anythingKlF8Anime2VaeFtMse840000_klF8Anime2.safetensors", -2, "POVMissionary.safetensors", 0.74, 1, "Meruccubus (Merunyaa).safetensors", 0.8200000000000001, 1, "None", 0.8, 1, "(a sexy girl with a busty chest in a silk robe, big boobs, cleavage, in the style of greg rutkowski, double ds, DD bra, push up bra, POV, POVD, virgin, merunyaa, meru the succubus, NSFW, Porn, pornstar:0.1), (dripping, legs spread, exposed pussy, penis:0.65)", "none", "comfy", "(embedding:negative_hand-neg, embedding:bad_prompt_version2-neg, embedding:easynegative:0.35), ", "none", "comfy", 512, 512, 1, 0, "fixed"]}], "links": [[1, 2, 0, 3, 0, "PIPE_LINE"], [3, 3, 0, 5, 0, "PIPE_LINE"], [5, 3, 7, 7, 0, "IMAGE"], [6, 5, 7, 8, 0, "IMAGE"], [7, 5, 0, 9, 0, "PIPE_LINE"], [8, 9, 7, 10, 0, "IMAGE"], [9, 9, 0, 11, 0, "PIPE_LINE"], [10, 11, 7, 12, 0, "IMAGE"], [11, 11, 0, 13, 0, "PIPE_LINE"], [12, 13, 7, 14, 0, "IMAGE"]], "groups": [], "config": {}, "extra": {}, "version": 0.4}