{"last_node_id": 20, "last_link_id": 31, "nodes": [{"id": 5, "type": "EmptyLatentImage", "pos": [473, 609], "size": {"0": 315, "1": 106}, "flags": {}, "order": 0, "mode": 0, "outputs": [{"name": "LATENT", "type": "LATENT", "links": [2], "slot_index": 0}], "properties": {"Node name for S&R": "EmptyLatentImage"}, "widgets_values": [512, 512, 1]}, {"id": 8, "type": "VAEDecode", "pos": [1330, 100], "size": {"0": 210, "1": 46}, "flags": {}, "order": 11, "mode": 0, "inputs": [{"name": "samples", "type": "LATENT", "link": 12}, {"name": "vae", "type": "VAE", "link": 8}], "outputs": [{"name": "IMAGE", "type": "IMAGE", "links": [9], "slot_index": 0}], "properties": {"Node name for S&R": "VAEDecode"}}, {"id": 3, "type": "KSampler", "pos": [860, 190], "size": {"0": 320, "1": 470}, "flags": {}, "order": 7, "mode": 0, "inputs": [{"name": "model", "type": "MODEL", "link": 1}, {"name": "positive", "type": "CONDITIONING", "link": 4}, {"name": "negative", "type": "CONDITIONING", "link": 6}, {"name": "latent_image", "type": "LATENT", "link": 2}], "outputs": [{"name": "LATENT", "type": "LATENT", "links": [16], "slot_index": 0}], "properties": {"Node name for S&R": "KSampler"}, "widgets_values": [156680208700286, "fixed", 33, 8, "dpmpp_3m_sde_gpu", "karras", 1]}, {"id": 10, "type": "LatentUpscaleBy", "pos": [864.5454545454539, 73.63636363636374], "size": {"0": 315, "1": 82}, "flags": {}, "order": 9, "mode": 0, "inputs": [{"name": "samples", "type": "LATENT", "link": 16}], "outputs": [{"name": "LATENT", "type": "LATENT", "links": [17], "shape": 3, "slot_index": 0}], "properties": {"Node name for S&R": "LatentUpscaleBy"}, "widgets_values": ["nearest-exact", 1.5]}, {"id": 11, "type": "KSampler", "pos": [1210, 190], "size": {"0": 320, "1": 470}, "flags": {}, "order": 10, "mode": 0, "inputs": [{"name": "model", "type": "MODEL", "link": 18}, {"name": "positive", "type": "CONDITIONING", "link": 13}, {"name": "negative", "type": "CONDITIONING", "link": 14}, {"name": "latent_image", "type": "LATENT", "link": 17}], "outputs": [{"name": "LATENT", "type": "LATENT", "links": [12, 19], "slot_index": 0}], "properties": {"Node name for S&R": "KSampler"}, "widgets_values": [156680208701091, "fixed", 33, 8, "dpmpp_3m_sde_gpu", "karras", 0.45]}, {"id": 13, "type": "LatentUpscaleBy", "pos": [1710, 70], "size": {"0": 315, "1": 82}, "flags": {}, "order": 12, "mode": 0, "inputs": [{"name": "samples", "type": "LATENT", "link": 19}], "outputs": [{"name": "LATENT", "type": "LATENT", "links": [20], "shape": 3, "slot_index": 0}], "properties": {"Node name for S&R": "LatentUpscaleBy"}, "widgets_values": ["nearest-exact", 1.5]}, {"id": 6, "type": "CLIPTextEncode", "pos": [415, 186], "size": {"0": 422.84503173828125, "1": 164.31304931640625}, "flags": {}, "order": 3, "mode": 0, "inputs": [{"name": "clip", "type": "CLIP", "link": 3}], "outputs": [{"name": "CONDITIONING", "type": "CONDITIONING", "links": [4, 13, 21], "slot_index": 0}], "properties": {"Node name for S&R": "CLIPTextEncode"}, "widgets_values": ["an epic landscape in the Appalachian Mountains by Christopher Balaskas. (glowing fissure in the ground:0.45)"]}, {"id": 7, "type": "CLIPTextEncode", "pos": [413, 389], "size": {"0": 425.27801513671875, "1": 180.6060791015625}, "flags": {}, "order": 4, "mode": 0, "inputs": [{"name": "clip", "type": "CLIP", "link": 5}], "outputs": [{"name": "CONDITIONING", "type": "CONDITIONING", "links": [6, 14, 22], "slot_index": 0}], "properties": {"Node name for S&R": "CLIPTextEncode"}, "widgets_values": ["text, watermark"]}, {"id": 4, "type": "CheckpointLoaderSimple", "pos": [60, 190], "size": {"0": 315, "1": 98}, "flags": {}, "order": 1, "mode": 0, "outputs": [{"name": "MODEL", "type": "MODEL", "links": [1, 18, 23], "slot_index": 0}, {"name": "CLIP", "type": "CLIP", "links": [3, 5], "slot_index": 1}, {"name": "VAE", "type": "VAE", "links": [8, 24], "slot_index": 2}], "properties": {"Node name for S&R": "CheckpointLoaderSimple"}, "widgets_values": ["aZovyaRPGArtistTools_v3VAE.safetensors"]}, {"id": 17, "type": "Reroute", "pos": [1420, 10], "size": [75, 26], "flags": {}, "order": 5, "mode": 0, "inputs": [{"name": "", "type": "*", "link": 24}], "outputs": [{"name": "", "type": "VAE", "links": [29]}], "properties": {"showOutputText": false, "horizontal": false}}, {"id": 16, "type": "Reroute", "pos": [1420, -110], "size": [75, 26], "flags": {}, "order": 2, "mode": 0, "inputs": [{"name": "", "type": "*", "link": 23}], "outputs": [{"name": "", "type": "MODEL", "links": [25], "slot_index": 0}], "properties": {"showOutputText": false, "horizontal": false}}, {"id": 14, "type": "Reroute", "pos": [1420, -70], "size": [75, 26], "flags": {}, "order": 6, "mode": 0, "inputs": [{"name": "", "type": "*", "link": 21}], "outputs": [{"name": "", "type": "CONDITIONING", "links": [26], "slot_index": 0}], "properties": {"showOutputText": false, "horizontal": false}, "color": "#232", "bgcolor": "#353"}, {"id": 15, "type": "Reroute", "pos": [1420, -30], "size": [75, 26], "flags": {}, "order": 8, "mode": 0, "inputs": [{"name": "", "type": "*", "link": 22}], "outputs": [{"name": "", "type": "CONDITIONING", "links": [27], "slot_index": 0}], "properties": {"showOutputText": false, "horizontal": false}, "color": "#322", "bgcolor": "#533"}, {"id": 12, "type": "KSampler", "pos": [2220, 190], "size": {"0": 320, "1": 470}, "flags": {}, "order": 14, "mode": 0, "inputs": [{"name": "model", "type": "MODEL", "link": 25}, {"name": "positive", "type": "CONDITIONING", "link": 26}, {"name": "negative", "type": "CONDITIONING", "link": 27}, {"name": "latent_image", "type": "LATENT", "link": 20}], "outputs": [{"name": "LATENT", "type": "LATENT", "links": [28], "slot_index": 0}], "properties": {"Node name for S&R": "KSampler"}, "widgets_values": [156680208701091, "fixed", 33, 8, "dpmpp_3m_sde_gpu", "karras", 0.45]}, {"id": 9, "type": "SaveImage", "pos": [1550, 200], "size": {"0": 650, "1": 700}, "flags": {}, "order": 13, "mode": 0, "inputs": [{"name": "images", "type": "IMAGE", "link": 9}], "properties": {}, "widgets_values": ["ComfyUI"]}, {"id": 18, "type": "VAEDecode", "pos": [2330, 90], "size": {"0": 210, "1": 46}, "flags": {}, "order": 15, "mode": 0, "inputs": [{"name": "samples", "type": "LATENT", "link": 28}, {"name": "vae", "type": "VAE", "link": 29, "slot_index": 1}], "outputs": [{"name": "IMAGE", "type": "IMAGE", "links": [31], "slot_index": 0}], "properties": {"Node name for S&R": "VAEDecode"}}, {"id": 20, "type": "SaveImage", "pos": [2560, 190], "size": {"0": 650, "1": 700}, "flags": {}, "order": 16, "mode": 0, "inputs": [{"name": "images", "type": "IMAGE", "link": 31}], "properties": {}, "widgets_values": ["ComfyUI"]}], "links": [[1, 4, 0, 3, 0, "MODEL"], [2, 5, 0, 3, 3, "LATENT"], [3, 4, 1, 6, 0, "CLIP"], [4, 6, 0, 3, 1, "CONDITIONING"], [5, 4, 1, 7, 0, "CLIP"], [6, 7, 0, 3, 2, "CONDITIONING"], [8, 4, 2, 8, 1, "VAE"], [9, 8, 0, 9, 0, "IMAGE"], [12, 11, 0, 8, 0, "LATENT"], [13, 6, 0, 11, 1, "CONDITIONING"], [14, 7, 0, 11, 2, "CONDITIONING"], [16, 3, 0, 10, 0, "LATENT"], [17, 10, 0, 11, 3, "LATENT"], [18, 4, 0, 11, 0, "MODEL"], [19, 11, 0, 13, 0, "LATENT"], [20, 13, 0, 12, 3, "LATENT"], [21, 6, 0, 14, 0, "*"], [22, 7, 0, 15, 0, "*"], [23, 4, 0, 16, 0, "*"], [24, 4, 2, 17, 0, "*"], [25, 16, 0, 12, 0, "MODEL"], [26, 14, 0, 12, 1, "CONDITIONING"], [27, 15, 0, 12, 2, "CONDITIONING"], [28, 12, 0, 18, 0, "LATENT"], [29, 17, 0, 18, 1, "VAE"], [31, 18, 0, 20, 0, "IMAGE"]], "groups": [], "config": {}, "extra": {}, "version": 0.4}