{"last_node_id": 32, "last_link_id": 81, "nodes": [{"id": 22, "type": "CLIPSetLastLayer", "pos": [-1319.629719543457, -424.8520362854006], "size": {"0": 304.87420654296875, "1": 58}, "flags": {}, "order": 13, "mode": 0, "inputs": [{"name": "clip", "type": "CLIP", "link": 45}], "outputs": [{"name": "CLIP", "type": "CLIP", "links": [46, 47], "shape": 3, "slot_index": 0}], "properties": {"Node name for S&R": "CLIPSetLastLayer"}, "widgets_values": [-1]}, {"id": 23, "type": "LoraLoader", "pos": [-1322.629719543457, -332.8520362854006], "size": {"0": 310.65203857421875, "1": 126}, "flags": {}, "order": 14, "mode": 0, "inputs": [{"name": "model", "type": "MODEL", "link": 41}, {"name": "clip", "type": "CLIP", "link": 46}], "outputs": [{"name": "MODEL", "type": "MODEL", "links": [], "shape": 3}, {"name": "CLIP", "type": "CLIP", "links": [45, 49], "shape": 3, "slot_index": 1}], "properties": {"Node name for S&R": "LoraLoader"}, "widgets_values": ["superbusty_ass-01.safetensors", 1, 1]}, {"id": 6, "type": "SaveImage", "pos": [713.4463122122594, -669.8652579582518], "size": {"0": 627.6306762695312, "1": 637.7632446289062}, "flags": {}, "order": 11, "mode": 0, "inputs": [{"name": "images", "type": "IMAGE", "link": 78}], "properties": {}, "widgets_values": ["ComfyUI"]}, {"id": 3, "type": "CLIPTextEncode", "pos": [-568, -653], "size": {"0": 400, "1": 200}, "flags": {}, "order": 8, "mode": 0, "inputs": [{"name": "clip", "type": "CLIP", "link": 49}], "outputs": [{"name": "CONDITIONING", "type": "CONDITIONING", "links": [20], "shape": 3, "slot_index": 0}], "properties": {"Node name for S&R": "CLIPTextEncode"}, "widgets_values": ["A beautiful landscape in the mountains, epic, masterpiece, artgerm, greg rutkowski, artstation, 4k, sharp focus, highly detailed, octane render"], "color": "#232", "bgcolor": "#353"}, {"id": 12, "type": "ConditioningAverage ", "pos": [-562, -408], "size": {"0": 380.4000244140625, "1": 78}, "flags": {}, "order": 12, "mode": 0, "inputs": [{"name": "conditioning_to", "type": "CONDITIONING", "link": 19}, {"name": "conditioning_from", "type": "CONDITIONING", "link": 20}], "outputs": [{"name": "CONDITIONING", "type": "CONDITIONING", "links": [], "shape": 3, "slot_index": 0}], "properties": {"Node name for S&R": "ConditioningAverage "}, "widgets_values": [0.5]}, {"id": 4, "type": "CLIPTextEncode", "pos": [-989.1150194352325, -412.9608171832796], "size": {"0": 400, "1": 200}, "flags": {}, "order": 9, "mode": 0, "inputs": [{"name": "clip", "type": "CLIP", "link": 47}], "outputs": [{"name": "CONDITIONING", "type": "CONDITIONING", "links": [72], "shape": 3, "slot_index": 0}], "properties": {"Node name for S&R": "CLIPTextEncode"}, "widgets_values": ["ugly, boring, washed out colors, pastel"], "color": "#322", "bgcolor": "#533"}, {"id": 14, "type": "Latent Noise Injection", "pos": [-512.4631994890926, 75.84786241187429], "size": {"0": 315, "1": 58}, "flags": {}, "order": 4, "mode": 0, "inputs": [{"name": "samples", "type": "LATENT", "link": 32}], "outputs": [{"name": "LATENT", "type": "LATENT", "links": [], "shape": 3, "slot_index": 0}], "properties": {"Node name for S&R": "Latent Noise Injection"}, "widgets_values": [1]}, {"id": 26, "type": "VAELoader", "pos": [-1325.629719543457, -519.8520362854007], "size": {"0": 309.69244384765625, "1": 58}, "flags": {}, "order": 0, "mode": 0, "outputs": [{"name": "VAE", "type": "VAE", "links": [76], "shape": 3, "slot_index": 0}], "properties": {"Node name for S&R": "VAELoader"}, "widgets_values": ["vae-ft-mse-840000-ema-pruned.safetensors"]}, {"id": 5, "type": "VAEDecode", "pos": [407, -681], "size": {"0": 210, "1": 46}, "flags": {}, "order": 10, "mode": 0, "inputs": [{"name": "samples", "type": "LATENT", "link": 4}, {"name": "vae", "type": "VAE", "link": 77, "slot_index": 1}], "outputs": [{"name": "IMAGE", "type": "IMAGE", "links": [78], "shape": 3, "slot_index": 0}], "properties": {"Node name for S&R": "VAEDecode"}}, {"id": 31, "type": "Reroute", "pos": [-150, -643], "size": [75, 26], "flags": {}, "order": 5, "mode": 0, "inputs": [{"name": "", "type": "*", "link": 74}], "outputs": [{"name": "", "type": "MODEL", "links": [75], "slot_index": 0}], "properties": {"showOutputText": false, "horizontal": false}}, {"id": 32, "type": "Reroute", "pos": [-148, -610], "size": [75, 26], "flags": {}, "order": 3, "mode": 0, "inputs": [{"name": "", "type": "*", "link": 76}], "outputs": [{"name": "", "type": "VAE", "links": [77], "slot_index": 0}], "properties": {"showOutputText": false, "horizontal": false}}, {"id": 7, "type": "EmptyLatentImage", "pos": [-514.4631994890927, -74.15213758812567], "size": {"0": 315, "1": 106}, "flags": {}, "order": 1, "mode": 0, "outputs": [{"name": "LATENT", "type": "LATENT", "links": [32, 79], "shape": 3, "slot_index": 0}], "properties": {"Node name for S&R": "EmptyLatentImage"}, "widgets_values": [768, 768, 1]}, {"id": 2, "type": "KSamplerAdvanced", "pos": [20, -575], "size": {"0": 315, "1": 546}, "flags": {}, "order": 7, "mode": 0, "inputs": [{"name": "model", "type": "MODEL", "link": 75}, {"name": "positive", "type": "CONDITIONING", "link": 80}, {"name": "negative", "type": "CONDITIONING", "link": 72}, {"name": "latent_image", "type": "LATENT", "link": 79, "slot_index": 3}], "outputs": [{"name": "LATENT", "type": "LATENT", "links": [4], "shape": 3, "slot_index": 0}], "properties": {"Node name for S&R": "KSamplerAdvanced"}, "widgets_values": ["disable", 340819350452590, "fixed", 20, 8, "euler", "normal", 0, 10000, "disable"]}, {"id": 11, "type": "CLIPTextEncode", "pos": [-989, -651], "size": {"0": 400, "1": 200}, "flags": {}, "order": 6, "mode": 0, "inputs": [{"name": "clip", "type": "CLIP", "link": 81}], "outputs": [{"name": "CONDITIONING", "type": "CONDITIONING", "links": [19, 80], "shape": 3, "slot_index": 0}], "properties": {"Node name for S&R": "CLIPTextEncode"}, "widgets_values": ["a sexy babe"], "color": "#232", "bgcolor": "#353"}, {"id": 1, "type": "CheckpointLoaderSimple", "pos": [-1322.629719543457, -654.8520362854002], "size": {"0": 304.0035705566406, "1": 98}, "flags": {}, "order": 2, "mode": 0, "outputs": [{"name": "MODEL", "type": "MODEL", "links": [41, 74], "shape": 3, "slot_index": 0}, {"name": "CLIP", "type": "CLIP", "links": [81], "shape": 3, "slot_index": 1}, {"name": "VAE", "type": "VAE", "links": [], "shape": 3}], "properties": {"Node name for S&R": "CheckpointLoaderSimple"}, "widgets_values": ["aZovyaRPGArtistTools_v3VAE.safetensors"]}], "links": [[4, 2, 0, 5, 0, "LATENT"], [19, 11, 0, 12, 0, "CONDITIONING"], [20, 3, 0, 12, 1, "CONDITIONING"], [32, 7, 0, 14, 0, "LATENT"], [41, 1, 0, 23, 0, "MODEL"], [45, 23, 1, 22, 0, "CLIP"], [46, 22, 0, 23, 1, "CLIP"], [47, 22, 0, 4, 0, "CLIP"], [49, 23, 1, 3, 0, "CLIP"], [72, 4, 0, 2, 2, "CONDITIONING"], [74, 1, 0, 31, 0, "*"], [75, 31, 0, 2, 0, "MODEL"], [76, 26, 0, 32, 0, "*"], [77, 32, 0, 5, 1, "VAE"], [78, 5, 0, 6, 0, "IMAGE"], [79, 7, 0, 2, 3, "LATENT"], [80, 11, 0, 2, 1, "CONDITIONING"], [81, 1, 1, 11, 0, "CLIP"]], "groups": [{"title": "Group", "bounding": [365, -784, 999, 777], "color": "#3f789e", "font_size": 24, "locked": false}, {"title": "Group", "bounding": [-1342, -734, 1202, 542], "color": "#3f789e", "font_size": 24, "locked": false}, {"title": "Group", "bounding": [-565, -175, 423, 352], "color": "#3f789e", "font_size": 24, "locked": false}], "config": {}, "extra": {}, "version": 0.4}