{"last_node_id": 12, "last_link_id": 21, "nodes": [{"id": 8, "type": "VAEDecode", "pos": [1898, 193], "size": {"0": 210, "1": 46}, "flags": {}, "order": 8, "mode": 0, "inputs": [{"name": "samples", "type": "LATENT", "link": 10}, {"name": "vae", "type": "VAE", "link": 8}], "outputs": [{"name": "IMAGE", "type": "IMAGE", "links": [9], "slot_index": 0}], "properties": {"Node name for S&R": "VAEDecode"}}, {"id": 7, "type": "CLIPTextEncode", "pos": [413, 389], "size": {"0": 425.27801513671875, "1": 180.6060791015625}, "flags": {}, "order": 4, "mode": 0, "inputs": [{"name": "clip", "type": "CLIP", "link": 21}], "outputs": [{"name": "CONDITIONING", "type": "CONDITIONING", "links": [6, 15], "slot_index": 0}], "properties": {"Node name for S&R": "CLIPTextEncode"}, "widgets_values": ["ugly, boring, dull, blurry, bad quality, deformed, (embedding:easynegative.safetensors:0.55)"]}, {"id": 11, "type": "LatentUpscaleBy", "pos": [1206, 187], "size": {"0": 315, "1": 82}, "flags": {}, "order": 6, "mode": 0, "inputs": [{"name": "samples", "type": "LATENT", "link": 11}], "outputs": [{"name": "LATENT", "type": "LATENT", "links": [12], "shape": 3, "slot_index": 0}], "properties": {"Node name for S&R": "LatentUpscaleBy"}, "widgets_values": ["nearest-exact", 2]}, {"id": 4, "type": "CheckpointLoaderSimple", "pos": [-340, 433], "size": {"0": 315, "1": 98}, "flags": {}, "order": 0, "mode": 0, "outputs": [{"name": "MODEL", "type": "MODEL", "links": [16], "slot_index": 0}, {"name": "CLIP", "type": "CLIP", "links": [17], "slot_index": 1}, {"name": "VAE", "type": "VAE", "links": [8], "slot_index": 2}], "properties": {"Node name for S&R": "CheckpointLoaderSimple"}, "widgets_values": ["neverendingDreamNED_v122BakedVae.safetensors"]}, {"id": 5, "type": "EmptyLatentImage", "pos": [473, 609], "size": {"0": 315, "1": 106}, "flags": {}, "order": 1, "mode": 0, "outputs": [{"name": "LATENT", "type": "LATENT", "links": [2], "slot_index": 0}], "properties": {"Node name for S&R": "EmptyLatentImage"}, "widgets_values": [512, 512, 1]}, {"id": 9, "type": "SaveImage", "pos": [1954, 292], "size": {"0": 1006.2255859375, "1": 1063.1070556640625}, "flags": {}, "order": 9, "mode": 0, "inputs": [{"name": "images", "type": "IMAGE", "link": 9}], "properties": {}, "widgets_values": ["ComfyUI"]}, {"id": 10, "type": "KSampler", "pos": [1546, 186], "size": {"0": 315, "1": 474}, "flags": {}, "order": 7, "mode": 0, "inputs": [{"name": "model", "type": "MODEL", "link": 19}, {"name": "positive", "type": "CONDITIONING", "link": 14}, {"name": "negative", "type": "CONDITIONING", "link": 15}, {"name": "latent_image", "type": "LATENT", "link": 12}], "outputs": [{"name": "LATENT", "type": "LATENT", "links": [10], "slot_index": 0}], "properties": {"Node name for S&R": "KSampler"}, "widgets_values": [156680208700286, "fixed", 26, 8, "dpmpp_3m_sde_gpu", "karras", 0.63]}, {"id": 6, "type": "CLIPTextEncode", "pos": [415, 186], "size": {"0": 422.84503173828125, "1": 164.31304931640625}, "flags": {}, "order": 3, "mode": 0, "inputs": [{"name": "clip", "type": "CLIP", "link": 20}], "outputs": [{"name": "CONDITIONING", "type": "CONDITIONING", "links": [4, 14], "slot_index": 0}], "properties": {"Node name for S&R": "CLIPTextEncode"}, "widgets_values": ["(angela white as a geisha, sakura trees:0.35)"]}, {"id": 12, "type": "LoraLoader", "pos": [-3, 427], "size": {"0": 315, "1": 126}, "flags": {}, "order": 2, "mode": 0, "inputs": [{"name": "model", "type": "MODEL", "link": 16}, {"name": "clip", "type": "CLIP", "link": 17}], "outputs": [{"name": "MODEL", "type": "MODEL", "links": [18, 19], "shape": 3}, {"name": "CLIP", "type": "CLIP", "links": [20, 21], "shape": 3}], "properties": {"Node name for S&R": "LoraLoader"}, "widgets_values": ["Meruccubus (Merunyaa).safetensors", 0.61, 0.19]}, {"id": 3, "type": "KSampler", "pos": [868, 185], "size": {"0": 315, "1": 474}, "flags": {}, "order": 5, "mode": 0, "inputs": [{"name": "model", "type": "MODEL", "link": 18}, {"name": "positive", "type": "CONDITIONING", "link": 4}, {"name": "negative", "type": "CONDITIONING", "link": 6}, {"name": "latent_image", "type": "LATENT", "link": 2}], "outputs": [{"name": "LATENT", "type": "LATENT", "links": [11], "slot_index": 0}], "properties": {"Node name for S&R": "KSampler"}, "widgets_values": [156680208699954, "fixed", 40, 1.5, "dpmpp_3m_sde_gpu", "karras", 1]}], "links": [[2, 5, 0, 3, 3, "LATENT"], [4, 6, 0, 3, 1, "CONDITIONING"], [6, 7, 0, 3, 2, "CONDITIONING"], [8, 4, 2, 8, 1, "VAE"], [9, 8, 0, 9, 0, "IMAGE"], [10, 10, 0, 8, 0, "LATENT"], [11, 3, 0, 11, 0, "LATENT"], [12, 11, 0, 10, 3, "LATENT"], [14, 6, 0, 10, 1, "CONDITIONING"], [15, 7, 0, 10, 2, "CONDITIONING"], [16, 4, 0, 12, 0, "MODEL"], [17, 4, 1, 12, 1, "CLIP"], [18, 12, 0, 3, 0, "MODEL"], [19, 12, 0, 10, 0, "MODEL"], [20, 12, 1, 6, 0, "CLIP"], [21, 12, 1, 7, 0, "CLIP"]], "groups": [], "config": {}, "extra": {}, "version": 0.4}