{"last_node_id": 34, "last_link_id": 62, "nodes": [{"id": 7, "type": "SaveImage", "pos": [1568, 672], "size": [896, 928], "flags": {}, "order": 23, "mode": 0, "inputs": [{"name": "images", "type": "IMAGE", "link": 16}], "properties": {}, "widgets_values": ["ComfyUI"]}, {"id": 18, "type": "PreviewImage", "pos": [-832, 384], "size": [320, 288], "flags": {}, "order": 10, "mode": 0, "inputs": [{"name": "images", "type": "IMAGE", "link": 25}], "properties": {"Node name for S&R": "PreviewImage"}}, {"id": 24, "type": "ControlNetLoader", "pos": [64, 928], "size": {"0": 315, "1": 58}, "flags": {}, "order": 0, "mode": 0, "outputs": [{"name": "CONTROL_NET", "type": "CONTROL_NET", "links": [40], "shape": 3}], "properties": {"Node name for S&R": "ControlNetLoader"}, "widgets_values": ["t2iadapter_depth_sd14v1.pth"]}, {"id": 25, "type": "PreviewImage", "pos": [-832, 992], "size": [320, 288], "flags": {}, "order": 12, "mode": 0, "inputs": [{"name": "images", "type": "IMAGE", "link": 42}], "properties": {"Node name for S&R": "PreviewImage"}}, {"id": 28, "type": "ControlNetLoader", "pos": [64, 1248], "size": {"0": 315, "1": 58}, "flags": {}, "order": 1, "mode": 0, "outputs": [{"name": "CONTROL_NET", "type": "CONTROL_NET", "links": [49], "shape": 3}], "properties": {"Node name for S&R": "ControlNetLoader"}, "widgets_values": ["t2iadapter_canny_sd14v1.pth"]}, {"id": 29, "type": "PreviewImage", "pos": [-1280, 992], "size": [320, 288], "flags": {}, "order": 13, "mode": 0, "inputs": [{"name": "images", "type": "IMAGE", "link": 50}], "properties": {"Node name for S&R": "PreviewImage"}}, {"id": 22, "type": "MiDaS-DepthMapPreprocessor", "pos": [-832, 832], "size": {"0": 315, "1": 106}, "flags": {}, "order": 8, "mode": 0, "inputs": [{"name": "image", "type": "IMAGE", "link": 35, "slot_index": 0}], "outputs": [{"name": "IMAGE", "type": "IMAGE", "links": [41, 42], "shape": 3, "slot_index": 0}], "properties": {"Node name for S&R": "MiDaS-DepthMapPreprocessor"}, "widgets_values": [6.75, 0.12, 512]}, {"id": 26, "type": "CannyEdgePreprocessor", "pos": [-1280, 832], "size": {"0": 315, "1": 106}, "flags": {}, "order": 9, "mode": 0, "inputs": [{"name": "image", "type": "IMAGE", "link": 43}], "outputs": [{"name": "IMAGE", "type": "IMAGE", "links": [48, 50], "shape": 3, "slot_index": 0}], "properties": {"Node name for S&R": "CannyEdgePreprocessor"}, "widgets_values": [100, 200, 512]}, {"id": 17, "type": "OpenposePreprocessor", "pos": [-832, 192], "size": {"0": 315, "1": 130}, "flags": {}, "order": 6, "mode": 0, "inputs": [{"name": "image", "type": "IMAGE", "link": 29}], "outputs": [{"name": "IMAGE", "type": "IMAGE", "links": [25, 31], "shape": 3, "slot_index": 0}], "properties": {"Node name for S&R": "OpenposePreprocessor"}, "widgets_values": ["enable", "enable", "enable", 512]}, {"id": 13, "type": "ControlNetApplyAdvanced", "pos": [64, 704], "size": {"0": 315, "1": 166}, "flags": {}, "order": 14, "mode": 0, "inputs": [{"name": "positive", "type": "CONDITIONING", "link": 17}, {"name": "negative", "type": "CONDITIONING", "link": 21}, {"name": "control_net", "type": "CONTROL_NET", "link": 22, "slot_index": 2}, {"name": "image", "type": "IMAGE", "link": 31, "slot_index": 3}], "outputs": [{"name": "positive", "type": "CONDITIONING", "links": [36], "shape": 3, "slot_index": 0}, {"name": "negative", "type": "CONDITIONING", "links": [37], "shape": 3, "slot_index": 1}], "properties": {"Node name for S&R": "ControlNetApplyAdvanced"}, "widgets_values": [0, 0, 0.5]}, {"id": 30, "type": "VAEEncode", "pos": [-256, 512], "size": {"0": 210, "1": 46}, "flags": {}, "order": 15, "mode": 0, "inputs": [{"name": "pixels", "type": "IMAGE", "link": 61}, {"name": "vae", "type": "VAE", "link": 52}], "outputs": [{"name": "LATENT", "type": "LATENT", "links": [53], "shape": 3, "slot_index": 0}], "properties": {"Node name for S&R": "VAEEncode"}}, {"id": 32, "type": "UpscaleModelLoader", "pos": [640, 544], "size": {"0": 315, "1": 58}, "flags": {}, "order": 2, "mode": 0, "outputs": [{"name": "UPSCALE_MODEL", "type": "UPSCALE_MODEL", "links": [54], "shape": 3}], "properties": {"Node name for S&R": "UpscaleModelLoader"}, "widgets_values": ["2x-Bubble-AnimeScale-SwinIR-Small-v1.pth"]}, {"id": 31, "type": "ImageUpscaleWithModel", "pos": [992, 544], "size": {"0": 241.79998779296875, "1": 46}, "flags": {}, "order": 20, "mode": 0, "inputs": [{"name": "upscale_model", "type": "UPSCALE_MODEL", "link": 54, "slot_index": 0}, {"name": "image", "type": "IMAGE", "link": 55, "slot_index": 1}], "outputs": [{"name": "IMAGE", "type": "IMAGE", "links": [56], "shape": 3, "slot_index": 0}], "properties": {"Node name for S&R": "ImageUpscaleWithModel"}}, {"id": 21, "type": "Get Image Size", "pos": [-768, 736], "size": {"0": 210, "1": 46}, "flags": {}, "order": 7, "mode": 0, "inputs": [{"name": "image", "type": "IMAGE", "link": 34, "slot_index": 0}], "outputs": [{"name": "INT", "type": "INT", "links": [32], "shape": 3, "slot_index": 0}, {"name": "INT", "type": "INT", "links": [60], "shape": 3, "slot_index": 1}], "properties": {"Node name for S&R": "Get Image Size"}}, {"id": 20, "type": "ConstrainImage|pysssss", "pos": [-1280, 608], "size": {"0": 315, "1": 154}, "flags": {}, "order": 5, "mode": 0, "inputs": [{"name": "images", "type": "IMAGE", "link": 28}], "outputs": [{"name": "IMAGE", "type": "IMAGE", "links": [29, 34, 35, 43, 61], "shape": 6, "slot_index": 0}], "properties": {"Node name for S&R": "ConstrainImage|pysssss"}, "widgets_values": [1024, 1024, 0, 0, "no"]}, {"id": 27, "type": "ControlNetApplyAdvanced", "pos": [64, 1344], "size": {"0": 315, "1": 166}, "flags": {}, "order": 17, "mode": 0, "inputs": [{"name": "positive", "type": "CONDITIONING", "link": 44}, {"name": "negative", "type": "CONDITIONING", "link": 45, "slot_index": 1}, {"name": "control_net", "type": "CONTROL_NET", "link": 49, "slot_index": 2}, {"name": "image", "type": "IMAGE", "link": 48, "slot_index": 3}], "outputs": [{"name": "positive", "type": "CONDITIONING", "links": [46], "shape": 3, "slot_index": 0}, {"name": "negative", "type": "CONDITIONING", "links": [47], "shape": 3, "slot_index": 1}], "properties": {"Node name for S&R": "ControlNetApplyAdvanced"}, "widgets_values": [0, 0, 0.5]}, {"id": 23, "type": "ControlNetApplyAdvanced", "pos": [64, 1024], "size": {"0": 315, "1": 166}, "flags": {}, "order": 16, "mode": 0, "inputs": [{"name": "positive", "type": "CONDITIONING", "link": 36}, {"name": "negative", "type": "CONDITIONING", "link": 37}, {"name": "control_net", "type": "CONTROL_NET", "link": 40, "slot_index": 2}, {"name": "image", "type": "IMAGE", "link": 41, "slot_index": 3}], "outputs": [{"name": "positive", "type": "CONDITIONING", "links": [44], "shape": 3, "slot_index": 0}, {"name": "negative", "type": "CONDITIONING", "links": [45], "shape": 3, "slot_index": 1}], "properties": {"Node name for S&R": "ControlNetApplyAdvanced"}, "widgets_values": [0.6, 0, 0.5]}, {"id": 14, "type": "ControlNetLoader", "pos": [64, 608], "size": {"0": 315, "1": 58}, "flags": {}, "order": 3, "mode": 0, "outputs": [{"name": "CONTROL_NET", "type": "CONTROL_NET", "links": [22], "shape": 3}], "properties": {"Node name for S&R": "ControlNetLoader"}, "widgets_values": ["t2iadapter_openpose_sd14v1.pth"]}, {"id": 9, "type": "ttN pipeLoader", "pos": [-448, 672], "size": [416, 736], "flags": {}, "order": 11, "mode": 0, "inputs": [{"name": "optional_clip", "type": "CLIP", "link": null}, {"name": "empty_latent_width", "type": "INT", "link": 32, "widget": {"name": "empty_latent_width"}}, {"name": "empty_latent_height", "type": "INT", "link": 60, "widget": {"name": "empty_latent_height"}}], "outputs": [{"name": "pipe", "type": "PIPE_LINE", "links": [12], "shape": 3, "slot_index": 0}, {"name": "model", "type": "MODEL", "links": null, "shape": 3}, {"name": "positive", "type": "CONDITIONING", "links": [17], "shape": 3, "slot_index": 2}, {"name": "negative", "type": "CONDITIONING", "links": [21], "shape": 3, "slot_index": 3}, {"name": "latent", "type": "LATENT", "links": null, "shape": 3}, {"name": "vae", "type": "VAE", "links": [52], "shape": 3, "slot_index": 5}, {"name": "clip", "type": "CLIP", "links": null, "shape": 3}, {"name": "seed", "type": "INT", "links": null, "shape": 3}], "properties": {"Node name for S&R": "ttN pipeLoader"}, "widgets_values": ["fantexiV09beta_fantexiV09beta.ckpt", "Baked VAE", -2, "None", 1, 1, "None", 1, 1, "None", 1, 1, "clear portrait of demi rose with big boobs and a slender thicc body with hands on breasts, cottagecore!!, background hyper detail, glowing red eyes\n\nlarge breasts, knockers, big tits, boobies", "none", "comfy", "ugly, deformed, embedding:bad_prompt_version2-neg.pt", "none", "comfy", 768, 768, 1, 0, "fixed"]}, {"id": 33, "type": "VAEEncode", "pos": [1248, 544], "size": {"0": 210, "1": 46}, "flags": {}, "order": 21, "mode": 0, "inputs": [{"name": "pixels", "type": "IMAGE", "link": 56}, {"name": "vae", "type": "VAE", "link": 57, "slot_index": 1}], "outputs": [{"name": "LATENT", "type": "LATENT", "links": [62], "shape": 3, "slot_index": 0}], "properties": {"Node name for S&R": "VAEEncode"}}, {"id": 12, "type": "ttN pipeKSamplerAdvanced", "pos": [1184, 672], "size": [352, 928], "flags": {}, "order": 22, "mode": 0, "inputs": [{"name": "pipe", "type": "PIPE_LINE", "link": 15}, {"name": "optional_model", "type": "MODEL", "link": null}, {"name": "optional_positive", "type": "CONDITIONING", "link": null}, {"name": "optional_negative", "type": "CONDITIONING", "link": null}, {"name": "optional_latent", "type": "LATENT", "link": 62}, {"name": "optional_vae", "type": "VAE", "link": null}, {"name": "optional_clip", "type": "CLIP", "link": null}, {"name": "xyPlot", "type": "XYPLOT", "link": null}], "outputs": [{"name": "pipe", "type": "PIPE_LINE", "links": null, "shape": 3}, {"name": "model", "type": "MODEL", "links": null, "shape": 3}, {"name": "positive", "type": "CONDITIONING", "links": null, "shape": 3}, {"name": "negative", "type": "CONDITIONING", "links": null, "shape": 3}, {"name": "latent", "type": "LATENT", "links": null, "shape": 3}, {"name": "vae", "type": "VAE", "links": null, "shape": 3}, {"name": "clip", "type": "CLIP", "links": null, "shape": 3}, {"name": "image", "type": "IMAGE", "links": [16], "shape": 3, "slot_index": 7}, {"name": "seed", "type": "INT", "links": null, "shape": 3}], "properties": {"Node name for S&R": "ttN pipeKSamplerAdvanced", "ttNnodeVersion": "1.0.4"}, "widgets_values": ["add_detail.safetensors", 0.6, 1, "None", 1.2000000000000002, "disabled", "Sample", "enable", 25, 8, "dpmpp_2m_sde", "karras", 15, 10000, "disable", "Preview", "ComfyUI", 154757559168278, "fixed"]}, {"id": 10, "type": "ttN pipeKSamplerAdvanced", "pos": [416, 672], "size": [352, 896], "flags": {}, "order": 18, "mode": 0, "inputs": [{"name": "pipe", "type": "PIPE_LINE", "link": 12}, {"name": "optional_model", "type": "MODEL", "link": null}, {"name": "optional_positive", "type": "CONDITIONING", "link": 46}, {"name": "optional_negative", "type": "CONDITIONING", "link": 47}, {"name": "optional_latent", "type": "LATENT", "link": 53}, {"name": "optional_vae", "type": "VAE", "link": null}, {"name": "optional_clip", "type": "CLIP", "link": null}, {"name": "xyPlot", "type": "XYPLOT", "link": null}], "outputs": [{"name": "pipe", "type": "PIPE_LINE", "links": [13], "shape": 3, "slot_index": 0}, {"name": "model", "type": "MODEL", "links": null, "shape": 3}, {"name": "positive", "type": "CONDITIONING", "links": null, "shape": 3}, {"name": "negative", "type": "CONDITIONING", "links": null, "shape": 3}, {"name": "latent", "type": "LATENT", "links": null, "shape": 3}, {"name": "vae", "type": "VAE", "links": null, "shape": 3}, {"name": "clip", "type": "CLIP", "links": null, "shape": 3}, {"name": "image", "type": "IMAGE", "links": [], "shape": 3, "slot_index": 7}, {"name": "seed", "type": "INT", "links": null, "shape": 3}], "properties": {"Node name for S&R": "ttN pipeKSamplerAdvanced"}, "widgets_values": ["Meruccubus (Merunyaa).safetensors", 0.3, 1, "None", 2, "disabled", "Sample", "enable", 25, 5.5, "dpmpp_3m_sde_gpu", "karras", 15, 15, "enable", "Preview", "ComfyUI", 1098388351686018, "fixed"]}, {"id": 11, "type": "ttN pipeKSamplerAdvanced", "pos": [800, 672], "size": [352, 928], "flags": {}, "order": 19, "mode": 0, "inputs": [{"name": "pipe", "type": "PIPE_LINE", "link": 13}, {"name": "optional_model", "type": "MODEL", "link": null}, {"name": "optional_positive", "type": "CONDITIONING", "link": null}, {"name": "optional_negative", "type": "CONDITIONING", "link": null}, {"name": "optional_latent", "type": "LATENT", "link": null}, {"name": "optional_vae", "type": "VAE", "link": null}, {"name": "optional_clip", "type": "CLIP", "link": null}, {"name": "xyPlot", "type": "XYPLOT", "link": null}], "outputs": [{"name": "pipe", "type": "PIPE_LINE", "links": [15], "shape": 3, "slot_index": 0}, {"name": "model", "type": "MODEL", "links": null, "shape": 3}, {"name": "positive", "type": "CONDITIONING", "links": null, "shape": 3}, {"name": "negative", "type": "CONDITIONING", "links": null, "shape": 3}, {"name": "latent", "type": "LATENT", "links": null, "shape": 3}, {"name": "vae", "type": "VAE", "links": [57], "shape": 3}, {"name": "clip", "type": "CLIP", "links": null, "shape": 3}, {"name": "image", "type": "IMAGE", "links": [55], "shape": 3, "slot_index": 7}, {"name": "seed", "type": "INT", "links": null, "shape": 3}], "properties": {"Node name for S&R": "ttN pipeKSamplerAdvanced"}, "widgets_values": ["Meruccubus (Merunyaa).safetensors", 0.3, 1, "None", 1.5, "disabled", "Sample", "disable", 25, 6, "dpmpp_3m_sde_gpu", "karras", 15, 10000, "disable", "Preview", "ComfyUI", 154757559168277, "fixed"]}, {"id": 16, "type": "LoadImage", "pos": [-1280, 192], "size": [320, 320], "flags": {}, "order": 4, "mode": 0, "outputs": [{"name": "IMAGE", "type": "IMAGE", "links": [28], "shape": 3, "slot_index": 0}, {"name": "MASK", "type": "MASK", "links": null, "shape": 3, "slot_index": 1}], "properties": {"Node name for S&R": "LoadImage"}, "widgets_values": ["340624927_616719333266391_799589368603668455_n (1).jpg", "image"]}], "links": [[12, 9, 0, 10, 0, "PIPE_LINE"], [13, 10, 0, 11, 0, "PIPE_LINE"], [15, 11, 0, 12, 0, "PIPE_LINE"], [16, 12, 7, 7, 0, "IMAGE"], [17, 9, 2, 13, 0, "CONDITIONING"], [21, 9, 3, 13, 1, "CONDITIONING"], [22, 14, 0, 13, 2, "CONTROL_NET"], [25, 17, 0, 18, 0, "IMAGE"], [28, 16, 0, 20, 0, "IMAGE"], [29, 20, 0, 17, 0, "IMAGE"], [31, 17, 0, 13, 3, "IMAGE"], [32, 21, 0, 9, 1, "INT"], [34, 20, 0, 21, 0, "IMAGE"], [35, 20, 0, 22, 0, "IMAGE"], [36, 13, 0, 23, 0, "CONDITIONING"], [37, 13, 1, 23, 1, "CONDITIONING"], [40, 24, 0, 23, 2, "CONTROL_NET"], [41, 22, 0, 23, 3, "IMAGE"], [42, 22, 0, 25, 0, "IMAGE"], [43, 20, 0, 26, 0, "IMAGE"], [44, 23, 0, 27, 0, "CONDITIONING"], [45, 23, 1, 27, 1, "CONDITIONING"], [46, 27, 0, 10, 2, "CONDITIONING"], [47, 27, 1, 10, 3, "CONDITIONING"], [48, 26, 0, 27, 3, "IMAGE"], [49, 28, 0, 27, 2, "CONTROL_NET"], [50, 26, 0, 29, 0, "IMAGE"], [52, 9, 5, 30, 1, "VAE"], [53, 30, 0, 10, 4, "LATENT"], [54, 32, 0, 31, 0, "UPSCALE_MODEL"], [55, 11, 7, 31, 1, "IMAGE"], [56, 31, 0, 33, 0, "IMAGE"], [57, 11, 5, 33, 1, "VAE"], [60, 21, 1, 9, 2, "INT"], [61, 20, 0, 30, 0, "IMAGE"], [62, 33, 0, 12, 4, "LATENT"]], "groups": [], "config": {}, "extra": {}, "version": 0.4}