{"last_node_id": 37, "last_link_id": 103, "nodes": [{"id": 26, "type": "VAEEncodeForInpaint", "pos": [617, 720], "size": {"0": 226.8000030517578, "1": 98}, "flags": {}, "order": 8, "mode": 0, "inputs": [{"name": "pixels", "type": "IMAGE", "link": 87}, {"name": "vae", "type": "VAE", "link": 91}, {"name": "mask", "type": "MASK", "link": 86}], "outputs": [{"name": "LATENT", "type": "LATENT", "links": [72], "slot_index": 0}], "properties": {"Node name for S&R": "VAEEncodeForInpaint"}, "widgets_values": [8]}, {"id": 31, "type": "ConstrainImage|pysssss", "pos": [270, 920], "size": {"0": 315, "1": 154}, "flags": {}, "order": 4, "mode": 0, "inputs": [{"name": "images", "type": "IMAGE", "link": 88}], "outputs": [{"name": "IMAGE", "type": "IMAGE", "links": [89], "shape": 6, "slot_index": 0}], "properties": {"Node name for S&R": "ConstrainImage|pysssss"}, "widgets_values": [1024, 1024, 0, 0, "no"]}, {"id": 20, "type": "LoadImage", "pos": [-107, 726], "size": {"0": 344, "1": 346}, "flags": {}, "order": 0, "mode": 0, "outputs": [{"name": "IMAGE", "type": "IMAGE", "links": [88], "slot_index": 0}, {"name": "MASK", "type": "MASK", "links": [], "slot_index": 1}], "properties": {"Node name for S&R": "LoadImage"}, "widgets_values": ["ComfyUI_05393_.png", "image"]}, {"id": 32, "type": "VAELoader", "pos": [1075.807998036971, 755.7399670598136], "size": {"0": 315, "1": 58}, "flags": {}, "order": 1, "mode": 0, "outputs": [{"name": "VAE", "type": "VAE", "links": [90, 91], "shape": 3, "slot_index": 0}], "properties": {"Node name for S&R": "VAELoader"}, "widgets_values": ["vae-ft-mse-840000-ema-pruned.safetensors"]}, {"id": 30, "type": "ImagePadForOutpaint", "pos": [270, 700], "size": {"0": 315, "1": 174}, "flags": {}, "order": 7, "mode": 0, "inputs": [{"name": "image", "type": "IMAGE", "link": 89}], "outputs": [{"name": "IMAGE", "type": "IMAGE", "links": [87], "shape": 3, "slot_index": 0}, {"name": "MASK", "type": "MASK", "links": [86], "shape": 3, "slot_index": 1}], "properties": {"Node name for S&R": "ImagePadForOutpaint"}, "widgets_values": [0, 128, 0, 0, 128]}, {"id": 6, "type": "CLIPTextEncode", "pos": [432, 158], "size": {"0": 422.84503173828125, "1": 164.31304931640625}, "flags": {}, "order": 5, "mode": 0, "inputs": [{"name": "clip", "type": "CLIP", "link": 81}], "outputs": [{"name": "CONDITIONING", "type": "CONDITIONING", "links": [4, 95], "slot_index": 0}], "properties": {"Node name for S&R": "CLIPTextEncode"}, "widgets_values": ["a lush jungle, rainforest, artstation, digital art, painting, stylized, ferocious plant, fangs"]}, {"id": 7, "type": "CLIPTextEncode", "pos": [434, 371], "size": {"0": 425.27801513671875, "1": 180.6060791015625}, "flags": {}, "order": 6, "mode": 0, "inputs": [{"name": "clip", "type": "CLIP", "link": 82}], "outputs": [{"name": "CONDITIONING", "type": "CONDITIONING", "links": [6, 96], "slot_index": 0}], "properties": {"Node name for S&R": "CLIPTextEncode"}, "widgets_values": ["watermark, text\n"]}, {"id": 29, "type": "CheckpointLoaderSimple", "pos": [17, 303], "size": {"0": 315, "1": 98}, "flags": {}, "order": 2, "mode": 0, "outputs": [{"name": "MODEL", "type": "MODEL", "links": [80], "slot_index": 0}, {"name": "CLIP", "type": "CLIP", "links": [81, 82], "slot_index": 1}, {"name": "VAE", "type": "VAE", "links": [], "slot_index": 2}], "properties": {"Node name for S&R": "CheckpointLoaderSimple"}, "widgets_values": ["aZovyaRPGArtistTools_v3Inpainting.safetensors"]}, {"id": 8, "type": "VAEDecode", "pos": [1690, 370], "size": {"0": 210, "1": 46}, "flags": {}, "order": 13, "mode": 0, "inputs": [{"name": "samples", "type": "LATENT", "link": 92}, {"name": "vae", "type": "VAE", "link": 90}], "outputs": [{"name": "IMAGE", "type": "IMAGE", "links": [22], "slot_index": 0}], "properties": {"Node name for S&R": "VAEDecode"}}, {"id": 9, "type": "SaveImage", "pos": [1920, 270], "size": {"0": 360.5482177734375, "1": 441.5260314941406}, "flags": {}, "order": 14, "mode": 0, "inputs": [{"name": "images", "type": "IMAGE", "link": 22}], "properties": {}, "widgets_values": ["ComfyUI"]}, {"id": 35, "type": "CheckpointLoaderSimple", "pos": [910, -110], "size": {"0": 315, "1": 98}, "flags": {}, "order": 3, "mode": 0, "outputs": [{"name": "MODEL", "type": "MODEL", "links": [98], "shape": 3}, {"name": "CLIP", "type": "CLIP", "links": null, "shape": 3}, {"name": "VAE", "type": "VAE", "links": [101, 103], "shape": 3, "slot_index": 2}], "properties": {"Node name for S&R": "CheckpointLoaderSimple"}, "widgets_values": ["RealCartoon3DV8.safetensors"]}, {"id": 3, "type": "KSampler", "pos": [910, 180], "size": {"0": 320, "1": 470}, "flags": {}, "order": 9, "mode": 0, "inputs": [{"name": "model", "type": "MODEL", "link": 80}, {"name": "positive", "type": "CONDITIONING", "link": 4}, {"name": "negative", "type": "CONDITIONING", "link": 6}, {"name": "latent_image", "type": "LATENT", "link": 72}], "outputs": [{"name": "LATENT", "type": "LATENT", "links": [99], "slot_index": 0}], "properties": {"Node name for S&R": "KSampler"}, "widgets_values": [152545289528696, "fixed", 20, 8, "euler_ancestral", "normal", 1]}, {"id": 37, "type": "VAEEncode", "pos": [1490, 30], "size": {"0": 210, "1": 46}, "flags": {}, "order": 11, "mode": 0, "inputs": [{"name": "pixels", "type": "IMAGE", "link": 100}, {"name": "vae", "type": "VAE", "link": 101, "slot_index": 1}], "outputs": [{"name": "LATENT", "type": "LATENT", "links": [102], "shape": 3, "slot_index": 0}], "properties": {"Node name for S&R": "VAEEncode"}}, {"id": 36, "type": "VAEDecode", "pos": [960, 70], "size": {"0": 210, "1": 46}, "flags": {}, "order": 10, "mode": 0, "inputs": [{"name": "samples", "type": "LATENT", "link": 99}, {"name": "vae", "type": "VAE", "link": 103, "slot_index": 1}], "outputs": [{"name": "IMAGE", "type": "IMAGE", "links": [100], "shape": 3, "slot_index": 0}], "properties": {"Node name for S&R": "VAEDecode"}}, {"id": 33, "type": "KSampler", "pos": [1390, 190], "size": {"0": 320, "1": 470}, "flags": {}, "order": 12, "mode": 0, "inputs": [{"name": "model", "type": "MODEL", "link": 98, "slot_index": 0}, {"name": "positive", "type": "CONDITIONING", "link": 95}, {"name": "negative", "type": "CONDITIONING", "link": 96}, {"name": "latent_image", "type": "LATENT", "link": 102}], "outputs": [{"name": "LATENT", "type": "LATENT", "links": [92], "slot_index": 0}], "properties": {"Node name for S&R": "KSampler"}, "widgets_values": [152545289528700, "fixed", 25, 8, "euler_ancestral", "normal", 0.5]}], "links": [[4, 6, 0, 3, 1, "CONDITIONING"], [6, 7, 0, 3, 2, "CONDITIONING"], [22, 8, 0, 9, 0, "IMAGE"], [72, 26, 0, 3, 3, "LATENT"], [80, 29, 0, 3, 0, "MODEL"], [81, 29, 1, 6, 0, "CLIP"], [82, 29, 1, 7, 0, "CLIP"], [86, 30, 1, 26, 2, "MASK"], [87, 30, 0, 26, 0, "IMAGE"], [88, 20, 0, 31, 0, "IMAGE"], [89, 31, 0, 30, 0, "IMAGE"], [90, 32, 0, 8, 1, "VAE"], [91, 32, 0, 26, 1, "VAE"], [92, 33, 0, 8, 0, "LATENT"], [95, 6, 0, 33, 1, "CONDITIONING"], [96, 7, 0, 33, 2, "CONDITIONING"], [98, 35, 0, 33, 0, "MODEL"], [99, 3, 0, 36, 0, "LATENT"], [100, 36, 0, 37, 0, "IMAGE"], [101, 35, 2, 37, 1, "VAE"], [102, 37, 0, 33, 3, "LATENT"], [103, 35, 2, 36, 1, "VAE"]], "groups": [{"title": "Load image and pad for outpainting", "bounding": [-127, 595, 1038, 509], "color": "#3f789e", "font_size": 24, "locked": false}], "config": {}, "extra": {}, "version": 0.4}