{"last_node_id": 120, "last_link_id": 348, "nodes": [{"id": 3, "type": "CLIPTextEncode", "pos": [-810, -60], "size": {"0": 400, "1": 200}, "flags": {}, "order": 11, "mode": 0, "inputs": [{"name": "clip", "type": "CLIP", "link": 334}], "outputs": [{"name": "CONDITIONING", "type": "CONDITIONING", "links": [31], "shape": 3, "slot_index": 0}], "properties": {"Node name for S&R": "CLIPTextEncode"}, "widgets_values": ["a photo of a creepy (underwater:1.4) ocean scene, coral, sea urchin, sea floor, shipwreck, dramatic lighting, horror, spooky, (greg rutkowski:1.15)"]}, {"id": 4, "type": "CLIPTextEncode", "pos": [-810, 180], "size": {"0": 400, "1": 200}, "flags": {}, "order": 12, "mode": 0, "inputs": [{"name": "clip", "type": "CLIP", "link": 335}], "outputs": [{"name": "CONDITIONING", "type": "CONDITIONING", "links": [32], "shape": 3, "slot_index": 0}], "properties": {"Node name for S&R": "CLIPTextEncode"}, "widgets_values": ["ugly, boring, washed out colors, NSFW, worst quality, normal quality, low quality, low res, blurry, text, watermark, logo, banner, extra digits, cropped, jpeg artifacts, signature, username, error, sketch ,duplicate, ugly, monochrome, horror, geometry, mutation, disgusting, (embedding:bad_prompt_version2-neg.pt:0.8)"]}, {"id": 24, "type": "CLIPTextEncode", "pos": [-640, 1120], "size": {"0": 400, "1": 200}, "flags": {}, "order": 25, "mode": 0, "inputs": [{"name": "clip", "type": "CLIP", "link": 260}], "outputs": [{"name": "CONDITIONING", "type": "CONDITIONING", "links": [86], "shape": 3, "slot_index": 0}], "properties": {"Node name for S&R": "CLIPTextEncode"}, "widgets_values": ["ugly, boring, washed out colors, NSFW, worst quality, normal quality, low quality, low res, blurry, text, watermark, logo, banner, extra digits, cropped, jpeg artifacts, signature, username, error, sketch ,duplicate, ugly, monochrome, horror, geometry, mutation, disgusting"]}, {"id": 23, "type": "CLIPTextEncode", "pos": [-640, 880], "size": {"0": 400, "1": 200}, "flags": {}, "order": 24, "mode": 0, "inputs": [{"name": "clip", "type": "CLIP", "link": 259}], "outputs": [{"name": "CONDITIONING", "type": "CONDITIONING", "links": [85], "shape": 3, "slot_index": 0}], "properties": {"Node name for S&R": "CLIPTextEncode"}, "widgets_values": ["a glowing fish, bioluminescence, symmetrical, fins, long fins, shark"]}, {"id": 30, "type": "PreviewImage", "pos": [430, 1140], "size": [710, 730], "flags": {}, "order": 33, "mode": 0, "inputs": [{"name": "images", "type": "IMAGE", "link": 177}], "properties": {"Node name for S&R": "PreviewImage"}}, {"id": 6, "type": "SaveImage", "pos": [360, -10], "size": [710, 710], "flags": {}, "order": 23, "mode": 0, "inputs": [{"name": "images", "type": "IMAGE", "link": 40}], "properties": {}, "widgets_values": ["ComfyUI"]}, {"id": 95, "type": "PreviewImage", "pos": [1160, 1090], "size": [440, 450], "flags": {}, "order": 34, "mode": 0, "inputs": [{"name": "images", "type": "IMAGE", "link": 250}], "properties": {"Node name for S&R": "PreviewImage"}}, {"id": 99, "type": "ttN pipeOUT", "pos": [-830, 1050], "size": {"0": 210, "1": 186}, "flags": {"collapsed": true}, "order": 20, "mode": 0, "inputs": [{"name": "pipe", "type": "PIPE_LINE", "link": 258}], "outputs": [{"name": "model", "type": "MODEL", "links": null, "shape": 3}, {"name": "pos", "type": "CONDITIONING", "links": null, "shape": 3}, {"name": "neg", "type": "CONDITIONING", "links": null, "shape": 3}, {"name": "latent", "type": "LATENT", "links": null, "shape": 3}, {"name": "vae", "type": "VAE", "links": null, "shape": 3}, {"name": "clip", "type": "CLIP", "links": [259, 260], "shape": 3, "slot_index": 5}, {"name": "image", "type": "IMAGE", "links": null, "shape": 3}, {"name": "seed", "type": "INT", "links": null, "shape": 3}, {"name": "pipe", "type": "PIPE_LINE", "links": null, "shape": 3}], "properties": {"Node name for S&R": "ttN pipeOUT"}}, {"id": 57, "type": "Reroute", "pos": [-880, 720], "size": [75, 26], "flags": {}, "order": 9, "mode": 0, "inputs": [{"name": "", "type": "*", "link": 279}], "outputs": [{"name": "", "type": "VAE", "links": [144, 276, 277], "slot_index": 0}], "properties": {"showOutputText": false, "horizontal": false}}, {"id": 52, "type": "VAELoader", "pos": [-1280, 680], "size": {"0": 315, "1": 58}, "flags": {}, "order": 0, "mode": 0, "outputs": [{"name": "VAE", "type": "VAE", "links": [], "shape": 3, "slot_index": 0}], "properties": {"Node name for S&R": "VAELoader"}, "widgets_values": ["vae-ft-mse-840000-ema-pruned.safetensors"]}, {"id": 103, "type": "PreviewImage", "pos": [2020, 760], "size": [370, 320], "flags": {}, "order": 37, "mode": 0, "inputs": [{"name": "images", "type": "IMAGE", "link": 288}], "properties": {"Node name for S&R": "PreviewImage"}}, {"id": 64, "type": "PreviewImage", "pos": [-1240, 1660], "size": [330, 320], "flags": {}, "order": 16, "mode": 0, "inputs": [{"name": "images", "type": "IMAGE", "link": 307}], "properties": {"Node name for S&R": "PreviewImage"}}, {"id": 102, "type": "LatentUpscaleBy", "pos": [2030, 640], "size": {"0": 315, "1": 82}, "flags": {}, "order": 36, "mode": 0, "inputs": [{"name": "samples", "type": "LATENT", "link": 285}], "outputs": [{"name": "LATENT", "type": "LATENT", "links": [286], "shape": 3, "slot_index": 0}], "properties": {"Node name for S&R": "LatentUpscaleBy"}, "widgets_values": ["nearest-exact", 1.25]}, {"id": 107, "type": "LatentUpscaleBy", "pos": [3000, 610], "size": {"0": 315, "1": 82}, "flags": {}, "order": 39, "mode": 0, "inputs": [{"name": "samples", "type": "LATENT", "link": 296}], "outputs": [{"name": "LATENT", "type": "LATENT", "links": [297], "shape": 3, "slot_index": 0}], "properties": {"Node name for S&R": "LatentUpscaleBy"}, "widgets_values": ["nearest-exact", 1.25]}, {"id": 96, "type": "SaveImage", "pos": [2780, 740], "size": [920, 1110], "flags": {}, "order": 40, "mode": 0, "inputs": [{"name": "images", "type": "IMAGE", "link": 287}], "properties": {}, "widgets_values": ["ComfyUI"]}, {"id": 108, "type": "SaveImage", "pos": [4090, 720], "size": {"0": 920, "1": 1110}, "flags": {}, "order": 42, "mode": 0, "inputs": [{"name": "images", "type": "IMAGE", "link": 298}], "properties": {}, "widgets_values": ["ComfyUI"]}, {"id": 68, "type": "VAEEncode", "pos": [-680, 1370], "size": {"0": 210, "1": 46}, "flags": {}, "order": 13, "mode": 0, "inputs": [{"name": "pixels", "type": "IMAGE", "link": 292}, {"name": "vae", "type": "VAE", "link": 144}], "outputs": [{"name": "LATENT", "type": "LATENT", "links": [230], "shape": 3, "slot_index": 0}], "properties": {"Node name for S&R": "VAEEncode"}}, {"id": 8, "type": "LoadImage", "pos": [-1210, 270], "size": [320, 310], "flags": {}, "order": 1, "mode": 0, "outputs": [{"name": "IMAGE", "type": "IMAGE", "links": [220], "shape": 3, "slot_index": 0}, {"name": "MASK", "type": "MASK", "links": [], "shape": 3, "slot_index": 1}], "properties": {"Node name for S&R": "LoadImage"}, "widgets_values": ["Test subject.png", "image"]}, {"id": 112, "type": "Image Rembg (Remove Background)", "pos": [-830, 1900], "size": {"0": 315, "1": 250}, "flags": {}, "order": 10, "mode": 0, "inputs": [{"name": "images", "type": "IMAGE", "link": 304}], "outputs": [{"name": "images", "type": "IMAGE", "links": [305, 307], "shape": 3, "slot_index": 0}], "properties": {"Node name for S&R": "Image Rembg (Remove Background)"}, "widgets_values": [true, "u2net", false, false, false, 240, 10, 10, "none"]}, {"id": 115, "type": "Reroute", "pos": [410, 960], "size": [75, 26], "flags": {}, "order": 22, "mode": 0, "inputs": [{"name": "", "type": "*", "link": 331}], "outputs": [{"name": "", "type": "MASK", "links": [319, 320], "slot_index": 0}], "properties": {"showOutputText": false, "horizontal": false}}, {"id": 94, "type": "MaskToImage", "pos": [930, 1050], "size": {"0": 210, "1": 26}, "flags": {}, "order": 29, "mode": 0, "inputs": [{"name": "mask", "type": "MASK", "link": 339}], "outputs": [{"name": "IMAGE", "type": "IMAGE", "links": [250], "shape": 3, "slot_index": 0}], "properties": {"Node name for S&R": "MaskToImage"}}, {"id": 84, "type": "ConstrainImage|pysssss", "pos": [-830, 450], "size": {"0": 315, "1": 154}, "flags": {}, "order": 6, "mode": 0, "inputs": [{"name": "images", "type": "IMAGE", "link": 220}], "outputs": [{"name": "IMAGE", "type": "IMAGE", "links": [222, 278], "shape": 6, "slot_index": 0}], "properties": {"Node name for S&R": "ConstrainImage|pysssss"}, "widgets_values": [1024, 1024, 0, 0, "no"]}, {"id": 83, "type": "FeatherMask", "pos": [550, 810], "size": [320, 130], "flags": {}, "order": 26, "mode": 0, "inputs": [{"name": "mask", "type": "MASK", "link": 319}, {"name": "left", "type": "INT", "link": 245, "widget": {"name": "left", "config": ["INT", {"default": 0, "min": 0, "max": 8192, "step": 1}]}, "slot_index": 1}, {"name": "top", "type": "INT", "link": 246, "widget": {"name": "top", "config": ["INT", {"default": 0, "min": 0, "max": 8192, "step": 1}]}, "slot_index": 2}, {"name": "right", "type": "INT", "link": 247, "widget": {"name": "right", "config": ["INT", {"default": 0, "min": 0, "max": 8192, "step": 1}]}, "slot_index": 3}, {"name": "bottom", "type": "INT", "link": 248, "widget": {"name": "bottom", "config": ["INT", {"default": 0, "min": 0, "max": 8192, "step": 1}]}, "slot_index": 4}], "outputs": [{"name": "MASK", "type": "MASK", "links": [], "shape": 3, "slot_index": 0}], "properties": {"Node name for S&R": "FeatherMask"}, "widgets_values": [50, 50, 50, 50]}, {"id": 93, "type": "CM_FloatToInt", "pos": [120, 860], "size": {"0": 315, "1": 58}, "flags": {}, "order": 2, "mode": 0, "outputs": [{"name": "INT", "type": "INT", "links": [245, 246, 247, 248], "shape": 3}], "properties": {"Node name for S&R": "CM_FloatToInt"}, "widgets_values": [30.5]}, {"id": 113, "type": "AlphaChanelAsMask", "pos": [-470, 1850], "size": {"0": 315, "1": 58}, "flags": {}, "order": 15, "mode": 0, "inputs": [{"name": "images", "type": "IMAGE", "link": 305}], "outputs": [{"name": "MASK", "type": "MASK", "links": [313], "shape": 3, "slot_index": 0}], "properties": {"Node name for S&R": "AlphaChanelAsMask"}, "widgets_values": ["default"]}, {"id": 67, "type": "Mask Invert", "pos": [-300, 1520], "size": [140, 30], "flags": {}, "order": 18, "mode": 0, "inputs": [{"name": "masks", "type": "MASK", "link": 313}], "outputs": [{"name": "MASKS", "type": "MASK", "links": [330, 331], "shape": 3, "slot_index": 0}], "properties": {"Node name for S&R": "Mask Invert"}}, {"id": 116, "type": "CLIPSetLastLayer", "pos": [-1220, 120], "size": {"0": 315, "1": 58}, "flags": {}, "order": 8, "mode": 0, "inputs": [{"name": "clip", "type": "CLIP", "link": 332}], "outputs": [{"name": "CLIP", "type": "CLIP", "links": [333, 334, 335], "shape": 3}], "properties": {"Node name for S&R": "CLIPSetLastLayer"}, "widgets_values": [-2]}, {"id": 27, "type": "LoadImage", "pos": [-1230, 1300], "size": [320, 310], "flags": {}, "order": 3, "mode": 0, "outputs": [{"name": "IMAGE", "type": "IMAGE", "links": [290], "shape": 3, "slot_index": 0}, {"name": "MASK", "type": "MASK", "links": [], "shape": 3, "slot_index": 1}], "properties": {"Node name for S&R": "LoadImage"}, "widgets_values": ["00051-2012497770 (1).png", "image"]}, {"id": 104, "type": "ConstrainImage|pysssss", "pos": [-840, 1670], "size": {"0": 315, "1": 154}, "flags": {}, "order": 7, "mode": 0, "inputs": [{"name": "images", "type": "IMAGE", "link": 290}], "outputs": [{"name": "IMAGE", "type": "IMAGE", "links": [292, 304], "shape": 6, "slot_index": 0}], "properties": {"Node name for S&R": "ConstrainImage|pysssss"}, "widgets_values": [768, 768, 0, 0, "no"]}, {"id": 45, "type": "ConditioningAverage ", "pos": [1170, 610], "size": {"0": 380.4000244140625, "1": 78}, "flags": {}, "order": 30, "mode": 0, "inputs": [{"name": "conditioning_to", "type": "CONDITIONING", "link": 96}, {"name": "conditioning_from", "type": "CONDITIONING", "link": 97}], "outputs": [{"name": "CONDITIONING", "type": "CONDITIONING", "links": [281, 324, 325], "shape": 3, "slot_index": 0}], "properties": {"Node name for S&R": "ConditioningAverage "}, "widgets_values": [0.5]}, {"id": 32, "type": "LatentCompositeMasked", "pos": [1190, 740], "size": {"0": 315, "1": 146}, "flags": {}, "order": 31, "mode": 0, "inputs": [{"name": "destination", "type": "LATENT", "link": 166}, {"name": "source", "type": "LATENT", "link": 178, "slot_index": 1}, {"name": "mask", "type": "MASK", "link": 342}], "outputs": [{"name": "LATENT", "type": "LATENT", "links": [], "shape": 3, "slot_index": 0}], "properties": {"Node name for S&R": "LatentCompositeMasked"}, "widgets_values": [0, 0, true]}, {"id": 118, "type": "EmptyLatentImage", "pos": [-620, 1470], "size": {"0": 315, "1": 106}, "flags": {}, "order": 4, "mode": 0, "outputs": [{"name": "LATENT", "type": "LATENT", "links": [344], "shape": 3, "slot_index": 0}], "properties": {"Node name for S&R": "EmptyLatentImage"}, "widgets_values": [768, 768, 1]}, {"id": 101, "type": "ttN pipeKSamplerAdvanced", "pos": [2410, 580], "size": [330, 790], "flags": {}, "order": 38, "mode": 0, "inputs": [{"name": "pipe", "type": "PIPE_LINE", "link": 284}, {"name": "optional_model", "type": "MODEL", "link": null}, {"name": "optional_positive", "type": "CONDITIONING", "link": 324}, {"name": "optional_negative", "type": "CONDITIONING", "link": null}, {"name": "optional_latent", "type": "LATENT", "link": 286}, {"name": "optional_vae", "type": "VAE", "link": null}, {"name": "optional_clip", "type": "CLIP", "link": null}, {"name": "xyPlot", "type": "XYPLOT", "link": null}], "outputs": [{"name": "pipe", "type": "PIPE_LINE", "links": [295], "shape": 3, "slot_index": 0}, {"name": "model", "type": "MODEL", "links": null, "shape": 3}, {"name": "positive", "type": "CONDITIONING", "links": null, "shape": 3}, {"name": "negative", "type": "CONDITIONING", "links": null, "shape": 3}, {"name": "latent", "type": "LATENT", "links": [296], "shape": 3, "slot_index": 4}, {"name": "vae", "type": "VAE", "links": null, "shape": 3}, {"name": "clip", "type": "CLIP", "links": null, "shape": 3}, {"name": "image", "type": "IMAGE", "links": [287], "shape": 3, "slot_index": 7}, {"name": "seed", "type": "INT", "links": null, "shape": 3}], "properties": {"Node name for S&R": "ttN pipeKSamplerAdvanced"}, "widgets_values": ["None", 0.5, 1, "None", 2, "disabled", "Sample", "enable", 25, 7.5, "dpmpp_3m_sde_gpu", "karras", 13, 10000, "disable", "Preview", "ComfyUI", 817958420405816, "fixed"]}, {"id": 106, "type": "ttN pipeKSamplerAdvanced", "pos": [3740, 620], "size": [330, 790], "flags": {}, "order": 41, "mode": 0, "inputs": [{"name": "pipe", "type": "PIPE_LINE", "link": 295}, {"name": "optional_model", "type": "MODEL", "link": null}, {"name": "optional_positive", "type": "CONDITIONING", "link": 325}, {"name": "optional_negative", "type": "CONDITIONING", "link": null}, {"name": "optional_latent", "type": "LATENT", "link": 297}, {"name": "optional_vae", "type": "VAE", "link": null}, {"name": "optional_clip", "type": "CLIP", "link": null}, {"name": "xyPlot", "type": "XYPLOT", "link": null}], "outputs": [{"name": "pipe", "type": "PIPE_LINE", "links": null, "shape": 3}, {"name": "model", "type": "MODEL", "links": null, "shape": 3}, {"name": "positive", "type": "CONDITIONING", "links": null, "shape": 3}, {"name": "negative", "type": "CONDITIONING", "links": null, "shape": 3}, {"name": "latent", "type": "LATENT", "links": null, "shape": 3}, {"name": "vae", "type": "VAE", "links": null, "shape": 3}, {"name": "clip", "type": "CLIP", "links": null, "shape": 3}, {"name": "image", "type": "IMAGE", "links": [298], "shape": 3, "slot_index": 7}, {"name": "seed", "type": "INT", "links": null, "shape": 3}], "properties": {"Node name for S&R": "ttN pipeKSamplerAdvanced"}, "widgets_values": ["more_details.safetensors", 1, 1, "None", 2, "disabled", "Sample", "enable", 25, 6.5, "dpmpp_3m_sde_gpu", "karras", 15, 10000, "disable", "Preview", "ComfyUI", 87145165, "fixed"]}, {"id": 114, "type": "GrowMask", "pos": [550, 990], "size": {"0": 315, "1": 82}, "flags": {}, "order": 27, "mode": 0, "inputs": [{"name": "mask", "type": "MASK", "link": 320}], "outputs": [{"name": "MASK", "type": "MASK", "links": [339, 342], "shape": 3, "slot_index": 0}], "properties": {"Node name for S&R": "GrowMask"}, "widgets_values": [0, false]}, {"id": 1, "type": "CheckpointLoaderSimple", "pos": [-1210, -40], "size": {"0": 315, "1": 98}, "flags": {}, "order": 5, "mode": 0, "outputs": [{"name": "MODEL", "type": "MODEL", "links": [207], "shape": 3, "slot_index": 0}, {"name": "CLIP", "type": "CLIP", "links": [332], "shape": 3, "slot_index": 1}, {"name": "VAE", "type": "VAE", "links": [279], "shape": 3, "slot_index": 2}], "properties": {"Node name for S&R": "CheckpointLoaderSimple"}, "widgets_values": ["babes_20.safetensors"]}, {"id": 86, "type": "SetLatentNoiseMask", "pos": [-270, 1360], "size": {"0": 210, "1": 46}, "flags": {}, "order": 21, "mode": 0, "inputs": [{"name": "samples", "type": "LATENT", "link": 230}, {"name": "mask", "type": "MASK", "link": 330}], "outputs": [{"name": "LATENT", "type": "LATENT", "links": [], "shape": 3, "slot_index": 0}], "properties": {"Node name for S&R": "SetLatentNoiseMask"}}, {"id": 13, "type": "ttN pipeKSamplerAdvanced", "pos": [-20, -50], "size": [330, 790], "flags": {}, "order": 19, "mode": 0, "inputs": [{"name": "pipe", "type": "PIPE_LINE", "link": 35}, {"name": "optional_model", "type": "MODEL", "link": null}, {"name": "optional_positive", "type": "CONDITIONING", "link": null}, {"name": "optional_negative", "type": "CONDITIONING", "link": null}, {"name": "optional_latent", "type": "LATENT", "link": 347}, {"name": "optional_vae", "type": "VAE", "link": null}, {"name": "optional_clip", "type": "CLIP", "link": null}, {"name": "xyPlot", "type": "XYPLOT", "link": null}], "outputs": [{"name": "pipe", "type": "PIPE_LINE", "links": [280], "shape": 3, "slot_index": 0}, {"name": "model", "type": "MODEL", "links": null, "shape": 3}, {"name": "positive", "type": "CONDITIONING", "links": [96], "shape": 3, "slot_index": 2}, {"name": "negative", "type": "CONDITIONING", "links": null, "shape": 3}, {"name": "latent", "type": "LATENT", "links": [166, 300], "shape": 3, "slot_index": 4}, {"name": "vae", "type": "VAE", "links": null, "shape": 3}, {"name": "clip", "type": "CLIP", "links": null, "shape": 3}, {"name": "image", "type": "IMAGE", "links": [40], "shape": 3, "slot_index": 7}, {"name": "seed", "type": "INT", "links": null, "shape": 3}], "properties": {"Node name for S&R": "ttN pipeKSamplerAdvanced"}, "widgets_values": ["None", 1, 1, "None", 2, "disabled", "Sample", "enable", 25, 8, "dpmpp_sde", "normal", 0, 10, "enable", "Preview", "ComfyUI", 555309050115327, "fixed"]}, {"id": 100, "type": "ttN pipeKSamplerAdvanced", "pos": [1670, 580], "size": [330, 740], "flags": {}, "order": 35, "mode": 0, "inputs": [{"name": "pipe", "type": "PIPE_LINE", "link": 280}, {"name": "optional_model", "type": "MODEL", "link": null}, {"name": "optional_positive", "type": "CONDITIONING", "link": 281}, {"name": "optional_negative", "type": "CONDITIONING", "link": null}, {"name": "optional_latent", "type": "LATENT", "link": 343}, {"name": "optional_vae", "type": "VAE", "link": null}, {"name": "optional_clip", "type": "CLIP", "link": null}, {"name": "xyPlot", "type": "XYPLOT", "link": null}], "outputs": [{"name": "pipe", "type": "PIPE_LINE", "links": [284], "shape": 3, "slot_index": 0}, {"name": "model", "type": "MODEL", "links": null, "shape": 3}, {"name": "positive", "type": "CONDITIONING", "links": [], "shape": 3, "slot_index": 2}, {"name": "negative", "type": "CONDITIONING", "links": null, "shape": 3}, {"name": "latent", "type": "LATENT", "links": [285], "shape": 3, "slot_index": 4}, {"name": "vae", "type": "VAE", "links": null, "shape": 3}, {"name": "clip", "type": "CLIP", "links": null, "shape": 3}, {"name": "image", "type": "IMAGE", "links": [288], "shape": 3, "slot_index": 7}, {"name": "seed", "type": "INT", "links": null, "shape": 3}], "properties": {"Node name for S&R": "ttN pipeKSamplerAdvanced"}, "widgets_values": ["None", 1, 1, "None", 2, "disabled", "Sample", "disable", 25, 7.5, "dpmpp_3m_sde_gpu", "karras", 10, 10000, "disable", "Preview", "ComfyUI", 264567219850453, "fixed"]}, {"id": 109, "type": "LatentComposite", "pos": [1190, 930], "size": {"0": 315, "1": 126}, "flags": {}, "order": 32, "mode": 0, "inputs": [{"name": "samples_to", "type": "LATENT", "link": 300}, {"name": "samples_from", "type": "LATENT", "link": 299}], "outputs": [{"name": "LATENT", "type": "LATENT", "links": [343], "shape": 3, "slot_index": 0}], "properties": {"Node name for S&R": "LatentComposite"}, "widgets_values": [64, 0, 48]}, {"id": 29, "type": "ttN pipeKSamplerAdvanced", "pos": [30, 1010], "size": [330, 790], "flags": {}, "order": 28, "mode": 0, "inputs": [{"name": "pipe", "type": "PIPE_LINE", "link": 82}, {"name": "optional_model", "type": "MODEL", "link": null}, {"name": "optional_positive", "type": "CONDITIONING", "link": 85}, {"name": "optional_negative", "type": "CONDITIONING", "link": 86}, {"name": "optional_latent", "type": "LATENT", "link": 344}, {"name": "optional_vae", "type": "VAE", "link": null}, {"name": "optional_clip", "type": "CLIP", "link": null}, {"name": "xyPlot", "type": "XYPLOT", "link": null}], "outputs": [{"name": "pipe", "type": "PIPE_LINE", "links": [], "shape": 3, "slot_index": 0}, {"name": "model", "type": "MODEL", "links": null, "shape": 3}, {"name": "positive", "type": "CONDITIONING", "links": [97], "shape": 3, "slot_index": 2}, {"name": "negative", "type": "CONDITIONING", "links": null, "shape": 3}, {"name": "latent", "type": "LATENT", "links": [178, 299], "shape": 3, "slot_index": 4}, {"name": "vae", "type": "VAE", "links": [], "shape": 3, "slot_index": 5}, {"name": "clip", "type": "CLIP", "links": null, "shape": 3}, {"name": "image", "type": "IMAGE", "links": [177], "shape": 3, "slot_index": 7}, {"name": "seed", "type": "INT", "links": null, "shape": 3}], "properties": {"Node name for S&R": "ttN pipeKSamplerAdvanced", "ttNnodeVersion": "1.0.4"}, "widgets_values": ["None", 1, 1, "None", 2, "disabled", "Sample", "enable", 25, 8.5, "euler_ancestral", "normal", 0, 10, "enable", "Preview", "ComfyUI", 555309050115332, "fixed"]}, {"id": 19, "type": "VAEEncode", "pos": [-430, 450], "size": {"0": 210, "1": 46}, "flags": {}, "order": 14, "mode": 0, "inputs": [{"name": "pixels", "type": "IMAGE", "link": 222}, {"name": "vae", "type": "VAE", "link": 276, "slot_index": 1}], "outputs": [{"name": "LATENT", "type": "LATENT", "links": [347, 348], "shape": 3, "slot_index": 0}], "properties": {"Node name for S&R": "VAEEncode"}}, {"id": 18, "type": "ttN pipeIN", "pos": [-380, 0], "size": {"0": 315, "1": 202}, "flags": {}, "order": 17, "mode": 0, "inputs": [{"name": "model", "type": "MODEL", "link": 207}, {"name": "pos", "type": "CONDITIONING", "link": 31}, {"name": "neg", "type": "CONDITIONING", "link": 32}, {"name": "latent", "type": "LATENT", "link": 348}, {"name": "vae", "type": "VAE", "link": 277}, {"name": "clip", "type": "CLIP", "link": 333}, {"name": "image", "type": "IMAGE", "link": 278}], "outputs": [{"name": "pipe", "type": "PIPE_LINE", "links": [35, 82, 258], "shape": 3, "slot_index": 0}], "properties": {"Node name for S&R": "ttN pipeIN"}, "widgets_values": [984651, "fixed"]}], "links": [[31, 3, 0, 18, 1, "CONDITIONING"], [32, 4, 0, 18, 2, "CONDITIONING"], [35, 18, 0, 13, 0, "PIPE_LINE"], [40, 13, 7, 6, 0, "IMAGE"], [82, 18, 0, 29, 0, "PIPE_LINE"], [85, 23, 0, 29, 2, "CONDITIONING"], [86, 24, 0, 29, 3, "CONDITIONING"], [96, 13, 2, 45, 0, "CONDITIONING"], [97, 29, 2, 45, 1, "CONDITIONING"], [144, 57, 0, 68, 1, "VAE"], [166, 13, 4, 32, 0, "LATENT"], [177, 29, 7, 30, 0, "IMAGE"], [178, 29, 4, 32, 1, "LATENT"], [207, 1, 0, 18, 0, "MODEL"], [220, 8, 0, 84, 0, "IMAGE"], [222, 84, 0, 19, 0, "IMAGE"], [230, 68, 0, 86, 0, "LATENT"], [245, 93, 0, 83, 1, "INT"], [246, 93, 0, 83, 2, "INT"], [247, 93, 0, 83, 3, "INT"], [248, 93, 0, 83, 4, "INT"], [250, 94, 0, 95, 0, "IMAGE"], [258, 18, 0, 99, 0, "PIPE_LINE"], [259, 99, 5, 23, 0, "CLIP"], [260, 99, 5, 24, 0, "CLIP"], [276, 57, 0, 19, 1, "VAE"], [277, 57, 0, 18, 4, "VAE"], [278, 84, 0, 18, 6, "IMAGE"], [279, 1, 2, 57, 0, "*"], [280, 13, 0, 100, 0, "PIPE_LINE"], [281, 45, 0, 100, 2, "CONDITIONING"], [284, 100, 0, 101, 0, "PIPE_LINE"], [285, 100, 4, 102, 0, "LATENT"], [286, 102, 0, 101, 4, "LATENT"], [287, 101, 7, 96, 0, "IMAGE"], [288, 100, 7, 103, 0, "IMAGE"], [290, 27, 0, 104, 0, "IMAGE"], [292, 104, 0, 68, 0, "IMAGE"], [295, 101, 0, 106, 0, "PIPE_LINE"], [296, 101, 4, 107, 0, "LATENT"], [297, 107, 0, 106, 4, "LATENT"], [298, 106, 7, 108, 0, "IMAGE"], [299, 29, 4, 109, 1, "LATENT"], [300, 13, 4, 109, 0, "LATENT"], [304, 104, 0, 112, 0, "IMAGE"], [305, 112, 0, 113, 0, "IMAGE"], [307, 112, 0, 64, 0, "IMAGE"], [313, 113, 0, 67, 0, "MASK"], [319, 115, 0, 83, 0, "MASK"], [320, 115, 0, 114, 0, "MASK"], [324, 45, 0, 101, 2, "CONDITIONING"], [325, 45, 0, 106, 2, "CONDITIONING"], [330, 67, 0, 86, 1, "MASK"], [331, 67, 0, 115, 0, "*"], [332, 1, 1, 116, 0, "CLIP"], [333, 116, 0, 18, 5, "CLIP"], [334, 116, 0, 3, 0, "CLIP"], [335, 116, 0, 4, 0, "CLIP"], [339, 114, 0, 94, 0, "MASK"], [342, 114, 0, 32, 2, "MASK"], [343, 109, 0, 100, 4, "LATENT"], [344, 118, 0, 29, 4, "LATENT"], [347, 19, 0, 13, 4, "LATENT"], [348, 19, 0, 18, 3, "LATENT"]], "groups": [{"title": "Background", "bounding": [-1239, -203, 2371, 1001], "color": "#3f789e", "font_size": 24, "locked": false}], "config": {}, "extra": {}, "version": 0.4}