{"last_node_id": 34, "last_link_id": 57, "nodes": [{"id": 26, "type": "UpscaleModelLoader", "pos": [-192, -320], "size": {"0": 315, "1": 58}, "flags": {}, "order": 0, "mode": 0, "outputs": [{"name": "UPSCALE_MODEL", "type": "UPSCALE_MODEL", "links": [45], "shape": 3, "slot_index": 0}], "properties": {"Node name for S&R": "UpscaleModelLoader"}, "widgets_values": ["2x-Bubble-AnimeScale-SwinIR-Small-v1.pth"]}, {"id": 31, "type": "ImageUpscaleWithModel", "pos": [160, -256], "size": {"0": 241.79998779296875, "1": 46}, "flags": {}, "order": 5, "mode": 0, "inputs": [{"name": "upscale_model", "type": "UPSCALE_MODEL", "link": 45}, {"name": "image", "type": "IMAGE", "link": 46}], "outputs": [{"name": "IMAGE", "type": "IMAGE", "links": [49], "shape": 3, "slot_index": 0}], "properties": {"Node name for S&R": "ImageUpscaleWithModel"}}, {"id": 16, "type": "SaveImage", "pos": [864, -192], "size": [950.832763671875, 822.3841552734375], "flags": {}, "order": 7, "mode": 0, "inputs": [{"name": "images", "type": "IMAGE", "link": 42}], "properties": {}, "widgets_values": ["ComfyUI"]}, {"id": 2, "type": "ttN pipeLoader", "pos": [-704, -192], "size": [400, 726], "flags": {}, "order": 1, "mode": 0, "inputs": [{"name": "optional_clip", "type": "CLIP", "link": null}], "outputs": [{"name": "pipe", "type": "PIPE_LINE", "links": [1], "shape": 3, "slot_index": 0}, {"name": "model", "type": "MODEL", "links": null, "shape": 3, "slot_index": 1}, {"name": "positive", "type": "CONDITIONING", "links": null, "shape": 3}, {"name": "negative", "type": "CONDITIONING", "links": null, "shape": 3}, {"name": "latent", "type": "LATENT", "links": null, "shape": 3}, {"name": "vae", "type": "VAE", "links": null, "shape": 3}, {"name": "clip", "type": "CLIP", "links": null, "shape": 3}, {"name": "seed", "type": "INT", "links": null, "shape": 3}], "properties": {"Node name for S&R": "ttN pipeLoader", "ttNnodeVersion": "1.0.3"}, "widgets_values": ["RealCartoon3DV8.safetensors", "vae-ft-mse-840000-ema-pruned.safetensors", -2, "None", 1, 1, "None", 1, 1, "None", 1, 1, "a (creepy ethereal:1.45) ghost pirate ship. moonlight, lanterns glowing with ghost like material, transparent, emissive, (green:1.35), well lit, spooky, dramatic lighting, \n\nartstation, greg rutkowski, digital painting, digital art, contrast, intricate, high quality, intricate, embedding:style-nebmagic.pt", "none", "comfy", "bad contrast, cartoon", "mean", "comfy", 768, 512, 1, 157, "fixed"]}, {"id": 29, "type": "ttN pipeKSamplerAdvanced", "pos": [480, -192], "size": [320, 832], "flags": {}, "order": 4, "mode": 0, "inputs": [{"name": "pipe", "type": "PIPE_LINE", "link": 41}, {"name": "optional_model", "type": "MODEL", "link": null}, {"name": "optional_positive", "type": "CONDITIONING", "link": null}, {"name": "optional_negative", "type": "CONDITIONING", "link": null}, {"name": "optional_latent", "type": "LATENT", "link": 57}, {"name": "optional_vae", "type": "VAE", "link": null}, {"name": "optional_clip", "type": "CLIP", "link": null}, {"name": "xyPlot", "type": "XYPLOT", "link": null}], "outputs": [{"name": "pipe", "type": "PIPE_LINE", "links": [], "shape": 3, "slot_index": 0}, {"name": "model", "type": "MODEL", "links": [], "shape": 3, "slot_index": 1}, {"name": "positive", "type": "CONDITIONING", "links": [], "shape": 3, "slot_index": 2}, {"name": "negative", "type": "CONDITIONING", "links": [], "shape": 3, "slot_index": 3}, {"name": "latent", "type": "LATENT", "links": null, "shape": 3, "slot_index": 4}, {"name": "vae", "type": "VAE", "links": [], "shape": 3, "slot_index": 5}, {"name": "clip", "type": "CLIP", "links": null, "shape": 3}, {"name": "image", "type": "IMAGE", "links": [42], "shape": 3, "slot_index": 7}, {"name": "seed", "type": "INT", "links": null, "shape": 3}], "properties": {"Node name for S&R": "ttN pipeKSamplerAdvanced", "ttNnodeVersion": "1.0.4"}, "widgets_values": ["add_detail.safetensors", 1, 1, "None", 0.4, "disabled", "Sample", "enable", 30, 5.9, "euler_ancestral", "normal", 20, 100, "disable", "Preview", "ComfyUI", 98718202424331, "fixed"]}, {"id": 34, "type": "LatentMultiply", "pos": [128, 288], "size": {"0": 315, "1": 58}, "flags": {}, "order": 9, "mode": 0, "inputs": [{"name": "samples", "type": "LATENT", "link": 54}], "outputs": [{"name": "LATENT", "type": "LATENT", "links": [], "shape": 3, "slot_index": 0}], "properties": {"Node name for S&R": "LatentMultiply"}, "widgets_values": [1.08]}, {"id": 33, "type": "Latent Noise Injection", "pos": [128, 128], "size": {"0": 315, "1": 58}, "flags": {}, "order": 6, "mode": 0, "inputs": [{"name": "samples", "type": "LATENT", "link": 52}], "outputs": [{"name": "LATENT", "type": "LATENT", "links": [54], "shape": 3, "slot_index": 0}], "properties": {"Node name for S&R": "Latent Noise Injection"}, "widgets_values": [1]}, {"id": 3, "type": "ttN pipeKSamplerAdvanced", "pos": [-224, -192], "size": {"0": 330, "1": 838}, "flags": {}, "order": 2, "mode": 0, "inputs": [{"name": "pipe", "type": "PIPE_LINE", "link": 1}, {"name": "optional_model", "type": "MODEL", "link": null}, {"name": "optional_positive", "type": "CONDITIONING", "link": null}, {"name": "optional_negative", "type": "CONDITIONING", "link": null}, {"name": "optional_latent", "type": "LATENT", "link": null}, {"name": "optional_vae", "type": "VAE", "link": null}, {"name": "optional_clip", "type": "CLIP", "link": null}, {"name": "xyPlot", "type": "XYPLOT", "link": null}], "outputs": [{"name": "pipe", "type": "PIPE_LINE", "links": [41], "shape": 3, "slot_index": 0}, {"name": "model", "type": "MODEL", "links": [], "shape": 3, "slot_index": 1}, {"name": "positive", "type": "CONDITIONING", "links": [], "shape": 3, "slot_index": 2}, {"name": "negative", "type": "CONDITIONING", "links": [], "shape": 3, "slot_index": 3}, {"name": "latent", "type": "LATENT", "links": [43, 57], "shape": 3, "slot_index": 4}, {"name": "vae", "type": "VAE", "links": [50], "shape": 3, "slot_index": 5}, {"name": "clip", "type": "CLIP", "links": null, "shape": 3}, {"name": "image", "type": "IMAGE", "links": [46], "shape": 3, "slot_index": 7}, {"name": "seed", "type": "INT", "links": null, "shape": 3}], "properties": {"Node name for S&R": "ttN pipeKSamplerAdvanced", "ttNnodeVersion": "1.0.4"}, "widgets_values": ["None", 1, 1, "None", 0.4, "disabled", "Sample", "enable", 30, 5.4, "euler_ancestral", "normal", 0, 20, "enable", "Preview", "ComfyUI", 98718202424332, "fixed"]}, {"id": 32, "type": "VAEEncode", "pos": [512, -288], "size": {"0": 210, "1": 46}, "flags": {}, "order": 8, "mode": 0, "inputs": [{"name": "pixels", "type": "IMAGE", "link": 49}, {"name": "vae", "type": "VAE", "link": 50, "slot_index": 1}], "outputs": [{"name": "LATENT", "type": "LATENT", "links": [], "shape": 3, "slot_index": 0}], "properties": {"Node name for S&R": "VAEEncode"}}, {"id": 30, "type": "LatentUpscaleBy", "pos": [128, -128], "size": {"0": 315, "1": 82}, "flags": {}, "order": 3, "mode": 0, "inputs": [{"name": "samples", "type": "LATENT", "link": 43}], "outputs": [{"name": "LATENT", "type": "LATENT", "links": [52], "shape": 3, "slot_index": 0}], "properties": {"Node name for S&R": "LatentUpscaleBy"}, "widgets_values": ["nearest-exact", 2]}], "links": [[1, 2, 0, 3, 0, "PIPE_LINE"], [41, 3, 0, 29, 0, "PIPE_LINE"], [42, 29, 7, 16, 0, "IMAGE"], [43, 3, 4, 30, 0, "LATENT"], [45, 26, 0, 31, 0, "UPSCALE_MODEL"], [46, 3, 7, 31, 1, "IMAGE"], [49, 31, 0, 32, 0, "IMAGE"], [50, 3, 5, 32, 1, "VAE"], [52, 30, 0, 33, 0, "LATENT"], [54, 33, 0, 34, 0, "LATENT"], [57, 3, 4, 29, 4, "LATENT"]], "groups": [], "config": {}, "extra": {}, "version": 0.4}