{"last_node_id": 32, "last_link_id": 27, "nodes": [{"id": 5, "type": "EmptyLatentImage", "pos": [473, 609], "size": {"0": 315, "1": 106}, "flags": {}, "order": 0, "mode": 0, "outputs": [{"name": "LATENT", "type": "LATENT", "links": [2], "slot_index": 0}], "properties": {"Node name for S&R": "EmptyLatentImage"}, "widgets_values": [512, 512, 1]}, {"id": 3, "type": "KSampler", "pos": [863, 186], "size": [315, 474], "flags": {}, "order": 9, "mode": 0, "inputs": [{"name": "model", "type": "MODEL", "link": 1}, {"name": "positive", "type": "CONDITIONING", "link": 4}, {"name": "negative", "type": "CONDITIONING", "link": 6}, {"name": "latent_image", "type": "LATENT", "link": 2}], "outputs": [{"name": "LATENT", "type": "LATENT", "links": [7], "slot_index": 0}], "properties": {"Node name for S&R": "KSampler"}, "widgets_values": [468316310496901, "randomize", 20, 8, "euler", "normal", 1]}, {"id": 8, "type": "VAEDecode", "pos": [1209, 188], "size": {"0": 210, "1": 46}, "flags": {}, "order": 10, "mode": 0, "inputs": [{"name": "samples", "type": "LATENT", "link": 7}, {"name": "vae", "type": "VAE", "link": 8}], "outputs": [{"name": "IMAGE", "type": "IMAGE", "links": [9], "slot_index": 0}], "properties": {"Node name for S&R": "VAEDecode"}}, {"id": 9, "type": "SaveImage", "pos": [1451, 189], "size": [210, 270], "flags": {}, "order": 11, "mode": 0, "inputs": [{"name": "images", "type": "IMAGE", "link": 9}], "properties": {}, "widgets_values": ["ComfyUI"]}, {"id": 10, "type": "Image Remove Background (rembg)", "pos": [1308, 505], "size": {"0": 210, "1": 26}, "flags": {}, "order": 1, "mode": 0, "inputs": [{"name": "image", "type": "IMAGE", "link": null}], "outputs": [{"name": "IMAGE", "type": "IMAGE", "links": null, "shape": 3}], "properties": {"Node name for S&R": "Image Remove Background (rembg)"}}, {"id": 7, "type": "CLIPTextEncode", "pos": [413, 389], "size": {"0": 425.27801513671875, "1": 180.6060791015625}, "flags": {}, "order": 5, "mode": 0, "inputs": [{"name": "clip", "type": "CLIP", "link": 5}], "outputs": [{"name": "CONDITIONING", "type": "CONDITIONING", "links": [6], "slot_index": 0}], "properties": {"Node name for S&R": "CLIPTextEncode"}, "widgets_values": ["text, watermark"]}, {"id": 4, "type": "CheckpointLoaderSimple", "pos": [47, 347], "size": {"0": 315, "1": 98}, "flags": {}, "order": 2, "mode": 0, "outputs": [{"name": "MODEL", "type": "MODEL", "links": [1], "slot_index": 0}, {"name": "CLIP", "type": "CLIP", "links": [3, 5], "slot_index": 1}, {"name": "VAE", "type": "VAE", "links": [8], "slot_index": 2}], "properties": {"Node name for S&R": "CheckpointLoaderSimple"}, "widgets_values": ["CHEYENNE_v08.safetensors"]}, {"id": 20, "type": "BLIP Model Loader", "pos": [-269, -84], "size": {"0": 315, "1": 58}, "flags": {}, "order": 3, "mode": 0, "outputs": [{"name": "BLIP_MODEL", "type": "BLIP_MODEL", "links": [16], "shape": 3}], "properties": {"Node name for S&R": "BLIP Model Loader"}, "widgets_values": ["caption"]}, {"id": 31, "type": "LoadImage", "pos": [-611, -97], "size": [315, 314.00000762939453], "flags": {}, "order": 4, "mode": 0, "outputs": [{"name": "IMAGE", "type": "IMAGE", "links": [24], "shape": 3, "slot_index": 0}, {"name": "MASK", "type": "MASK", "links": null, "shape": 3}], "properties": {"Node name for S&R": "LoadImage"}, "widgets_values": ["pasted/image (201).png", "image"]}, {"id": 6, "type": "CLIPTextEncode", "pos": [415, 186], "size": [210, 54], "flags": {}, "order": 8, "mode": 0, "inputs": [{"name": "clip", "type": "CLIP", "link": 3}, {"name": "text", "type": "STRING", "link": 27, "widget": {"name": "text"}}], "outputs": [{"name": "CONDITIONING", "type": "CONDITIONING", "links": [4], "slot_index": 0}], "properties": {"Node name for S&R": "CLIPTextEncode"}, "widgets_values": ["beautiful scenery nature glass bottle landscape, , purple galaxy bottle,"]}, {"id": 19, "type": "BLIP Analyze Image", "pos": [-275, 19], "size": {"0": 400, "1": 200}, "flags": {}, "order": 6, "mode": 0, "inputs": [{"name": "image", "type": "IMAGE", "link": 24}, {"name": "blip_model", "type": "BLIP_MODEL", "link": 16, "slot_index": 1}], "outputs": [{"name": "STRING", "type": "STRING", "links": [26], "shape": 3, "slot_index": 0}], "properties": {"Node name for S&R": "BLIP Analyze Image"}, "widgets_values": ["caption", "What does the image consist of?"]}, {"id": 32, "type": "ShowText|pysssss", "pos": [308, -14], "size": [417.88831909179703, 156.45170898437505], "flags": {}, "order": 7, "mode": 0, "inputs": [{"name": "text", "type": "STRING", "link": 26, "widget": {"name": "text"}}], "outputs": [{"name": "STRING", "type": "STRING", "links": [27], "shape": 6, "slot_index": 0}], "properties": {"Node name for S&R": "ShowText|pysssss"}, "widgets_values": [""]}], "links": [[1, 4, 0, 3, 0, "MODEL"], [2, 5, 0, 3, 3, "LATENT"], [3, 4, 1, 6, 0, "CLIP"], [4, 6, 0, 3, 1, "CONDITIONING"], [5, 4, 1, 7, 0, "CLIP"], [6, 7, 0, 3, 2, "CONDITIONING"], [7, 3, 0, 8, 0, "LATENT"], [8, 4, 2, 8, 1, "VAE"], [9, 8, 0, 9, 0, "IMAGE"], [16, 20, 0, 19, 1, "BLIP_MODEL"], [24, 31, 0, 19, 0, "IMAGE"], [26, 19, 0, 32, 0, "STRING"], [27, 32, 0, 6, 1, "STRING"]], "groups": [], "config": {}, "extra": {}, "version": 0.4}