{"last_node_id": 57, "last_link_id": 98, "nodes": [{"id": 7, "type": "EmptyLatentImage", "pos": [-455, 344], "size": {"0": 315, "1": 106}, "flags": {}, "order": 0, "mode": 0, "outputs": [{"name": "LATENT", "type": "LATENT", "links": [], "shape": 3, "slot_index": 0}], "properties": {"Node name for S&R": "EmptyLatentImage"}, "widgets_values": [512, 512, 1]}, {"id": 17, "type": "VAEEncode", "pos": [413, 460], "size": {"0": 210, "1": 46}, "flags": {}, "order": 19, "mode": 0, "inputs": [{"name": "pixels", "type": "IMAGE", "link": 61}, {"name": "vae", "type": "VAE", "link": 24}], "outputs": [{"name": "LATENT", "type": "LATENT", "links": [25], "shape": 3, "slot_index": 0}], "properties": {"Node name for S&R": "VAEEncode"}}, {"id": 25, "type": "VAEDecode", "pos": [706, 77], "size": {"0": 210, "1": 46}, "flags": {}, "order": 23, "mode": 0, "inputs": [{"name": "samples", "type": "LATENT", "link": 36}, {"name": "vae", "type": "VAE", "link": 38}], "outputs": [{"name": "IMAGE", "type": "IMAGE", "links": [37], "shape": 3, "slot_index": 0}], "properties": {"Node name for S&R": "VAEDecode"}}, {"id": 22, "type": "ImageUpscaleWithModel", "pos": [940, 73], "size": {"0": 241.79998779296875, "1": 46}, "flags": {}, "order": 24, "mode": 0, "inputs": [{"name": "upscale_model", "type": "UPSCALE_MODEL", "link": 34, "slot_index": 0}, {"name": "image", "type": "IMAGE", "link": 37}], "outputs": [{"name": "IMAGE", "type": "IMAGE", "links": [39], "shape": 3, "slot_index": 0}], "properties": {"Node name for S&R": "ImageUpscaleWithModel"}}, {"id": 26, "type": "VAEEncode", "pos": [1114, 246], "size": {"0": 210, "1": 46}, "flags": {}, "order": 25, "mode": 0, "inputs": [{"name": "pixels", "type": "IMAGE", "link": 39}, {"name": "vae", "type": "VAE", "link": 58}], "outputs": [{"name": "LATENT", "type": "LATENT", "links": [40], "shape": 3, "slot_index": 0}], "properties": {"Node name for S&R": "VAEEncode"}}, {"id": 23, "type": "UpscaleModelLoader", "pos": [695, -33], "size": {"0": 315, "1": 58}, "flags": {}, "order": 1, "mode": 0, "outputs": [{"name": "UPSCALE_MODEL", "type": "UPSCALE_MODEL", "links": [34], "shape": 3}], "properties": {"Node name for S&R": "UpscaleModelLoader"}, "widgets_values": ["RealESRGAN_x2.pth"]}, {"id": 20, "type": "MiDaS Model Loader", "pos": [-850, 867], "size": {"0": 315, "1": 58}, "flags": {}, "order": 2, "mode": 0, "outputs": [{"name": "midas_model", "type": "MIDAS_MODEL", "links": [28], "shape": 3}], "properties": {"Node name for S&R": "MiDaS Model Loader"}, "widgets_values": ["DPT_Large"]}, {"id": 31, "type": "PrimitiveNode", "pos": [659, -439], "size": [420.4296408543172, 136.88629169401474], "flags": {}, "order": 3, "mode": 0, "outputs": [{"name": "STRING", "type": "STRING", "links": [43, 49, 62], "slot_index": 0, "widget": {"name": "text", "config": ["STRING", {"multiline": true}]}}], "properties": {}, "widgets_values": ["a sexy pirate with a big booty riding a cock,sitting on a dick, squatting, PAWG, POVD big ass, exposed pussy, wide hips, tiny waist, sexy lips, cum, dripping, cumshot, sexy, porn, pornstar, nsfw, Pornhub, OnlyFans, slutty, gorgeous, stunning, ethereal, RAW, photo, photograph, Nikon, Canon 5D, Focal, 8k, 4k, high quality, lossless"]}, {"id": 32, "type": "PrimitiveNode", "pos": [654, -257], "size": {"0": 420.42962646484375, "1": 136.88629150390625}, "flags": {}, "order": 4, "mode": 0, "outputs": [{"name": "STRING", "type": "STRING", "links": [45, 50, 63], "slot_index": 0, "widget": {"name": "text", "config": ["STRING", {"multiline": true}]}}], "properties": {}, "widgets_values": ["ugly, boring, washed out colors, pastel, open mouth, mouth open, embedding:bad_prompt_version2-neg, embedding:easynegative, embedding:negative_hand-neg, embedding:ng_deepnegative_v1_75t, "]}, {"id": 44, "type": "CLIPTextEncode", "pos": [2064, 248], "size": {"0": 210, "1": 54}, "flags": {}, "order": 13, "mode": 0, "inputs": [{"name": "clip", "type": "CLIP", "link": 64}, {"name": "text", "type": "STRING", "link": 62, "widget": {"name": "text", "config": ["STRING", {"multiline": true}]}, "slot_index": 1}], "outputs": [{"name": "CONDITIONING", "type": "CONDITIONING", "links": [72], "shape": 3, "slot_index": 0}], "properties": {"Node name for S&R": "CLIPTextEncode"}, "widgets_values": ["a sexy pirate with a big booty riding a cock,sitting on a dick, squatting, PAWG, POVD big ass, exposed pussy, wide hips, tiny waist, sexy lips, cum, dripping, cumshot, sexy, porn, pornstar, nsfw, Pornhub, OnlyFans, slutty, gorgeous, stunning, ethereal, RAW, photo, photograph, Nikon, Canon 5D, Focal, 8k, 4k, high quality, lossless"]}, {"id": 43, "type": "CLIPTextEncode", "pos": [2058, 354], "size": {"0": 210, "1": 54}, "flags": {}, "order": 14, "mode": 0, "inputs": [{"name": "clip", "type": "CLIP", "link": 65, "slot_index": 0}, {"name": "text", "type": "STRING", "link": 63, "widget": {"name": "text", "config": ["STRING", {"multiline": true}]}, "slot_index": 1}], "outputs": [{"name": "CONDITIONING", "type": "CONDITIONING", "links": [71], "shape": 3, "slot_index": 0}], "properties": {"Node name for S&R": "CLIPTextEncode"}, "widgets_values": ["ugly, boring, washed out colors, pastel, open mouth, mouth open, embedding:bad_prompt_version2-neg, embedding:easynegative, embedding:negative_hand-neg, embedding:ng_deepnegative_v1_75t, "]}, {"id": 55, "type": "VAEDecode", "pos": [2103, 145], "size": {"0": 210, "1": 46}, "flags": {}, "order": 27, "mode": 0, "inputs": [{"name": "samples", "type": "LATENT", "link": 80}, {"name": "vae", "type": "VAE", "link": 81, "slot_index": 1}], "outputs": [{"name": "IMAGE", "type": "IMAGE", "links": [82], "shape": 3, "slot_index": 0}], "properties": {"Node name for S&R": "VAEDecode"}}, {"id": 53, "type": "UpscaleModelLoader", "pos": [1794, -104], "size": {"0": 315, "1": 58}, "flags": {}, "order": 5, "mode": 0, "outputs": [{"name": "UPSCALE_MODEL", "type": "UPSCALE_MODEL", "links": [83], "shape": 3}], "properties": {"Node name for S&R": "UpscaleModelLoader"}, "widgets_values": ["RealESRGAN_x2.pth"]}, {"id": 36, "type": "CheckpointLoaderSimple", "pos": [1084, 382], "size": {"0": 315, "1": 98}, "flags": {}, "order": 6, "mode": 0, "outputs": [{"name": "MODEL", "type": "MODEL", "links": [46], "shape": 3, "slot_index": 0}, {"name": "CLIP", "type": "CLIP", "links": [47, 48], "shape": 3, "slot_index": 1}, {"name": "VAE", "type": "VAE", "links": [58], "shape": 3, "slot_index": 2}], "properties": {"Node name for S&R": "CheckpointLoaderSimple"}, "widgets_values": ["copaxVividXL_v2.safetensors"]}, {"id": 9, "type": "ControlNetLoader", "pos": [245, 65], "size": {"0": 315, "1": 58}, "flags": {}, "order": 7, "mode": 0, "outputs": [{"name": "CONTROL_NET", "type": "CONTROL_NET", "links": [15], "shape": 3}], "properties": {"Node name for S&R": "ControlNetLoader"}, "widgets_values": ["t2iadapter_depth_sd14v1.pth"]}, {"id": 34, "type": "CLIPTextEncode", "pos": [1448, 252], "size": {"0": 210, "1": 54}, "flags": {}, "order": 11, "mode": 0, "inputs": [{"name": "clip", "type": "CLIP", "link": 47}, {"name": "text", "type": "STRING", "link": 49, "widget": {"name": "text", "config": ["STRING", {"multiline": true}]}, "slot_index": 1}], "outputs": [{"name": "CONDITIONING", "type": "CONDITIONING", "links": [89], "shape": 3, "slot_index": 0}], "properties": {"Node name for S&R": "CLIPTextEncode"}, "widgets_values": ["a sexy pirate with a big booty riding a cock,sitting on a dick, squatting, PAWG, POVD big ass, exposed pussy, wide hips, tiny waist, sexy lips, cum, dripping, cumshot, sexy, porn, pornstar, nsfw, Pornhub, OnlyFans, slutty, gorgeous, stunning, ethereal, RAW, photo, photograph, Nikon, Canon 5D, Focal, 8k, 4k, high quality, lossless"]}, {"id": 33, "type": "CLIPTextEncode", "pos": [1456, 349], "size": {"0": 210, "1": 54}, "flags": {}, "order": 12, "mode": 0, "inputs": [{"name": "clip", "type": "CLIP", "link": 48}, {"name": "text", "type": "STRING", "link": 50, "widget": {"name": "text", "config": ["STRING", {"multiline": true}]}, "slot_index": 1}], "outputs": [{"name": "CONDITIONING", "type": "CONDITIONING", "links": [90], "shape": 3, "slot_index": 0}], "properties": {"Node name for S&R": "CLIPTextEncode"}, "widgets_values": ["ugly, boring, washed out colors, pastel, open mouth, mouth open, embedding:bad_prompt_version2-neg, embedding:easynegative, embedding:negative_hand-neg, embedding:ng_deepnegative_v1_75t, "]}, {"id": 49, "type": "VAEDecode", "pos": [2584, 28], "size": {"0": 210, "1": 46}, "flags": {}, "order": 32, "mode": 0, "inputs": [{"name": "samples", "type": "LATENT", "link": 76}, {"name": "vae", "type": "VAE", "link": 77, "slot_index": 1}], "outputs": [{"name": "IMAGE", "type": "IMAGE", "links": [79], "shape": 3, "slot_index": 0}], "properties": {"Node name for S&R": "VAEDecode"}}, {"id": 56, "type": "VAEEncode", "pos": [2116, 46], "size": {"0": 210, "1": 46}, "flags": {}, "order": 30, "mode": 0, "inputs": [{"name": "pixels", "type": "IMAGE", "link": 92}, {"name": "vae", "type": "VAE", "link": 85}], "outputs": [{"name": "LATENT", "type": "LATENT", "links": [86], "shape": 3, "slot_index": 0}], "properties": {"Node name for S&R": "VAEEncode"}}, {"id": 54, "type": "ImageUpscaleWithModel", "pos": [1835, -218], "size": {"0": 241.79998779296875, "1": 46}, "flags": {}, "order": 28, "mode": 0, "inputs": [{"name": "upscale_model", "type": "UPSCALE_MODEL", "link": 83, "slot_index": 0}, {"name": "image", "type": "IMAGE", "link": 82}], "outputs": [{"name": "IMAGE", "type": "IMAGE", "links": [91], "shape": 3, "slot_index": 0}], "properties": {"Node name for S&R": "ImageUpscaleWithModel"}}, {"id": 57, "type": "ConstrainImage|pysssss", "pos": [2123, -156], "size": {"0": 315, "1": 154}, "flags": {}, "order": 29, "mode": 0, "inputs": [{"name": "images", "type": "IMAGE", "link": 91}], "outputs": [{"name": "IMAGE", "type": "IMAGE", "links": [92], "shape": 6, "slot_index": 0}], "properties": {"Node name for S&R": "ConstrainImage|pysssss"}, "widgets_values": [2048, 2048, 0, 0, "yes"]}, {"id": 41, "type": "CheckpointLoaderSimple", "pos": [1762, 7], "size": {"0": 315, "1": 98}, "flags": {}, "order": 8, "mode": 0, "outputs": [{"name": "MODEL", "type": "MODEL", "links": [66], "shape": 3, "slot_index": 0}, {"name": "CLIP", "type": "CLIP", "links": [64, 65], "shape": 3, "slot_index": 1}, {"name": "VAE", "type": "VAE", "links": [77, 81, 85], "shape": 3, "slot_index": 2}], "properties": {"Node name for S&R": "CheckpointLoaderSimple"}, "widgets_values": ["nightvisionXLPhotorealisticPortrait_v0743ReleaseBakedvae.safetensors"]}, {"id": 3, "type": "CLIPTextEncode", "pos": [-51, 235], "size": [210, 54], "flags": {}, "order": 16, "mode": 0, "inputs": [{"name": "clip", "type": "CLIP", "link": 2}, {"name": "text", "type": "STRING", "link": 43, "widget": {"name": "text", "config": ["STRING", {"multiline": true}]}, "slot_index": 1}], "outputs": [{"name": "CONDITIONING", "type": "CONDITIONING", "links": [10], "shape": 3, "slot_index": 0}], "properties": {"Node name for S&R": "CLIPTextEncode"}, "widgets_values": ["a sexy pirate with a big booty riding a cock,sitting on a dick, squatting, PAWG, POVD big ass, exposed pussy, wide hips, tiny waist, sexy lips, cum, dripping, cumshot, sexy, porn, pornstar, nsfw, Pornhub, OnlyFans, slutty, gorgeous, stunning, ethereal, RAW, photo, photograph, Nikon, Canon 5D, Focal, 8k, 4k, high quality, lossless"]}, {"id": 4, "type": "CLIPTextEncode", "pos": [-59, 356], "size": [210, 54], "flags": {}, "order": 17, "mode": 0, "inputs": [{"name": "clip", "type": "CLIP", "link": 3}, {"name": "text", "type": "STRING", "link": 45, "widget": {"name": "text", "config": ["STRING", {"multiline": true}]}, "slot_index": 1}], "outputs": [{"name": "CONDITIONING", "type": "CONDITIONING", "links": [11], "shape": 3, "slot_index": 0}], "properties": {"Node name for S&R": "CLIPTextEncode"}, "widgets_values": ["ugly, boring, washed out colors, pastel, open mouth, mouth open, embedding:bad_prompt_version2-neg, embedding:easynegative, embedding:negative_hand-neg, embedding:ng_deepnegative_v1_75t, "]}, {"id": 16, "type": "PreviewImage", "pos": [244, 549], "size": [210, 246], "flags": {}, "order": 20, "mode": 0, "inputs": [{"name": "images", "type": "IMAGE", "link": 30}], "properties": {"Node name for S&R": "PreviewImage"}}, {"id": 21, "type": "KSamplerAdvanced", "pos": [1697, 169], "size": [315, 546], "flags": {}, "order": 26, "mode": 0, "inputs": [{"name": "model", "type": "MODEL", "link": 46}, {"name": "positive", "type": "CONDITIONING", "link": 89}, {"name": "negative", "type": "CONDITIONING", "link": 90}, {"name": "latent_image", "type": "LATENT", "link": 40}], "outputs": [{"name": "LATENT", "type": "LATENT", "links": [80], "shape": 3, "slot_index": 0}], "properties": {"Node name for S&R": "KSamplerAdvanced"}, "widgets_values": ["enable", 638704843710991, "fixed", 25, 8, "euler_ancestral", "normal", 20, 9998, "disable"]}, {"id": 42, "type": "KSamplerAdvanced", "pos": [2315, 120], "size": {"0": 315, "1": 546}, "flags": {}, "order": 31, "mode": 0, "inputs": [{"name": "model", "type": "MODEL", "link": 66}, {"name": "positive", "type": "CONDITIONING", "link": 72}, {"name": "negative", "type": "CONDITIONING", "link": 71}, {"name": "latent_image", "type": "LATENT", "link": 86}], "outputs": [{"name": "LATENT", "type": "LATENT", "links": [76], "shape": 3, "slot_index": 0}], "properties": {"Node name for S&R": "KSamplerAdvanced"}, "widgets_values": ["enable", 638704843711142, "fixed", 25, 7.4666748046875, "ddim", "normal", 20, 9999, "disable"]}, {"id": 40, "type": "ConstrainImage|pysssss", "pos": [-496, 530], "size": {"0": 315, "1": 154}, "flags": {}, "order": 15, "mode": 0, "inputs": [{"name": "images", "type": "IMAGE", "link": 59}], "outputs": [{"name": "IMAGE", "type": "IMAGE", "links": [60, 61], "shape": 6, "slot_index": 0}], "properties": {"Node name for S&R": "ConstrainImage|pysssss"}, "widgets_values": [768, 1024, 512, 512, "yes"]}, {"id": 51, "type": "SaveImage", "pos": [2673, 73], "size": [645.8458067033707, 700.6399020978372], "flags": {}, "order": 33, "mode": 0, "inputs": [{"name": "images", "type": "IMAGE", "link": 79}], "properties": {}, "widgets_values": ["ComfyUI"]}, {"id": 18, "type": "MiDaS Depth Approximation", "pos": [-100, 602], "size": {"0": 315, "1": 126}, "flags": {}, "order": 18, "mode": 0, "inputs": [{"name": "image", "type": "IMAGE", "link": 60}, {"name": "midas_model", "type": "MIDAS_MODEL", "link": 28, "slot_index": 1}], "outputs": [{"name": "images", "type": "IMAGE", "links": [30, 33], "shape": 3, "slot_index": 0}], "properties": {"Node name for S&R": "MiDaS Depth Approximation"}, "widgets_values": ["false", "DPT_Large", "false"]}, {"id": 11, "type": "LoadImage", "pos": [-848, 433], "size": [315, 314], "flags": {}, "order": 9, "mode": 0, "outputs": [{"name": "IMAGE", "type": "IMAGE", "links": [59], "shape": 3, "slot_index": 0}, {"name": "MASK", "type": "MASK", "links": null, "shape": 3, "slot_index": 1}], "properties": {"Node name for S&R": "LoadImage"}, "widgets_values": ["63299092.jpg", "image"]}, {"id": 2, "type": "KSamplerAdvanced", "pos": [724, 277], "size": [315, 546], "flags": {}, "order": 22, "mode": 0, "inputs": [{"name": "model", "type": "MODEL", "link": 1}, {"name": "positive", "type": "CONDITIONING", "link": 97}, {"name": "negative", "type": "CONDITIONING", "link": 98}, {"name": "latent_image", "type": "LATENT", "link": 25, "slot_index": 3}], "outputs": [{"name": "LATENT", "type": "LATENT", "links": [36], "shape": 3, "slot_index": 0}], "properties": {"Node name for S&R": "KSamplerAdvanced"}, "widgets_values": ["enable", 1029978359282957, "fixed", 25, 7.5, "euler_ancestral", "normal", 10, 49, "enable"]}, {"id": 8, "type": "ControlNetApplyAdvanced", "pos": [306, 227], "size": {"0": 315, "1": 166}, "flags": {}, "order": 21, "mode": 0, "inputs": [{"name": "positive", "type": "CONDITIONING", "link": 10}, {"name": "negative", "type": "CONDITIONING", "link": 11}, {"name": "control_net", "type": "CONTROL_NET", "link": 15, "slot_index": 2}, {"name": "image", "type": "IMAGE", "link": 33}], "outputs": [{"name": "positive", "type": "CONDITIONING", "links": [97], "shape": 3, "slot_index": 0}, {"name": "negative", "type": "CONDITIONING", "links": [98], "shape": 3, "slot_index": 1}], "properties": {"Node name for S&R": "ControlNetApplyAdvanced"}, "widgets_values": [0.46933486938476754, 0.6773334045410159, 1]}, {"id": 1, "type": "CheckpointLoaderSimple", "pos": [-442, 199], "size": {"0": 315, "1": 98}, "flags": {}, "order": 10, "mode": 0, "outputs": [{"name": "MODEL", "type": "MODEL", "links": [1], "shape": 3, "slot_index": 0}, {"name": "CLIP", "type": "CLIP", "links": [2, 3], "shape": 3, "slot_index": 1}, {"name": "VAE", "type": "VAE", "links": [24, 38], "shape": 3, "slot_index": 2}], "properties": {"Node name for S&R": "CheckpointLoaderSimple"}, "widgets_values": ["explicitFreedomNSFW_beta.safetensors"]}], "links": [[1, 1, 0, 2, 0, "MODEL"], [2, 1, 1, 3, 0, "CLIP"], [3, 1, 1, 4, 0, "CLIP"], [10, 3, 0, 8, 0, "CONDITIONING"], [11, 4, 0, 8, 1, "CONDITIONING"], [15, 9, 0, 8, 2, "CONTROL_NET"], [24, 1, 2, 17, 1, "VAE"], [25, 17, 0, 2, 3, "LATENT"], [28, 20, 0, 18, 1, "MIDAS_MODEL"], [30, 18, 0, 16, 0, "IMAGE"], [33, 18, 0, 8, 3, "IMAGE"], [34, 23, 0, 22, 0, "UPSCALE_MODEL"], [36, 2, 0, 25, 0, "LATENT"], [37, 25, 0, 22, 1, "IMAGE"], [38, 1, 2, 25, 1, "VAE"], [39, 22, 0, 26, 0, "IMAGE"], [40, 26, 0, 21, 3, "LATENT"], [43, 31, 0, 3, 1, "STRING"], [45, 32, 0, 4, 1, "STRING"], [46, 36, 0, 21, 0, "MODEL"], [47, 36, 1, 34, 0, "CLIP"], [48, 36, 1, 33, 0, "CLIP"], [49, 31, 0, 34, 1, "STRING"], [50, 32, 0, 33, 1, "STRING"], [58, 36, 2, 26, 1, "VAE"], [59, 11, 0, 40, 0, "IMAGE"], [60, 40, 0, 18, 0, "IMAGE"], [61, 40, 0, 17, 0, "IMAGE"], [62, 31, 0, 44, 1, "STRING"], [63, 32, 0, 43, 1, "STRING"], [64, 41, 1, 44, 0, "CLIP"], [65, 41, 1, 43, 0, "CLIP"], [66, 41, 0, 42, 0, "MODEL"], [71, 43, 0, 42, 2, "CONDITIONING"], [72, 44, 0, 42, 1, "CONDITIONING"], [76, 42, 0, 49, 0, "LATENT"], [77, 41, 2, 49, 1, "VAE"], [79, 49, 0, 51, 0, "IMAGE"], [80, 21, 0, 55, 0, "LATENT"], [81, 41, 2, 55, 1, "VAE"], [82, 55, 0, 54, 1, "IMAGE"], [83, 53, 0, 54, 0, "UPSCALE_MODEL"], [85, 41, 2, 56, 1, "VAE"], [86, 56, 0, 42, 3, "LATENT"], [89, 34, 0, 21, 1, "CONDITIONING"], [90, 33, 0, 21, 2, "CONDITIONING"], [91, 54, 0, 57, 0, "IMAGE"], [92, 57, 0, 56, 0, "IMAGE"], [97, 8, 0, 2, 1, "CONDITIONING"], [98, 8, 1, 2, 2, "CONDITIONING"]], "groups": [], "config": {}, "extra": {}, "version": 0.4}