{"last_node_id": 4, "last_link_id": 5, "nodes": [{"id": 3, "type": "SaveImage", "pos": [1150, 30], "size": {"0": 780, "1": 770}, "flags": {}, "order": 3, "mode": 0, "inputs": [{"name": "images", "type": "IMAGE", "link": 4}], "properties": {}, "widgets_values": ["ComfyUI"]}, {"id": 2, "type": "ttN pipeKSamplerAdvanced", "pos": [440, 50], "size": {"0": 330, "1": 740}, "flags": {}, "order": 1, "mode": 0, "inputs": [{"name": "pipe", "type": "PIPE_LINE", "link": 1}, {"name": "optional_model", "type": "MODEL", "link": null}, {"name": "optional_positive", "type": "CONDITIONING", "link": null}, {"name": "optional_negative", "type": "CONDITIONING", "link": null}, {"name": "optional_latent", "type": "LATENT", "link": null}, {"name": "optional_vae", "type": "VAE", "link": null}, {"name": "optional_clip", "type": "CLIP", "link": null}, {"name": "xyPlot", "type": "XYPLOT", "link": null}], "outputs": [{"name": "pipe", "type": "PIPE_LINE", "links": [5], "shape": 3}, {"name": "model", "type": "MODEL", "links": null, "shape": 3}, {"name": "positive", "type": "CONDITIONING", "links": null, "shape": 3}, {"name": "negative", "type": "CONDITIONING", "links": null, "shape": 3}, {"name": "latent", "type": "LATENT", "links": [3], "shape": 3, "slot_index": 4}, {"name": "vae", "type": "VAE", "links": null, "shape": 3}, {"name": "clip", "type": "CLIP", "links": null, "shape": 3}, {"name": "image", "type": "IMAGE", "links": [], "shape": 3, "slot_index": 7}, {"name": "seed", "type": "INT", "links": null, "shape": 3}], "properties": {"Node name for S&R": "ttN pipeKSamplerAdvanced", "ttNnodeVersion": "1.0.4"}, "widgets_values": ["None", 1, 1, "None", 2, "disabled", "Sample", "enable", 25, 8, "euler_ancestral", "normal", 0, 10000, "disable", "Preview", "ComfyUI", 324780005205713, "fixed"]}, {"id": 1, "type": "ttN pipeLoader", "pos": [20, 50], "size": {"0": 400, "1": 730}, "flags": {}, "order": 0, "mode": 0, "inputs": [{"name": "optional_clip", "type": "CLIP", "link": null}], "outputs": [{"name": "pipe", "type": "PIPE_LINE", "links": [1], "shape": 3, "slot_index": 0}, {"name": "model", "type": "MODEL", "links": null, "shape": 3}, {"name": "positive", "type": "CONDITIONING", "links": null, "shape": 3}, {"name": "negative", "type": "CONDITIONING", "links": null, "shape": 3}, {"name": "latent", "type": "LATENT", "links": null, "shape": 3}, {"name": "vae", "type": "VAE", "links": null, "shape": 3}, {"name": "clip", "type": "CLIP", "links": null, "shape": 3}, {"name": "seed", "type": "INT", "links": null, "shape": 3}], "properties": {"Node name for S&R": "ttN pipeLoader", "ttNnodeVersion": "1.0.3"}, "widgets_values": ["RealCartoon3DV8.safetensors", "Baked VAE", -2, "None", 1, 1, "None", -0.71, 1, "None", 1, 1, "close up of a cute puppy sitting in the grass (by Alena Aenami:1.25)", "none", "comfy", "worst quality, normal quality, low quality, low res, blurry, text, watermark, banner, extra digits, cropped, jpeg artifacts, signature, username, error,duplicate, ugly, horror, geometry, mutation, disgusting, realistic, shadows, ambient occlusion, black", "none", "comfy", 512, 512, 1, 0, "fixed"]}, {"id": 4, "type": "ttN pipeKSamplerAdvanced", "pos": [800, 50], "size": {"0": 330, "1": 840}, "flags": {}, "order": 2, "mode": 0, "inputs": [{"name": "pipe", "type": "PIPE_LINE", "link": 5, "slot_index": 0}, {"name": "optional_model", "type": "MODEL", "link": null}, {"name": "optional_positive", "type": "CONDITIONING", "link": null}, {"name": "optional_negative", "type": "CONDITIONING", "link": null}, {"name": "optional_latent", "type": "LATENT", "link": 3}, {"name": "optional_vae", "type": "VAE", "link": null}, {"name": "optional_clip", "type": "CLIP", "link": null}, {"name": "xyPlot", "type": "XYPLOT", "link": null}], "outputs": [{"name": "pipe", "type": "PIPE_LINE", "links": null, "shape": 3}, {"name": "model", "type": "MODEL", "links": null, "shape": 3}, {"name": "positive", "type": "CONDITIONING", "links": null, "shape": 3}, {"name": "negative", "type": "CONDITIONING", "links": null, "shape": 3}, {"name": "latent", "type": "LATENT", "links": null, "shape": 3}, {"name": "vae", "type": "VAE", "links": null, "shape": 3}, {"name": "clip", "type": "CLIP", "links": null, "shape": 3}, {"name": "image", "type": "IMAGE", "links": [4], "shape": 3, "slot_index": 7}, {"name": "seed", "type": "INT", "links": null, "shape": 3}], "properties": {"Node name for S&R": "ttN pipeKSamplerAdvanced", "ttNnodeVersion": "1.0.4"}, "widgets_values": ["add_detail.safetensors", 1, 1, "nearest-exact", 2, "disabled", "Sample", "enable", 25, 8, "euler_ancestral", "normal", 10, 10000, "disable", "Preview", "ComfyUI", 324780005205713, "fixed"]}], "links": [[1, 1, 0, 2, 0, "PIPE_LINE"], [3, 2, 4, 4, 4, "LATENT"], [4, 4, 7, 3, 0, "IMAGE"], [5, 2, 0, 4, 0, "PIPE_LINE"]], "groups": [], "config": {}, "extra": {}, "version": 0.4}