{"last_node_id": 49, "last_link_id": 114, "nodes": [{"id": 3, "type": "CLIPTextEncode", "pos": [23, 185], "size": {"0": 400, "1": 200}, "flags": {}, "order": 7, "mode": 0, "inputs": [{"name": "clip", "type": "CLIP", "link": 9}], "outputs": [{"name": "CONDITIONING", "type": "CONDITIONING", "links": [2, 15, 25], "shape": 3, "slot_index": 0}], "properties": {"Node name for S&R": "CLIPTextEncode"}, "widgets_values": ["a portrait photograph of a sexy young girl with giant boobs. lots of cleavage. A character from burlesque. The girl is wearing a slutty outfit and is a stripper. Long black hair, glowing skin. her face is highly detailed and there are god rays shining through the corner of the image."]}, {"id": 4, "type": "CLIPTextEncode", "pos": [26, 425], "size": {"0": 400, "1": 200}, "flags": {}, "order": 8, "mode": 0, "inputs": [{"name": "clip", "type": "CLIP", "link": 10}], "outputs": [{"name": "CONDITIONING", "type": "CONDITIONING", "links": [3, 16, 26], "shape": 3, "slot_index": 0}], "properties": {"Node name for S&R": "CLIPTextEncode"}, "widgets_values": ["ugly, wrinkles, indian, drawing, painting, hyperrealistic, realistic, realism"]}, {"id": 1, "type": "CheckpointLoaderSimple", "pos": [18, 43], "size": {"0": 315, "1": 98}, "flags": {}, "order": 0, "mode": 0, "outputs": [{"name": "MODEL", "type": "MODEL", "links": [1, 14, 24], "shape": 3, "slot_index": 0}, {"name": "CLIP", "type": "CLIP", "links": [9, 10], "shape": 3, "slot_index": 1}, {"name": "VAE", "type": "VAE", "links": [6, 30, 36, 44], "shape": 3, "slot_index": 2}], "properties": {"Node name for S&R": "CheckpointLoaderSimple"}, "widgets_values": ["envyoverdrivexl_v11.safetensors"]}, {"id": 18, "type": "PreviewImage", "pos": [3040, 0], "size": [1074.504150390625, 1094.0221328735352], "flags": {}, "order": 30, "mode": 0, "inputs": [{"name": "images", "type": "IMAGE", "link": 40}], "properties": {"Node name for S&R": "PreviewImage"}}, {"id": 26, "type": "PreviewImage", "pos": [1950, -315], "size": [374.18963623046875, 343.8558349609375], "flags": {}, "order": 19, "mode": 0, "inputs": [{"name": "images", "type": "IMAGE", "link": 54}], "properties": {"Node name for S&R": "PreviewImage"}}, {"id": 27, "type": "ImageToMask", "pos": [2329, -113], "size": {"0": 315, "1": 58}, "flags": {}, "order": 18, "mode": 0, "inputs": [{"name": "image", "type": "IMAGE", "link": 50}], "outputs": [{"name": "MASK", "type": "MASK", "links": [55], "shape": 3, "slot_index": 0}], "properties": {"Node name for S&R": "ImageToMask"}, "widgets_values": ["alpha"]}, {"id": 31, "type": "MaskToImage", "pos": [2366, -24], "size": {"0": 210, "1": 26}, "flags": {}, "order": 21, "mode": 0, "inputs": [{"name": "mask", "type": "MASK", "link": 55}], "outputs": [{"name": "IMAGE", "type": "IMAGE", "links": [56], "shape": 3, "slot_index": 0}], "properties": {"Node name for S&R": "MaskToImage"}}, {"id": 12, "type": "ImageUpscaleWithModel", "pos": [3065, -111], "size": {"0": 241.79998779296875, "1": 46}, "flags": {}, "order": 29, "mode": 0, "inputs": [{"name": "upscale_model", "type": "UPSCALE_MODEL", "link": 17}, {"name": "image", "type": "IMAGE", "link": 39}], "outputs": [{"name": "IMAGE", "type": "IMAGE", "links": [40], "shape": 3, "slot_index": 0}], "properties": {"Node name for S&R": "ImageUpscaleWithModel"}}, {"id": 11, "type": "UpscaleModelLoader", "pos": [2718, -109], "size": {"0": 315, "1": 58}, "flags": {}, "order": 1, "mode": 0, "outputs": [{"name": "UPSCALE_MODEL", "type": "UPSCALE_MODEL", "links": [17], "shape": 3, "slot_index": 0}], "properties": {"Node name for S&R": "UpscaleModelLoader"}, "widgets_values": ["2x-Bubble-AnimeScale-SwinIR-Small-v1.pth"]}, {"id": 17, "type": "VAEDecode", "pos": [2785, 21], "size": {"0": 210, "1": 46}, "flags": {}, "order": 28, "mode": 0, "inputs": [{"name": "samples", "type": "LATENT", "link": 29}, {"name": "vae", "type": "VAE", "link": 30}], "outputs": [{"name": "IMAGE", "type": "IMAGE", "links": [39], "shape": 3, "slot_index": 0}], "properties": {"Node name for S&R": "VAEDecode"}}, {"id": 19, "type": "VAEEncode", "pos": [2375, 85], "size": {"0": 210, "1": 46}, "flags": {}, "order": 25, "mode": 0, "inputs": [{"name": "pixels", "type": "IMAGE", "link": 59}, {"name": "vae", "type": "VAE", "link": 36, "slot_index": 1}], "outputs": [{"name": "LATENT", "type": "LATENT", "links": [37], "shape": 3, "slot_index": 0}], "properties": {"Node name for S&R": "VAEEncode"}}, {"id": 20, "type": "PreviewImage", "pos": [2346, 700], "size": [292.560645589514, 323.0697250151611], "flags": {}, "order": 26, "mode": 0, "inputs": [{"name": "images", "type": "IMAGE", "link": 61}], "properties": {"Node name for S&R": "PreviewImage"}}, {"id": 16, "type": "KSamplerAdvanced", "pos": [2693, 134], "size": {"0": 315, "1": 546}, "flags": {}, "order": 27, "mode": 0, "inputs": [{"name": "model", "type": "MODEL", "link": 24}, {"name": "positive", "type": "CONDITIONING", "link": 25, "slot_index": 1}, {"name": "negative", "type": "CONDITIONING", "link": 26, "slot_index": 2}, {"name": "latent_image", "type": "LATENT", "link": 37, "slot_index": 3}, {"name": "cfg", "type": "FLOAT", "link": 28, "widget": {"name": "cfg"}, "slot_index": 4}], "outputs": [{"name": "LATENT", "type": "LATENT", "links": [29], "shape": 3, "slot_index": 0}], "properties": {"Node name for S&R": "KSamplerAdvanced"}, "widgets_values": ["enable", 9841651533, "fixed", 25, 7.38, "dpmpp_3m_sde_gpu", "karras", 11, 10000, "disable"]}, {"id": 38, "type": "Reroute", "pos": [2732.337801846588, 808.9429271004395], "size": [75, 26], "flags": {}, "order": 23, "mode": 0, "inputs": [{"name": "", "type": "*", "link": 105}], "outputs": [{"name": "", "type": "IMAGE", "links": [89], "slot_index": 0}], "properties": {"showOutputText": false, "horizontal": false}}, {"id": 30, "type": "Image Blend by Mask", "pos": [2356, 190], "size": {"0": 315, "1": 98}, "flags": {}, "order": 24, "mode": 0, "inputs": [{"name": "image_a", "type": "IMAGE", "link": 89, "slot_index": 0}, {"name": "image_b", "type": "IMAGE", "link": 96}, {"name": "mask", "type": "IMAGE", "link": 56}], "outputs": [{"name": "IMAGE", "type": "IMAGE", "links": [59, 61], "shape": 3, "slot_index": 0}], "properties": {"Node name for S&R": "Image Blend by Mask"}, "widgets_values": [1]}, {"id": 8, "type": "SaveImage", "pos": [1478, 101], "size": {"0": 829.201904296875, "1": 880.463623046875}, "flags": {}, "order": 16, "mode": 0, "inputs": [{"name": "images", "type": "IMAGE", "link": 47}], "properties": {}, "widgets_values": ["ComfyUI"]}, {"id": 9, "type": "KSamplerAdvanced", "pos": [1138, 71], "size": {"0": 315, "1": 546}, "flags": {}, "order": 14, "mode": 0, "inputs": [{"name": "model", "type": "MODEL", "link": 14}, {"name": "positive", "type": "CONDITIONING", "link": 15, "slot_index": 1}, {"name": "negative", "type": "CONDITIONING", "link": 16, "slot_index": 2}, {"name": "latent_image", "type": "LATENT", "link": 12, "slot_index": 3}, {"name": "cfg", "type": "FLOAT", "link": 20, "widget": {"name": "cfg"}}], "outputs": [{"name": "LATENT", "type": "LATENT", "links": [33], "shape": 3, "slot_index": 0}], "properties": {"Node name for S&R": "KSamplerAdvanced"}, "widgets_values": ["enable", 9841651533, "fixed", 25, 7.38, "dpmpp_3m_sde_gpu", "karras", 13, 10000, "disable"]}, {"id": 10, "type": "LatentUpscaleBy", "pos": [793, 104], "size": {"0": 315, "1": 82}, "flags": {}, "order": 13, "mode": 0, "inputs": [{"name": "samples", "type": "LATENT", "link": 11}], "outputs": [{"name": "LATENT", "type": "LATENT", "links": [12], "shape": 3, "slot_index": 0}], "properties": {"Node name for S&R": "LatentUpscaleBy"}, "widgets_values": ["nearest-exact", 1.5]}, {"id": 6, "type": "VAEDecode", "pos": [1511, -2], "size": {"0": 210, "1": 46}, "flags": {}, "order": 15, "mode": 0, "inputs": [{"name": "samples", "type": "LATENT", "link": 33}, {"name": "vae", "type": "VAE", "link": 6}], "outputs": [{"name": "IMAGE", "type": "IMAGE", "links": [47, 97], "shape": 3, "slot_index": 0}], "properties": {"Node name for S&R": "VAEDecode"}}, {"id": 25, "type": "Image Remove Background (rembg)", "pos": [1705, -116], "size": {"0": 210, "1": 26}, "flags": {}, "order": 17, "mode": 0, "inputs": [{"name": "image", "type": "IMAGE", "link": 97}], "outputs": [{"name": "IMAGE", "type": "IMAGE", "links": [50, 54, 96, 100], "shape": 3, "slot_index": 0}], "properties": {"Node name for S&R": "Image Remove Background (rembg)"}}, {"id": 44, "type": "Get image size", "pos": [2283, 1111], "size": {"0": 210, "1": 66}, "flags": {}, "order": 20, "mode": 0, "inputs": [{"name": "image", "type": "IMAGE", "link": 100}], "outputs": [{"name": "INT", "type": "INT", "links": [101, 103], "shape": 3, "slot_index": 0}, {"name": "INT", "type": "INT", "links": [102, 104], "shape": 3, "slot_index": 1}, {"name": "TUPLE", "type": "TUPLE", "links": null, "shape": 3}], "properties": {"Node name for S&R": "Get image size"}}, {"id": 43, "type": "ConstrainImage|pysssss", "pos": [2688, 917], "size": [315, 154], "flags": {}, "order": 22, "mode": 0, "inputs": [{"name": "images", "type": "IMAGE", "link": 107}, {"name": "min_width", "type": "INT", "link": 101, "widget": {"name": "min_width"}}, {"name": "min_height", "type": "INT", "link": 102, "widget": {"name": "min_height"}}, {"name": "max_width", "type": "INT", "link": 103, "widget": {"name": "max_width"}}, {"name": "max_height", "type": "INT", "link": 104, "widget": {"name": "max_height"}}], "outputs": [{"name": "IMAGE", "type": "IMAGE", "links": [105], "shape": 6, "slot_index": 0}], "properties": {"Node name for S&R": "ConstrainImage|pysssss"}, "widgets_values": [1024, 1024, 0, 0, "yes"]}, {"id": 45, "type": "LoadImage", "pos": [2329, 329], "size": [315, 314.00001525878906], "flags": {}, "order": 2, "mode": 0, "outputs": [{"name": "IMAGE", "type": "IMAGE", "links": [107], "shape": 3, "slot_index": 0}, {"name": "MASK", "type": "MASK", "links": null, "shape": 3}], "properties": {"Node name for S&R": "LoadImage"}, "widgets_values": ["pasted/image (53).png", "image"]}, {"id": 13, "type": "PrimitiveNode", "pos": [828, 278], "size": {"0": 210, "1": 82}, "flags": {}, "order": 3, "mode": 0, "outputs": [{"name": "FLOAT", "type": "FLOAT", "links": [20, 21, 28], "slot_index": 0, "widget": {"name": "cfg"}}], "properties": {}, "widgets_values": [7.38, "fixed"]}, {"id": 5, "type": "EmptyLatentImage", "pos": [31, 671], "size": {"0": 315, "1": 106}, "flags": {}, "order": 4, "mode": 0, "outputs": [{"name": "LATENT", "type": "LATENT", "links": [], "shape": 3, "slot_index": 0}], "properties": {"Node name for S&R": "EmptyLatentImage"}, "widgets_values": [1024, 1024, 1]}, {"id": 2, "type": "KSamplerAdvanced", "pos": [444, 46], "size": {"0": 315, "1": 546}, "flags": {}, "order": 12, "mode": 0, "inputs": [{"name": "model", "type": "MODEL", "link": 1}, {"name": "positive", "type": "CONDITIONING", "link": 2, "slot_index": 1}, {"name": "negative", "type": "CONDITIONING", "link": 3, "slot_index": 2}, {"name": "latent_image", "type": "LATENT", "link": 114, "slot_index": 3}, {"name": "cfg", "type": "FLOAT", "link": 21, "widget": {"name": "cfg"}}], "outputs": [{"name": "LATENT", "type": "LATENT", "links": [11], "shape": 3, "slot_index": 0}], "properties": {"Node name for S&R": "KSamplerAdvanced"}, "widgets_values": ["enable", 9841651532, "fixed", 25, 7.38, "dpmpp_3m_sde_gpu", "karras", 0, 10000, "disable"]}, {"id": 47, "type": "UpscaleModelLoader", "pos": [-642, -67], "size": {"0": 315, "1": 58}, "flags": {}, "order": 5, "mode": 0, "outputs": [{"name": "UPSCALE_MODEL", "type": "UPSCALE_MODEL", "links": [110], "shape": 3}], "properties": {"Node name for S&R": "UpscaleModelLoader"}, "widgets_values": ["4x_RealisticRescaler_100000_G.pth"]}, {"id": 46, "type": "ImageUpscaleWithModel", "pos": [-286, 71], "size": {"0": 241.79998779296875, "1": 46}, "flags": {}, "order": 9, "mode": 0, "inputs": [{"name": "upscale_model", "type": "UPSCALE_MODEL", "link": 110, "slot_index": 0}, {"name": "image", "type": "IMAGE", "link": 109, "slot_index": 1}], "outputs": [{"name": "IMAGE", "type": "IMAGE", "links": [112], "shape": 3, "slot_index": 0}], "properties": {"Node name for S&R": "ImageUpscaleWithModel"}}, {"id": 49, "type": "ConstrainImage|pysssss", "pos": [-310, 167], "size": {"0": 315, "1": 154}, "flags": {}, "order": 10, "mode": 0, "inputs": [{"name": "images", "type": "IMAGE", "link": 112}], "outputs": [{"name": "IMAGE", "type": "IMAGE", "links": [113], "shape": 6, "slot_index": 0}], "properties": {"Node name for S&R": "ConstrainImage|pysssss"}, "widgets_values": [1024, 1024, 0, 0, "no"]}, {"id": 23, "type": "VAEEncode", "pos": [-276, 420], "size": {"0": 210, "1": 46}, "flags": {}, "order": 11, "mode": 0, "inputs": [{"name": "pixels", "type": "IMAGE", "link": 113}, {"name": "vae", "type": "VAE", "link": 44, "slot_index": 1}], "outputs": [{"name": "LATENT", "type": "LATENT", "links": [114], "shape": 3, "slot_index": 0}], "properties": {"Node name for S&R": "VAEEncode"}}, {"id": 40, "type": "LoadImage", "pos": [-643, 35], "size": [315, 314], "flags": {}, "order": 6, "mode": 0, "outputs": [{"name": "IMAGE", "type": "IMAGE", "links": [109], "shape": 3, "slot_index": 0}, {"name": "MASK", "type": "MASK", "links": null, "shape": 3}], "properties": {"Node name for S&R": "LoadImage"}, "widgets_values": ["(m=bJ4hdaaecac)(mh=WgLiKKz9rMbVLKRQ)ec0f61c2-ad59-4202-a00f-6568ed12009e.jpg", "image"]}], "links": [[1, 1, 0, 2, 0, "MODEL"], [2, 3, 0, 2, 1, "CONDITIONING"], [3, 4, 0, 2, 2, "CONDITIONING"], [6, 1, 2, 6, 1, "VAE"], [9, 1, 1, 3, 0, "CLIP"], [10, 1, 1, 4, 0, "CLIP"], [11, 2, 0, 10, 0, "LATENT"], [12, 10, 0, 9, 3, "LATENT"], [14, 1, 0, 9, 0, "MODEL"], [15, 3, 0, 9, 1, "CONDITIONING"], [16, 4, 0, 9, 2, "CONDITIONING"], [17, 11, 0, 12, 0, "UPSCALE_MODEL"], [20, 13, 0, 9, 4, "FLOAT"], [21, 13, 0, 2, 4, "FLOAT"], [24, 1, 0, 16, 0, "MODEL"], [25, 3, 0, 16, 1, "CONDITIONING"], [26, 4, 0, 16, 2, "CONDITIONING"], [28, 13, 0, 16, 4, "FLOAT"], [29, 16, 0, 17, 0, "LATENT"], [30, 1, 2, 17, 1, "VAE"], [33, 9, 0, 6, 0, "LATENT"], [36, 1, 2, 19, 1, "VAE"], [37, 19, 0, 16, 3, "LATENT"], [39, 17, 0, 12, 1, "IMAGE"], [40, 12, 0, 18, 0, "IMAGE"], [44, 1, 2, 23, 1, "VAE"], [47, 6, 0, 8, 0, "IMAGE"], [50, 25, 0, 27, 0, "IMAGE"], [54, 25, 0, 26, 0, "IMAGE"], [55, 27, 0, 31, 0, "MASK"], [56, 31, 0, 30, 2, "IMAGE"], [59, 30, 0, 19, 0, "IMAGE"], [61, 30, 0, 20, 0, "IMAGE"], [89, 38, 0, 30, 0, "IMAGE"], [96, 25, 0, 30, 1, "IMAGE"], [97, 6, 0, 25, 0, "IMAGE"], [100, 25, 0, 44, 0, "IMAGE"], [101, 44, 0, 43, 1, "INT"], [102, 44, 1, 43, 2, "INT"], [103, 44, 0, 43, 3, "INT"], [104, 44, 1, 43, 4, "INT"], [105, 43, 0, 38, 0, "*"], [107, 45, 0, 43, 0, "IMAGE"], [109, 40, 0, 46, 1, "IMAGE"], [110, 47, 0, 46, 0, "UPSCALE_MODEL"], [112, 46, 0, 49, 0, "IMAGE"], [113, 49, 0, 23, 0, "IMAGE"], [114, 23, 0, 2, 3, "LATENT"]], "groups": [], "config": {}, "extra": {}, "version": 0.4}