{"last_node_id": 82, "last_link_id": 158, "nodes": [{"id": 9, "type": "ImageUpscaleWithModel", "pos": [1030, 140], "size": {"0": 241.79998779296875, "1": 46}, "flags": {}, "order": 14, "mode": 0, "inputs": [{"name": "upscale_model", "type": "UPSCALE_MODEL", "link": 10}, {"name": "image", "type": "IMAGE", "link": null}], "outputs": [{"name": "IMAGE", "type": "IMAGE", "links": [], "shape": 3, "slot_index": 0}], "properties": {"Node name for S&R": "ImageUpscaleWithModel"}}, {"id": 7, "type": "EmptyLatentImage", "pos": [-300, 460], "size": {"0": 315, "1": 106}, "flags": {}, "order": 0, "mode": 0, "outputs": [{"name": "LATENT", "type": "LATENT", "links": [9], "shape": 3}], "properties": {"Node name for S&R": "EmptyLatentImage"}, "widgets_values": [512, 512, 1]}, {"id": 8, "type": "UpscaleModelLoader", "pos": [690, 140], "size": {"0": 315, "1": 58}, "flags": {}, "order": 1, "mode": 0, "outputs": [{"name": "UPSCALE_MODEL", "type": "UPSCALE_MODEL", "links": [10], "shape": 3, "slot_index": 0}], "properties": {"Node name for S&R": "UpscaleModelLoader"}, "widgets_values": ["4x-UltraSharp.pth"]}, {"id": 16, "type": "CLIPSetLastLayer", "pos": [-310, 610], "size": {"0": 315, "1": 58}, "flags": {}, "order": 15, "mode": 0, "inputs": [{"name": "clip", "type": "CLIP", "link": 25}], "outputs": [{"name": "CLIP", "type": "CLIP", "links": [26, 27], "shape": 3, "slot_index": 0}], "properties": {"Node name for S&R": "CLIPSetLastLayer"}, "widgets_values": [-2]}, {"id": 3, "type": "CLIPTextEncode", "pos": [80, 340], "size": [210, 50], "flags": {}, "order": 21, "mode": 0, "inputs": [{"name": "clip", "type": "CLIP", "link": 26}, {"name": "text", "type": "STRING", "link": 31, "widget": {"name": "text", "config": ["STRING", {"multiline": true}]}}], "outputs": [{"name": "CONDITIONING", "type": "CONDITIONING", "links": [7, 17], "shape": 3, "slot_index": 0}], "properties": {"Node name for S&R": "CLIPTextEncode"}, "widgets_values": ["full body portrait of a hot pornstar with big boobs in a steamy pond, jungle, rainforest, RAW, Nikon, photo, Nikon 85mm f/1.4, overgrowth, masterpiece"]}, {"id": 4, "type": "CLIPTextEncode", "pos": [80, 440], "size": [210, 50], "flags": {}, "order": 22, "mode": 0, "inputs": [{"name": "clip", "type": "CLIP", "link": 27}, {"name": "text", "type": "STRING", "link": 32, "widget": {"name": "text", "config": ["STRING", {"multiline": true}]}}], "outputs": [{"name": "CONDITIONING", "type": "CONDITIONING", "links": [8, 18], "shape": 3, "slot_index": 0}], "properties": {"Node name for S&R": "CLIPTextEncode"}, "widgets_values": ["ugly, boring, washed out colors, pastel"]}, {"id": 1, "type": "CheckpointLoaderSimple", "pos": [-300, 320], "size": {"0": 315, "1": 98}, "flags": {}, "order": 2, "mode": 0, "outputs": [{"name": "MODEL", "type": "MODEL", "links": [1, 29], "shape": 3, "slot_index": 0}, {"name": "CLIP", "type": "CLIP", "links": [25], "shape": 3, "slot_index": 1}, {"name": "VAE", "type": "VAE", "links": [54], "shape": 3, "slot_index": 2}], "properties": {"Node name for S&R": "CheckpointLoaderSimple"}, "widgets_values": ["aZovyaRPGArtistTools_v3VAE.safetensors"]}, {"id": 37, "type": "VAELoader", "pos": [1290, -20], "size": {"0": 315, "1": 58}, "flags": {}, "order": 3, "mode": 0, "outputs": [{"name": "VAE", "type": "VAE", "links": [], "shape": 3, "slot_index": 0}], "properties": {"Node name for S&R": "VAELoader"}, "widgets_values": ["sdxl_vae.safetensors"]}, {"id": 23, "type": "CheckpointLoaderSimple", "pos": [1330, 160], "size": {"0": 315, "1": 98}, "flags": {}, "order": 4, "mode": 0, "outputs": [{"name": "MODEL", "type": "MODEL", "links": [39], "shape": 3, "slot_index": 0}, {"name": "CLIP", "type": "CLIP", "links": [37, 38], "shape": 3, "slot_index": 1}, {"name": "VAE", "type": "VAE", "links": [], "shape": 3, "slot_index": 2}], "properties": {"Node name for S&R": "CheckpointLoaderSimple"}, "widgets_values": ["nightvisionXLPhotorealisticPortrait_v0743ReleaseBakedvae.safetensors"]}, {"id": 39, "type": "UpscaleModelLoader", "pos": [1340, 620], "size": {"0": 315, "1": 58}, "flags": {}, "order": 5, "mode": 0, "outputs": [{"name": "UPSCALE_MODEL", "type": "UPSCALE_MODEL", "links": [72], "shape": 3}], "properties": {"Node name for S&R": "UpscaleModelLoader"}, "widgets_values": ["RealESRGAN_x2.pth"]}, {"id": 48, "type": "UpscaleModelLoader", "pos": [660, 540], "size": {"0": 315, "1": 58}, "flags": {}, "order": 6, "mode": 0, "outputs": [{"name": "UPSCALE_MODEL", "type": "UPSCALE_MODEL", "links": [103], "shape": 3}], "properties": {"Node name for S&R": "UpscaleModelLoader"}, "widgets_values": ["RealESRGAN_x2.pth"]}, {"id": 49, "type": "VAEDecode", "pos": [710, 430], "size": {"0": 210, "1": 46}, "flags": {}, "order": 24, "mode": 0, "inputs": [{"name": "samples", "type": "LATENT", "link": 101}, {"name": "vae", "type": "VAE", "link": 107}], "outputs": [{"name": "IMAGE", "type": "IMAGE", "links": [102], "shape": 3, "slot_index": 0}], "properties": {"Node name for S&R": "VAEDecode"}}, {"id": 47, "type": "ImageUpscaleWithModel", "pos": [700, 640], "size": {"0": 241.79998779296875, "1": 46}, "flags": {}, "order": 25, "mode": 0, "inputs": [{"name": "upscale_model", "type": "UPSCALE_MODEL", "link": 103, "slot_index": 0}, {"name": "image", "type": "IMAGE", "link": 102}], "outputs": [{"name": "IMAGE", "type": "IMAGE", "links": [104], "shape": 3, "slot_index": 0}], "properties": {"Node name for S&R": "ImageUpscaleWithModel"}}, {"id": 50, "type": "VAEEncode", "pos": [710, 730], "size": {"0": 210, "1": 46}, "flags": {}, "order": 26, "mode": 0, "inputs": [{"name": "pixels", "type": "IMAGE", "link": 104}, {"name": "vae", "type": "VAE", "link": 106}], "outputs": [{"name": "LATENT", "type": "LATENT", "links": [105], "shape": 3, "slot_index": 0}], "properties": {"Node name for S&R": "VAEEncode"}}, {"id": 21, "type": "CLIPTextEncode", "pos": [1370, 320], "size": {"0": 210, "1": 50}, "flags": {}, "order": 17, "mode": 0, "inputs": [{"name": "clip", "type": "CLIP", "link": 37}, {"name": "text", "type": "STRING", "link": 33, "widget": {"name": "text", "config": ["STRING", {"multiline": true}]}}], "outputs": [{"name": "CONDITIONING", "type": "CONDITIONING", "links": [108], "shape": 3, "slot_index": 0}], "properties": {"Node name for S&R": "CLIPTextEncode"}, "widgets_values": ["full body portrait of a hot pornstar with big boobs in a steamy pond, jungle, rainforest, RAW, Nikon, photo, Nikon 85mm f/1.4, overgrowth, masterpiece"]}, {"id": 22, "type": "CLIPTextEncode", "pos": [1370, 410], "size": {"0": 210, "1": 50}, "flags": {}, "order": 18, "mode": 0, "inputs": [{"name": "clip", "type": "CLIP", "link": 38}, {"name": "text", "type": "STRING", "link": 34, "widget": {"name": "text", "config": ["STRING", {"multiline": true}]}}], "outputs": [{"name": "CONDITIONING", "type": "CONDITIONING", "links": [109], "shape": 3, "slot_index": 0}], "properties": {"Node name for S&R": "CLIPTextEncode"}, "widgets_values": ["ugly, boring, washed out colors, pastel"]}, {"id": 54, "type": "MiDaS Model Loader", "pos": [1080, 950], "size": {"0": 315, "1": 58}, "flags": {}, "order": 7, "mode": 0, "outputs": [{"name": "midas_model", "type": "MIDAS_MODEL", "links": [116], "shape": 3}], "properties": {"Node name for S&R": "MiDaS Model Loader"}, "widgets_values": ["DPT_Large"]}, {"id": 38, "type": "ImageUpscaleWithModel", "pos": [1370, 720], "size": {"0": 241.79998779296875, "1": 46}, "flags": {}, "order": 29, "mode": 0, "inputs": [{"name": "upscale_model", "type": "UPSCALE_MODEL", "link": 72, "slot_index": 0}, {"name": "image", "type": "IMAGE", "link": 97}], "outputs": [{"name": "IMAGE", "type": "IMAGE", "links": [114], "shape": 3, "slot_index": 0}], "properties": {"Node name for S&R": "ImageUpscaleWithModel"}}, {"id": 44, "type": "VAEDecode", "pos": [1380, 540], "size": {"0": 210, "1": 46}, "flags": {}, "order": 28, "mode": 0, "inputs": [{"name": "samples", "type": "LATENT", "link": 96}, {"name": "vae", "type": "VAE", "link": 95}], "outputs": [{"name": "IMAGE", "type": "IMAGE", "links": [97, 125], "shape": 3, "slot_index": 0}], "properties": {"Node name for S&R": "VAEDecode"}}, {"id": 55, "type": "VAEEncode", "pos": [1680, 580], "size": {"0": 210, "1": 46}, "flags": {}, "order": 30, "mode": 0, "inputs": [{"name": "pixels", "type": "IMAGE", "link": 125}, {"name": "vae", "type": "VAE", "link": 118}], "outputs": [{"name": "LATENT", "type": "LATENT", "links": [126], "shape": 3, "slot_index": 0}], "properties": {"Node name for S&R": "VAEEncode"}}, {"id": 31, "type": "Reroute", "pos": [1120, 860], "size": [75, 26], "flags": {}, "order": 16, "mode": 0, "inputs": [{"name": "", "type": "*", "link": 54}], "outputs": [{"name": "", "type": "VAE", "links": [95, 106, 107, 118, 129], "slot_index": 0}], "properties": {"showOutputText": false, "horizontal": false}}, {"id": 64, "type": "EmptyLatentImage", "pos": [1390, 1070], "size": {"0": 315, "1": 106}, "flags": {}, "order": 8, "mode": 0, "outputs": [{"name": "LATENT", "type": "LATENT", "links": [131], "shape": 3, "slot_index": 0}], "properties": {"Node name for S&R": "EmptyLatentImage"}, "widgets_values": [1024, 1024, 1]}, {"id": 61, "type": "VAEDecode", "pos": [1470, 980], "size": {"0": 210, "1": 46}, "flags": {}, "order": 35, "mode": 0, "inputs": [{"name": "samples", "type": "LATENT", "link": 128}, {"name": "vae", "type": "VAE", "link": 129}], "outputs": [{"name": "IMAGE", "type": "IMAGE", "links": [], "shape": 3, "slot_index": 0}], "properties": {"Node name for S&R": "VAEDecode"}}, {"id": 65, "type": "PreviewImage", "pos": [1780, 950], "size": [210, 250], "flags": {}, "order": 34, "mode": 0, "inputs": [{"name": "images", "type": "IMAGE", "link": 133, "slot_index": 0}], "properties": {"Node name for S&R": "PreviewImage"}}, {"id": 53, "type": "MiDaS Depth Approximation", "pos": [1440, 810], "size": {"0": 315, "1": 126}, "flags": {}, "order": 31, "mode": 0, "inputs": [{"name": "image", "type": "IMAGE", "link": 114}, {"name": "midas_model", "type": "MIDAS_MODEL", "link": 116, "slot_index": 1}], "outputs": [{"name": "images", "type": "IMAGE", "links": [115, 133], "shape": 3, "slot_index": 0}], "properties": {"Node name for S&R": "MiDaS Depth Approximation"}, "widgets_values": ["false", "DPT_Large", "false"]}, {"id": 51, "type": "ControlNetApplyAdvanced", "pos": [1610, 360], "size": {"0": 315, "1": 166}, "flags": {}, "order": 33, "mode": 0, "inputs": [{"name": "positive", "type": "CONDITIONING", "link": 108}, {"name": "negative", "type": "CONDITIONING", "link": 109}, {"name": "control_net", "type": "CONTROL_NET", "link": 113, "slot_index": 2}, {"name": "image", "type": "IMAGE", "link": 115}], "outputs": [{"name": "positive", "type": "CONDITIONING", "links": [110], "shape": 3, "slot_index": 0}, {"name": "negative", "type": "CONDITIONING", "links": [111], "shape": 3, "slot_index": 1}], "properties": {"Node name for S&R": "ControlNetApplyAdvanced"}, "widgets_values": [0.2, 0, 0.2]}, {"id": 60, "type": "Latent Noise Injection", "pos": [1630, 690], "size": {"0": 315, "1": 58}, "flags": {}, "order": 32, "mode": 0, "inputs": [{"name": "samples", "type": "LATENT", "link": 126}], "outputs": [{"name": "LATENT", "type": "LATENT", "links": [128], "shape": 3, "slot_index": 0}], "properties": {"Node name for S&R": "Latent Noise Injection"}, "widgets_values": [1]}, {"id": 52, "type": "ControlNetLoader", "pos": [1660, 130], "size": {"0": 315, "1": 58}, "flags": {}, "order": 9, "mode": 0, "outputs": [{"name": "CONTROL_NET", "type": "CONTROL_NET", "links": [113], "shape": 3}], "properties": {"Node name for S&R": "ControlNetLoader"}, "widgets_values": ["depth-zoe-xl-v1.0-controlnet.safetensors"]}, {"id": 19, "type": "PrimitiveNode", "pos": [670, -310], "size": [350, 170], "flags": {}, "order": 10, "mode": 0, "outputs": [{"name": "STRING", "type": "STRING", "links": [31, 33, 140], "slot_index": 0, "widget": {"name": "text", "config": ["STRING", {"multiline": true}]}}], "properties": {}, "widgets_values": ["full body portrait of a hot pornstar with big boobs in a steamy pond, jungle, rainforest, RAW, Nikon, photo, Nikon 85mm f/1.4, overgrowth, masterpiece"]}, {"id": 18, "type": "PrimitiveNode", "pos": [670, -100], "size": [350, 170], "flags": {}, "order": 11, "mode": 0, "outputs": [{"name": "STRING", "type": "STRING", "links": [32, 34, 141], "slot_index": 0, "widget": {"name": "text", "config": ["STRING", {"multiline": true}]}}], "properties": {}, "widgets_values": ["ugly, boring, washed out colors, pastel"]}, {"id": 75, "type": "SaveImage", "pos": [3030, 380], "size": [790, 810], "flags": {}, "order": 43, "mode": 0, "inputs": [{"name": "images", "type": "IMAGE", "link": 145}], "properties": {}, "widgets_values": ["ComfyUI"]}, {"id": 66, "type": "CheckpointLoaderSimple", "pos": [1990, 210], "size": {"0": 315, "1": 98}, "flags": {}, "order": 12, "mode": 0, "outputs": [{"name": "MODEL", "type": "MODEL", "links": [136], "shape": 3, "slot_index": 0}, {"name": "CLIP", "type": "CLIP", "links": [138, 139], "shape": 3, "slot_index": 1}, {"name": "VAE", "type": "VAE", "links": [146, 151, 154], "shape": 3, "slot_index": 2}], "properties": {"Node name for S&R": "CheckpointLoaderSimple"}, "widgets_values": ["sd_xl_refiner_1.0.safetensors"]}, {"id": 78, "type": "ImageUpscaleWithModel", "pos": [2320, 320], "size": {"0": 241.79998779296875, "1": 46}, "flags": {}, "order": 38, "mode": 0, "inputs": [{"name": "upscale_model", "type": "UPSCALE_MODEL", "link": 155, "slot_index": 0}, {"name": "image", "type": "IMAGE", "link": 152}], "outputs": [{"name": "IMAGE", "type": "IMAGE", "links": [153], "shape": 3, "slot_index": 0}], "properties": {"Node name for S&R": "ImageUpscaleWithModel"}}, {"id": 73, "type": "CLIPTextEncode", "pos": [2340, 710], "size": {"0": 210, "1": 50}, "flags": {}, "order": 20, "mode": 0, "inputs": [{"name": "clip", "type": "CLIP", "link": 139}, {"name": "text", "type": "STRING", "link": 141, "widget": {"name": "text", "config": ["STRING", {"multiline": true}]}}], "outputs": [{"name": "CONDITIONING", "type": "CONDITIONING", "links": [143], "shape": 3, "slot_index": 0}], "properties": {"Node name for S&R": "CLIPTextEncode"}, "widgets_values": ["ugly, boring, washed out colors, pastel"]}, {"id": 72, "type": "CLIPTextEncode", "pos": [2340, 630], "size": {"0": 210, "1": 50}, "flags": {}, "order": 19, "mode": 0, "inputs": [{"name": "clip", "type": "CLIP", "link": 138}, {"name": "text", "type": "STRING", "link": 140, "widget": {"name": "text", "config": ["STRING", {"multiline": true}]}}], "outputs": [{"name": "CONDITIONING", "type": "CONDITIONING", "links": [142], "shape": 3, "slot_index": 0}], "properties": {"Node name for S&R": "CLIPTextEncode"}, "widgets_values": ["full body portrait of a hot pornstar with big boobs in a steamy pond, jungle, rainforest, RAW, Nikon, photo, Nikon 85mm f/1.4, overgrowth, masterpiece"]}, {"id": 79, "type": "VAEDecode", "pos": [2330, 410], "size": {"0": 210, "1": 46}, "flags": {}, "order": 37, "mode": 0, "inputs": [{"name": "samples", "type": "LATENT", "link": 150}, {"name": "vae", "type": "VAE", "link": 151}], "outputs": [{"name": "IMAGE", "type": "IMAGE", "links": [152], "shape": 3, "slot_index": 0}], "properties": {"Node name for S&R": "VAEDecode"}}, {"id": 77, "type": "UpscaleModelLoader", "pos": [2430, 130], "size": {"0": 315, "1": 58}, "flags": {}, "order": 13, "mode": 0, "outputs": [{"name": "UPSCALE_MODEL", "type": "UPSCALE_MODEL", "links": [155], "shape": 3, "slot_index": 0}], "properties": {"Node name for S&R": "UpscaleModelLoader"}, "widgets_values": ["RealESRGAN_x2.pth"]}, {"id": 80, "type": "VAEEncode", "pos": [2340, 520], "size": {"0": 210, "1": 46}, "flags": {}, "order": 39, "mode": 0, "inputs": [{"name": "pixels", "type": "IMAGE", "link": 153}, {"name": "vae", "type": "VAE", "link": 154, "slot_index": 1}], "outputs": [{"name": "LATENT", "type": "LATENT", "links": [157], "shape": 3, "slot_index": 0}], "properties": {"Node name for S&R": "VAEEncode"}}, {"id": 82, "type": "Latent Noise Injection", "pos": [2320, 800], "size": {"0": 315, "1": 58}, "flags": {}, "order": 40, "mode": 0, "inputs": [{"name": "samples", "type": "LATENT", "link": 157}], "outputs": [{"name": "LATENT", "type": "LATENT", "links": [158], "shape": 3, "slot_index": 0}], "properties": {"Node name for S&R": "Latent Noise Injection"}, "widgets_values": [0.6900000000000005]}, {"id": 71, "type": "KSamplerAdvanced", "pos": [2670, 380], "size": [320, 550], "flags": {}, "order": 41, "mode": 0, "inputs": [{"name": "model", "type": "MODEL", "link": 136}, {"name": "positive", "type": "CONDITIONING", "link": 142}, {"name": "negative", "type": "CONDITIONING", "link": 143}, {"name": "latent_image", "type": "LATENT", "link": 158}], "outputs": [{"name": "LATENT", "type": "LATENT", "links": [144], "shape": 3, "slot_index": 0}], "properties": {"Node name for S&R": "KSamplerAdvanced"}, "widgets_values": ["disable", 9846511, "fixed", 25, 8, "dpmpp_sde", "karras", 20, 10000, "disable"]}, {"id": 74, "type": "VAEDecode", "pos": [2770, 290], "size": {"0": 210, "1": 46}, "flags": {}, "order": 42, "mode": 0, "inputs": [{"name": "samples", "type": "LATENT", "link": 144}, {"name": "vae", "type": "VAE", "link": 146}], "outputs": [{"name": "IMAGE", "type": "IMAGE", "links": [145], "shape": 3, "slot_index": 0}], "properties": {"Node name for S&R": "VAEDecode"}}, {"id": 12, "type": "KSamplerAdvanced", "pos": [1000, 290], "size": [320, 550], "flags": {}, "order": 27, "mode": 0, "inputs": [{"name": "model", "type": "MODEL", "link": 29}, {"name": "positive", "type": "CONDITIONING", "link": 17}, {"name": "negative", "type": "CONDITIONING", "link": 18}, {"name": "latent_image", "type": "LATENT", "link": 105}], "outputs": [{"name": "LATENT", "type": "LATENT", "links": [96], "shape": 3, "slot_index": 0}], "properties": {"Node name for S&R": "KSamplerAdvanced"}, "widgets_values": ["enable", 987465, "fixed", 25, 8, "ddim", "normal", 10, 10000, "disable"]}, {"id": 2, "type": "KSamplerAdvanced", "pos": [330, 310], "size": [320, 550], "flags": {}, "order": 23, "mode": 0, "inputs": [{"name": "model", "type": "MODEL", "link": 1}, {"name": "positive", "type": "CONDITIONING", "link": 7}, {"name": "negative", "type": "CONDITIONING", "link": 8}, {"name": "latent_image", "type": "LATENT", "link": 9, "slot_index": 3}], "outputs": [{"name": "LATENT", "type": "LATENT", "links": [101], "shape": 3, "slot_index": 0}], "properties": {"Node name for S&R": "KSamplerAdvanced"}, "widgets_values": ["enable", 254792420975765, "fixed", 25, 8, "dpmpp_2m", "karras", 0, 25, "enable"]}, {"id": 17, "type": "KSamplerAdvanced", "pos": [1980, 360], "size": {"0": 320, "1": 550}, "flags": {}, "order": 36, "mode": 0, "inputs": [{"name": "model", "type": "MODEL", "link": 39}, {"name": "positive", "type": "CONDITIONING", "link": 110}, {"name": "negative", "type": "CONDITIONING", "link": 111}, {"name": "latent_image", "type": "LATENT", "link": 131, "slot_index": 3}], "outputs": [{"name": "LATENT", "type": "LATENT", "links": [150], "shape": 3, "slot_index": 0}], "properties": {"Node name for S&R": "KSamplerAdvanced"}, "widgets_values": ["enable", 254792420976204, "fixed", 25, 7.5, "dpmpp_sde", "karras", 0, 20, "enable"]}], "links": [[1, 1, 0, 2, 0, "MODEL"], [7, 3, 0, 2, 1, "CONDITIONING"], [8, 4, 0, 2, 2, "CONDITIONING"], [9, 7, 0, 2, 3, "LATENT"], [10, 8, 0, 9, 0, "UPSCALE_MODEL"], [17, 3, 0, 12, 1, "CONDITIONING"], [18, 4, 0, 12, 2, "CONDITIONING"], [25, 1, 1, 16, 0, "CLIP"], [26, 16, 0, 3, 0, "CLIP"], [27, 16, 0, 4, 0, "CLIP"], [29, 1, 0, 12, 0, "MODEL"], [31, 19, 0, 3, 1, "STRING"], [32, 18, 0, 4, 1, "STRING"], [33, 19, 0, 21, 1, "STRING"], [34, 18, 0, 22, 1, "STRING"], [37, 23, 1, 21, 0, "CLIP"], [38, 23, 1, 22, 0, "CLIP"], [39, 23, 0, 17, 0, "MODEL"], [54, 1, 2, 31, 0, "*"], [72, 39, 0, 38, 0, "UPSCALE_MODEL"], [95, 31, 0, 44, 1, "VAE"], [96, 12, 0, 44, 0, "LATENT"], [97, 44, 0, 38, 1, "IMAGE"], [101, 2, 0, 49, 0, "LATENT"], [102, 49, 0, 47, 1, "IMAGE"], [103, 48, 0, 47, 0, "UPSCALE_MODEL"], [104, 47, 0, 50, 0, "IMAGE"], [105, 50, 0, 12, 3, "LATENT"], [106, 31, 0, 50, 1, "VAE"], [107, 31, 0, 49, 1, "VAE"], [108, 21, 0, 51, 0, "CONDITIONING"], [109, 22, 0, 51, 1, "CONDITIONING"], [110, 51, 0, 17, 1, "CONDITIONING"], [111, 51, 1, 17, 2, "CONDITIONING"], [113, 52, 0, 51, 2, "CONTROL_NET"], [114, 38, 0, 53, 0, "IMAGE"], [115, 53, 0, 51, 3, "IMAGE"], [116, 54, 0, 53, 1, "MIDAS_MODEL"], [118, 31, 0, 55, 1, "VAE"], [125, 44, 0, 55, 0, "IMAGE"], [126, 55, 0, 60, 0, "LATENT"], [128, 60, 0, 61, 0, "LATENT"], [129, 31, 0, 61, 1, "VAE"], [131, 64, 0, 17, 3, "LATENT"], [133, 53, 0, 65, 0, "IMAGE"], [136, 66, 0, 71, 0, "MODEL"], [138, 66, 1, 72, 0, "CLIP"], [139, 66, 1, 73, 0, "CLIP"], [140, 19, 0, 72, 1, "STRING"], [141, 18, 0, 73, 1, "STRING"], [142, 72, 0, 71, 1, "CONDITIONING"], [143, 73, 0, 71, 2, "CONDITIONING"], [144, 71, 0, 74, 0, "LATENT"], [145, 74, 0, 75, 0, "IMAGE"], [146, 66, 2, 74, 1, "VAE"], [150, 17, 0, 79, 0, "LATENT"], [151, 66, 2, 79, 1, "VAE"], [152, 79, 0, 78, 1, "IMAGE"], [153, 78, 0, 80, 0, "IMAGE"], [154, 66, 2, 80, 1, "VAE"], [155, 77, 0, 78, 0, "UPSCALE_MODEL"], [157, 80, 0, 82, 0, "LATENT"], [158, 82, 0, 71, 3, "LATENT"]], "groups": [], "config": {}, "extra": {}, "version": 0.4}