{"last_node_id": 22, "last_link_id": 76, "nodes": [{"id": 12, "type": "VAEDecode", "pos": [1540, 0], "size": {"0": 210, "1": 46}, "flags": {}, "order": 7, "mode": 0, "inputs": [{"name": "samples", "type": "LATENT", "link": 69}, {"name": "vae", "type": "VAE", "link": 47}], "outputs": [{"name": "IMAGE", "type": "IMAGE", "links": [46], "shape": 3, "slot_index": 0}], "properties": {"Node name for S&R": "VAEDecode"}}, {"id": 6, "type": "CM_SDXLResolution", "pos": [80, 1060], "size": {"0": 315, "1": 78}, "flags": {}, "order": 0, "mode": 0, "outputs": [{"name": "width", "type": "INT", "links": [6], "shape": 3, "slot_index": 0}, {"name": "height", "type": "INT", "links": [7], "shape": 3, "slot_index": 1}], "properties": {"Node name for S&R": "CM_SDXLResolution"}, "widgets_values": ["768x1344"]}, {"id": 20, "type": "KSamplerAdvanced", "pos": [1760, 100], "size": [320, 520], "flags": {}, "order": 6, "mode": 0, "inputs": [{"name": "model", "type": "MODEL", "link": 74, "slot_index": 0}, {"name": "positive", "type": "CONDITIONING", "link": 65, "slot_index": 1}, {"name": "negative", "type": "CONDITIONING", "link": 66}, {"name": "latent_image", "type": "LATENT", "link": 67, "slot_index": 3}, {"name": "noise_seed", "type": "INT", "link": 64, "widget": {"name": "noise_seed", "config": ["INT", {"default": 0, "min": 0, "max": 18446744073709552000}]}, "slot_index": 4}], "outputs": [{"name": "LATENT", "type": "LATENT", "links": [69], "shape": 3, "slot_index": 0}], "properties": {"Node name for S&R": "KSamplerAdvanced"}, "widgets_values": ["disable", 31338324636463, "randomize", 25, 8, "dpmpp_2m_sde_gpu", "karras", 20, 25, "disable"]}, {"id": 13, "type": "LatentUpscaleBy", "pos": [1040, 210], "size": {"0": 315, "1": 82}, "flags": {}, "order": 4, "mode": 0, "inputs": [{"name": "samples", "type": "LATENT", "link": 48}], "outputs": [{"name": "LATENT", "type": "LATENT", "links": [49], "shape": 3, "slot_index": 0}], "properties": {"Node name for S&R": "LatentUpscaleBy"}, "widgets_values": ["nearest-exact", 1.5]}, {"id": 11, "type": "KSamplerAdvanced", "pos": [1400, 100], "size": [320, 520], "flags": {}, "order": 5, "mode": 0, "inputs": [{"name": "model", "type": "MODEL", "link": 76, "slot_index": 0}, {"name": "positive", "type": "CONDITIONING", "link": 41, "slot_index": 1}, {"name": "negative", "type": "CONDITIONING", "link": 42}, {"name": "latent_image", "type": "LATENT", "link": 49}, {"name": "noise_seed", "type": "INT", "link": 44, "widget": {"name": "noise_seed", "config": ["INT", {"default": 0, "min": 0, "max": 18446744073709552000}]}}], "outputs": [{"name": "LATENT", "type": "LATENT", "links": [67], "shape": 3, "slot_index": 0}], "properties": {"Node name for S&R": "KSamplerAdvanced"}, "widgets_values": ["enable", 538055777611588, "randomize", 25, 8, "dpmpp_2m_sde", "karras", 12, 20, "enable"]}, {"id": 2, "type": "ttN pipeLoaderSDXL", "pos": [30, 60], "size": [400, 950], "flags": {}, "order": 2, "mode": 0, "inputs": [{"name": "empty_latent_width", "type": "INT", "link": 6, "widget": {"name": "empty_latent_width", "config": ["INT", {"default": 1024, "min": 64, "max": 8192, "step": 8}]}}, {"name": "empty_latent_height", "type": "INT", "link": 7, "widget": {"name": "empty_latent_height", "config": ["INT", {"default": 1024, "min": 64, "max": 8192, "step": 8}]}}, {"name": "seed", "type": "INT", "link": 55, "widget": {"name": "seed", "config": ["INT", {"default": 0, "min": 0, "max": 18446744073709552000}]}, "slot_index": 2}], "outputs": [{"name": "sdxl_pipe", "type": "PIPE_LINE_SDXL", "links": [8], "shape": 3, "slot_index": 0}, {"name": "model", "type": "MODEL", "links": [], "shape": 3, "slot_index": 1}, {"name": "positive", "type": "CONDITIONING", "links": [], "shape": 3, "slot_index": 2}, {"name": "negative", "type": "CONDITIONING", "links": [], "shape": 3, "slot_index": 3}, {"name": "vae", "type": "VAE", "links": [], "shape": 3, "slot_index": 4}, {"name": "clip", "type": "CLIP", "links": [], "shape": 3, "slot_index": 5}, {"name": "refiner_model", "type": "MODEL", "links": null, "shape": 3}, {"name": "refiner_positive", "type": "CONDITIONING", "links": null, "shape": 3}, {"name": "refiner_negative", "type": "CONDITIONING", "links": null, "shape": 3}, {"name": "refiner_vae", "type": "VAE", "links": null, "shape": 3}, {"name": "refiner_clip", "type": "CLIP", "links": null, "shape": 3}, {"name": "latent", "type": "LATENT", "links": [], "shape": 3, "slot_index": 11}, {"name": "seed", "type": "INT", "links": [10], "shape": 3, "slot_index": 12}], "properties": {"Node name for S&R": "ttN pipeLoaderSDXL"}, "widgets_values": ["bbbSDXL_bbbBetaV2.safetensors", "sdxl_vae.safetensors", "NsfwPovAllInOneLoraSdxl-000009.safetensors", 0.2, 1, "None", 1, 1, "sd_xl_refiner_1.0.safetensors", "sdxl_vae.safetensors", "FF.85.samaritan3dCartoon_v40SDXL.lora.safetensors", 0.52, 1, "None", 1, 1, -2, "A VOGUE poster of a sexy young latina girl with big boobs, big lips, septum ring, choker, lifting shirt, model, smooth skin, stunning, radiant, ethereal, glowing, shining, dramatic lighting, gorgeous, photoshoot, portrait, sexual, seductive, goddess, medusa, cleopatra, drop dead gorgeous, {demi rose | amber heard | kim kardashian | Scarlett Johansson | autumn falls | alexis texas | mia khalifa}, (NSFW:1.2), pornstar", "none", "comfy", "ugly, obese, old, bad contrast, big nipples, blonde, bad teeth, bucktooth", "none", "comfy", 1024, 1024, 8, 409758208906047, "fixed"]}, {"id": 16, "type": "PrimitiveNode", "pos": [1100, 350], "size": {"0": 210, "1": 80}, "flags": {}, "order": 1, "mode": 0, "outputs": [{"name": "INT", "type": "INT", "links": [55], "slot_index": 0, "widget": {"name": "seed", "config": ["INT", {"default": 0, "min": 0, "max": 18446744073709552000}]}}], "properties": {}, "widgets_values": [409758208906047, "fixed"]}, {"id": 7, "type": "ttN pipeKSamplerSDXL", "pos": [470, 70], "size": [530, 730], "flags": {}, "order": 3, "mode": 0, "inputs": [{"name": "sdxl_pipe", "type": "PIPE_LINE_SDXL", "link": 8}, {"name": "optional_model", "type": "MODEL", "link": null}, {"name": "optional_positive", "type": "CONDITIONING", "link": null}, {"name": "optional_negative", "type": "CONDITIONING", "link": null}, {"name": "optional_vae", "type": "VAE", "link": null}, {"name": "optional_refiner_model", "type": "MODEL", "link": null}, {"name": "optional_refiner_positive", "type": "CONDITIONING", "link": null}, {"name": "optional_refiner_negative", "type": "CONDITIONING", "link": null}, {"name": "optional_refiner_vae", "type": "VAE", "link": null}, {"name": "optional_latent", "type": "LATENT", "link": null}, {"name": "optional_clip", "type": "CLIP", "link": null}, {"name": "seed", "type": "INT", "link": 10, "widget": {"name": "seed", "config": ["INT", {"default": 0, "min": 0, "max": 18446744073709552000}]}}], "outputs": [{"name": "sdxl_pipe", "type": "PIPE_LINE_SDXL", "links": [], "shape": 3, "slot_index": 0}, {"name": "model", "type": "MODEL", "links": [76], "shape": 3, "slot_index": 1}, {"name": "positive", "type": "CONDITIONING", "links": [41], "shape": 3, "slot_index": 2}, {"name": "negative", "type": "CONDITIONING", "links": [42], "shape": 3, "slot_index": 3}, {"name": "vae", "type": "VAE", "links": [47], "shape": 3, "slot_index": 4}, {"name": "refiner_model", "type": "MODEL", "links": [74], "shape": 3, "slot_index": 5}, {"name": "refiner_positive", "type": "CONDITIONING", "links": [65], "shape": 3, "slot_index": 6}, {"name": "refiner_negative", "type": "CONDITIONING", "links": [66], "shape": 3, "slot_index": 7}, {"name": "refiner_vae", "type": "VAE", "links": [], "shape": 3, "slot_index": 8}, {"name": "latent", "type": "LATENT", "links": [48], "shape": 3, "slot_index": 9}, {"name": "clip", "type": "CLIP", "links": [], "shape": 3, "slot_index": 10}, {"name": "image", "type": "IMAGE", "links": [], "shape": 3, "slot_index": 11}, {"name": "seed", "type": "INT", "links": [44, 64], "shape": 3, "slot_index": 12}], "properties": {"Node name for S&R": "ttN pipeKSamplerSDXL", "ttNnodeVersion": "1.0.1"}, "widgets_values": ["None", 1.5, "disabled", "Sample", 25, 5, 6, "dpmpp_2m_sde", "karras", "Preview", "ComfyUI", 8196851651, "fixed"]}, {"id": 4, "type": "SaveImage", "pos": [2120, 80], "size": [650, 580], "flags": {}, "order": 8, "mode": 0, "inputs": [{"name": "images", "type": "IMAGE", "link": 46}], "properties": {}, "widgets_values": ["ComfyUI"]}], "links": [[6, 6, 0, 2, 0, "INT"], [7, 6, 1, 2, 1, "INT"], [8, 2, 0, 7, 0, "PIPE_LINE_SDXL"], [10, 2, 12, 7, 11, "INT"], [41, 7, 2, 11, 1, "CONDITIONING"], [42, 7, 3, 11, 2, "CONDITIONING"], [44, 7, 12, 11, 4, "INT"], [46, 12, 0, 4, 0, "IMAGE"], [47, 7, 4, 12, 1, "VAE"], [48, 7, 9, 13, 0, "LATENT"], [49, 13, 0, 11, 3, "LATENT"], [55, 16, 0, 2, 2, "INT"], [64, 7, 12, 20, 4, "INT"], [65, 7, 6, 20, 1, "CONDITIONING"], [66, 7, 7, 20, 2, "CONDITIONING"], [67, 11, 0, 20, 3, "LATENT"], [69, 20, 0, 12, 0, "LATENT"], [74, 7, 5, 20, 0, "MODEL"], [76, 7, 1, 11, 0, "MODEL"]], "groups": [], "config": {}, "extra": {}, "version": 0.4}