{"last_node_id": 27, "last_link_id": 63, "nodes": [{"id": 2, "type": "LoadImage", "pos": [-272, 318], "size": [315, 314], "flags": {}, "order": 0, "mode": 0, "outputs": [{"name": "IMAGE", "type": "IMAGE", "links": [12], "shape": 3, "slot_index": 0}, {"name": "MASK", "type": "MASK", "links": null, "shape": 3}], "properties": {"Node name for S&R": "LoadImage"}, "widgets_values": ["giant-squid-cartoon-colored-clipart-illustration-free-vector.jpg", "image"]}, {"id": 16, "type": "VAEDecode", "pos": [664, 98], "size": {"0": 210, "1": 46}, "flags": {}, "order": 13, "mode": 0, "inputs": [{"name": "samples", "type": "LATENT", "link": 24}, {"name": "vae", "type": "VAE", "link": 57, "slot_index": 1}], "outputs": [{"name": "IMAGE", "type": "IMAGE", "links": [25], "shape": 3, "slot_index": 0}], "properties": {"Node name for S&R": "VAEDecode"}}, {"id": 15, "type": "ImageUpscaleWithModel", "pos": [893, 91], "size": {"0": 241.79998779296875, "1": 46}, "flags": {}, "order": 14, "mode": 0, "inputs": [{"name": "upscale_model", "type": "UPSCALE_MODEL", "link": 22}, {"name": "image", "type": "IMAGE", "link": 25}], "outputs": [{"name": "IMAGE", "type": "IMAGE", "links": [27], "shape": 3, "slot_index": 0}], "properties": {"Node name for S&R": "ImageUpscaleWithModel"}}, {"id": 17, "type": "VAEEncode", "pos": [1156, 97], "size": {"0": 210, "1": 46}, "flags": {}, "order": 15, "mode": 0, "inputs": [{"name": "pixels", "type": "IMAGE", "link": 27}, {"name": "vae", "type": "VAE", "link": 56, "slot_index": 1}], "outputs": [{"name": "LATENT", "type": "LATENT", "links": [28], "shape": 3, "slot_index": 0}], "properties": {"Node name for S&R": "VAEEncode"}}, {"id": 3, "type": "VAEEncode", "pos": [251, 635], "size": {"0": 210, "1": 46}, "flags": {}, "order": 8, "mode": 0, "inputs": [{"name": "pixels", "type": "IMAGE", "link": 13}, {"name": "vae", "type": "VAE", "link": 2}], "outputs": [{"name": "LATENT", "type": "LATENT", "links": [], "shape": 3, "slot_index": 0}], "properties": {"Node name for S&R": "VAEEncode"}}, {"id": 9, "type": "ConstrainImage|pysssss", "pos": [-270, 675], "size": {"0": 315, "1": 154}, "flags": {}, "order": 6, "mode": 0, "inputs": [{"name": "images", "type": "IMAGE", "link": 12}], "outputs": [{"name": "IMAGE", "type": "IMAGE", "links": [13], "shape": 6, "slot_index": 0}], "properties": {"Node name for S&R": "ConstrainImage|pysssss"}, "widgets_values": [512, 512, 0, 0, "no"]}, {"id": 23, "type": "CLIPSetLastLayer", "pos": [-279, -52], "size": {"0": 315, "1": 58}, "flags": {}, "order": 7, "mode": 0, "inputs": [{"name": "clip", "type": "CLIP", "link": 43}], "outputs": [{"name": "CLIP", "type": "CLIP", "links": [44, 46], "shape": 3, "slot_index": 0}], "properties": {"Node name for S&R": "CLIPSetLastLayer"}, "widgets_values": [-2]}, {"id": 14, "type": "UpscaleModelLoader", "pos": [607, -21], "size": {"0": 315, "1": 58}, "flags": {}, "order": 1, "mode": 0, "outputs": [{"name": "UPSCALE_MODEL", "type": "UPSCALE_MODEL", "links": [22], "shape": 3, "slot_index": 0}], "properties": {"Node name for S&R": "UpscaleModelLoader"}, "widgets_values": ["2x-Bubble-AnimeScale-SwinIR-Small-v1.pth"]}, {"id": 10, "type": "EmptyLatentImage", "pos": [173, 751], "size": {"0": 315, "1": 106}, "flags": {}, "order": 2, "mode": 0, "outputs": [{"name": "LATENT", "type": "LATENT", "links": [48], "shape": 3, "slot_index": 0}], "properties": {"Node name for S&R": "EmptyLatentImage"}, "widgets_values": [512, 512, 1]}, {"id": 6, "type": "CLIPTextEncode", "pos": [185, 380], "size": {"0": 400, "1": 200}, "flags": {}, "order": 10, "mode": 0, "inputs": [{"name": "clip", "type": "CLIP", "link": 46}], "outputs": [{"name": "CONDITIONING", "type": "CONDITIONING", "links": [8, 54], "shape": 3, "slot_index": 0}], "properties": {"Node name for S&R": "CLIPTextEncode"}, "widgets_values": ["worm, boring, plain, worst quality, normal quality, low quality, low res, blurry, text, watermark, logo, banner, extra digits, cropped, jpeg artifacts, signature, username, error, sketch ,duplicate, ugly, monochrome, horror, geometry, mutation, disgusting, grainy, brush strokes, human, woman, man, person\n"]}, {"id": 25, "type": "VAELoader", "pos": [1231.0231216450013, -80.67301358517426], "size": {"0": 315, "1": 58}, "flags": {}, "order": 3, "mode": 0, "outputs": [{"name": "VAE", "type": "VAE", "links": [55, 56, 57], "shape": 3, "slot_index": 0}], "properties": {"Node name for S&R": "VAELoader"}, "widgets_values": ["vae-ft-mse-840000-ema-pruned.safetensors"]}, {"id": 21, "type": "LoraLoader", "pos": [225, -36], "size": {"0": 315, "1": 126}, "flags": {}, "order": 9, "mode": 0, "inputs": [{"name": "model", "type": "MODEL", "link": 35}, {"name": "clip", "type": "CLIP", "link": 44}], "outputs": [{"name": "MODEL", "type": "MODEL", "links": [37, 59], "shape": 3, "slot_index": 0}, {"name": "CLIP", "type": "CLIP", "links": [58], "shape": 3, "slot_index": 1}], "properties": {"Node name for S&R": "LoraLoader"}, "widgets_values": ["more_details.safetensors", 1, 1]}, {"id": 5, "type": "CLIPTextEncode", "pos": [181, 140], "size": {"0": 400, "1": 200}, "flags": {}, "order": 11, "mode": 0, "inputs": [{"name": "clip", "type": "CLIP", "link": 58}], "outputs": [{"name": "CONDITIONING", "type": "CONDITIONING", "links": [7, 60], "shape": 3, "slot_index": 0}], "properties": {"Node name for S&R": "CLIPTextEncode"}, "widgets_values": ["ethereal sea creature, iridescent, lavish, bioluminescent, glowing, radiant, god rays, detailed, intricate, spooky"]}, {"id": 4, "type": "CheckpointLoaderSimple", "pos": [-275, 172], "size": {"0": 315, "1": 98}, "flags": {}, "order": 4, "mode": 0, "outputs": [{"name": "MODEL", "type": "MODEL", "links": [35], "shape": 3, "slot_index": 0}, {"name": "CLIP", "type": "CLIP", "links": [43], "shape": 3, "slot_index": 1}, {"name": "VAE", "type": "VAE", "links": [2], "shape": 3, "slot_index": 2}], "properties": {"Node name for S&R": "CheckpointLoaderSimple"}, "widgets_values": ["aZovyaRPGArtistTools_v3VAE.safetensors"]}, {"id": 7, "type": "VAEDecode", "pos": [1416, 107], "size": {"0": 210, "1": 46}, "flags": {}, "order": 17, "mode": 0, "inputs": [{"name": "samples", "type": "LATENT", "link": 21}, {"name": "vae", "type": "VAE", "link": 55, "slot_index": 1}], "outputs": [{"name": "IMAGE", "type": "IMAGE", "links": [62], "shape": 3, "slot_index": 0}], "properties": {"Node name for S&R": "VAEDecode"}}, {"id": 26, "type": "ImageUpscaleWithModel", "pos": [1739, 19], "size": {"0": 241.79998779296875, "1": 46}, "flags": {}, "order": 18, "mode": 0, "inputs": [{"name": "upscale_model", "type": "UPSCALE_MODEL", "link": 61}, {"name": "image", "type": "IMAGE", "link": 62}], "outputs": [{"name": "IMAGE", "type": "IMAGE", "links": [63], "shape": 3, "slot_index": 0}], "properties": {"Node name for S&R": "ImageUpscaleWithModel"}}, {"id": 8, "type": "PreviewImage", "pos": [1372, 228], "size": [736.0294189453125, 745.3140129089356], "flags": {}, "order": 19, "mode": 0, "inputs": [{"name": "images", "type": "IMAGE", "link": 63}], "properties": {"Node name for S&R": "PreviewImage"}}, {"id": 27, "type": "UpscaleModelLoader", "pos": [1695, -97], "size": {"0": 315, "1": 58}, "flags": {}, "order": 5, "mode": 0, "outputs": [{"name": "UPSCALE_MODEL", "type": "UPSCALE_MODEL", "links": [61], "shape": 3, "slot_index": 0}], "properties": {"Node name for S&R": "UpscaleModelLoader"}, "widgets_values": ["4x-UltraSharp.pth"]}, {"id": 13, "type": "KSampler", "pos": [1008, 232], "size": [315, 474.00001525878906], "flags": {}, "order": 16, "mode": 0, "inputs": [{"name": "model", "type": "MODEL", "link": 37, "slot_index": 0}, {"name": "positive", "type": "CONDITIONING", "link": 60, "slot_index": 1}, {"name": "negative", "type": "CONDITIONING", "link": 54}, {"name": "latent_image", "type": "LATENT", "link": 28}], "outputs": [{"name": "LATENT", "type": "LATENT", "links": [21], "shape": 3, "slot_index": 0}], "properties": {"Node name for S&R": "KSampler"}, "widgets_values": [89468152, "fixed", 20, 8, "euler_ancestral", "normal", 0.5000000000000002]}, {"id": 1, "type": "KSampler", "pos": [623, 236], "size": [305.4416069716983, 474], "flags": {}, "order": 12, "mode": 0, "inputs": [{"name": "model", "type": "MODEL", "link": 59}, {"name": "positive", "type": "CONDITIONING", "link": 7}, {"name": "negative", "type": "CONDITIONING", "link": 8}, {"name": "latent_image", "type": "LATENT", "link": 48, "slot_index": 3}], "outputs": [{"name": "LATENT", "type": "LATENT", "links": [24], "shape": 3, "slot_index": 0}], "properties": {"Node name for S&R": "KSampler"}, "widgets_values": [954940885, "fixed", 30, 7.5, "euler_ancestral", "normal", 1]}], "links": [[2, 4, 2, 3, 1, "VAE"], [7, 5, 0, 1, 1, "CONDITIONING"], [8, 6, 0, 1, 2, "CONDITIONING"], [12, 2, 0, 9, 0, "IMAGE"], [13, 9, 0, 3, 0, "IMAGE"], [21, 13, 0, 7, 0, "LATENT"], [22, 14, 0, 15, 0, "UPSCALE_MODEL"], [24, 1, 0, 16, 0, "LATENT"], [25, 16, 0, 15, 1, "IMAGE"], [27, 15, 0, 17, 0, "IMAGE"], [28, 17, 0, 13, 3, "LATENT"], [35, 4, 0, 21, 0, "MODEL"], [37, 21, 0, 13, 0, "MODEL"], [43, 4, 1, 23, 0, "CLIP"], [44, 23, 0, 21, 1, "CLIP"], [46, 23, 0, 6, 0, "CLIP"], [48, 10, 0, 1, 3, "LATENT"], [54, 6, 0, 13, 2, "CONDITIONING"], [55, 25, 0, 7, 1, "VAE"], [56, 25, 0, 17, 1, "VAE"], [57, 25, 0, 16, 1, "VAE"], [58, 21, 1, 5, 0, "CLIP"], [59, 21, 0, 1, 0, "MODEL"], [60, 5, 0, 13, 1, "CONDITIONING"], [61, 27, 0, 26, 0, "UPSCALE_MODEL"], [62, 7, 0, 26, 1, "IMAGE"], [63, 26, 0, 8, 0, "IMAGE"]], "groups": [], "config": {}, "extra": {}, "version": 0.4}