{"last_node_id": 9, "last_link_id": 18, "nodes": [{"id": 6, "type": "VAEDecode", "pos": [620, -40], "size": {"0": 210, "1": 46}, "flags": {}, "order": 7, "mode": 0, "inputs": [{"name": "samples", "type": "LATENT", "link": 7}, {"name": "vae", "type": "VAE", "link": 9, "slot_index": 1}], "outputs": [{"name": "IMAGE", "type": "IMAGE", "links": [8], "shape": 3, "slot_index": 0}], "properties": {"Node name for S&R": "VAEDecode"}}, {"id": 7, "type": "SaveImage", "pos": [845, -41], "size": {"0": 748.1336059570312, "1": 800.0761108398438}, "flags": {}, "order": 8, "mode": 0, "inputs": [{"name": "images", "type": "IMAGE", "link": 8}], "properties": {}, "widgets_values": ["ComfyUI"]}, {"id": 5, "type": "EmptyLatentImage", "pos": [-282, 195], "size": {"0": 315, "1": 106}, "flags": {}, "order": 0, "mode": 0, "outputs": [{"name": "LATENT", "type": "LATENT", "links": [6], "shape": 3}], "properties": {"Node name for S&R": "EmptyLatentImage"}, "widgets_values": [1024, 1024, 1]}, {"id": 8, "type": "LoraLoader", "pos": [-291, 24], "size": {"0": 315, "1": 126}, "flags": {}, "order": 3, "mode": 0, "inputs": [{"name": "model", "type": "MODEL", "link": 17}, {"name": "clip", "type": "CLIP", "link": 18}], "outputs": [{"name": "MODEL", "type": "MODEL", "links": [12], "shape": 3}, {"name": "CLIP", "type": "CLIP", "links": [13, 14], "shape": 3}], "properties": {"Node name for S&R": "LoraLoader"}, "widgets_values": ["NsfwPovAllInOneLoraSdxl-000009.safetensors", 0.6, 1]}, {"id": 4, "type": "CLIPTextEncode", "pos": [80, 280], "size": {"0": 400, "1": 200}, "flags": {}, "order": 5, "mode": 0, "inputs": [{"name": "clip", "type": "CLIP", "link": 14}], "outputs": [{"name": "CONDITIONING", "type": "CONDITIONING", "links": [4], "shape": 3, "slot_index": 0}], "properties": {"Node name for S&R": "CLIPTextEncode"}, "widgets_values": ["old, nerdy, ugly, obese, alien, grandma, wrinkles"]}, {"id": 9, "type": "LoraLoader", "pos": [-641, 19], "size": {"0": 315, "1": 126}, "flags": {}, "order": 2, "mode": 0, "inputs": [{"name": "model", "type": "MODEL", "link": 15}, {"name": "clip", "type": "CLIP", "link": 16}], "outputs": [{"name": "MODEL", "type": "MODEL", "links": [17], "shape": 3}, {"name": "CLIP", "type": "CLIP", "links": [18], "shape": 3}], "properties": {"Node name for S&R": "LoraLoader"}, "widgets_values": ["sdxl-creampie-v02-e92.safetensors", 0.6, 1]}, {"id": 1, "type": "CheckpointLoaderSimple", "pos": [-1006, 19], "size": {"0": 315, "1": 98}, "flags": {}, "order": 1, "mode": 0, "outputs": [{"name": "MODEL", "type": "MODEL", "links": [15], "shape": 3, "slot_index": 0}, {"name": "CLIP", "type": "CLIP", "links": [16], "shape": 3, "slot_index": 1}, {"name": "VAE", "type": "VAE", "links": [9], "shape": 3}], "properties": {"Node name for S&R": "CheckpointLoaderSimple"}, "widgets_values": ["serenexl_v15.safetensors"]}, {"id": 3, "type": "CLIPTextEncode", "pos": [70, 40], "size": {"0": 400, "1": 200}, "flags": {}, "order": 4, "mode": 0, "inputs": [{"name": "clip", "type": "CLIP", "link": 13}], "outputs": [{"name": "CONDITIONING", "type": "CONDITIONING", "links": [5], "shape": 3, "slot_index": 0}], "properties": {"Node name for S&R": "CLIPTextEncode"}, "widgets_values": ["hentai portrait from behind of sexy velma pornstar with a big ass riding a big dick reversecowgirl. \n\n(creampie, POVD. film photography style, spotlight, dramatic, tongue out, wide open mouth. beautiful face, vixen, latina model, columbiana, seductive eyes, sexy eyes, big lips:0.7)"]}, {"id": 2, "type": "KSamplerAdvanced", "pos": [510, 50], "size": {"0": 315, "1": 546}, "flags": {}, "order": 6, "mode": 0, "inputs": [{"name": "model", "type": "MODEL", "link": 12}, {"name": "positive", "type": "CONDITIONING", "link": 5}, {"name": "negative", "type": "CONDITIONING", "link": 4}, {"name": "latent_image", "type": "LATENT", "link": 6, "slot_index": 3}], "outputs": [{"name": "LATENT", "type": "LATENT", "links": [7], "shape": 3, "slot_index": 0}], "properties": {"Node name for S&R": "KSamplerAdvanced"}, "widgets_values": ["enable", 528500513833427, "fixed", 50, 5, "dpmpp_3m_sde_gpu", "karras", 0, 10000, "disable"]}], "links": [[4, 4, 0, 2, 2, "CONDITIONING"], [5, 3, 0, 2, 1, "CONDITIONING"], [6, 5, 0, 2, 3, "LATENT"], [7, 2, 0, 6, 0, "LATENT"], [8, 6, 0, 7, 0, "IMAGE"], [9, 1, 2, 6, 1, "VAE"], [12, 8, 0, 2, 0, "MODEL"], [13, 8, 1, 3, 0, "CLIP"], [14, 8, 1, 4, 0, "CLIP"], [15, 1, 0, 9, 0, "MODEL"], [16, 1, 1, 9, 1, "CLIP"], [17, 9, 0, 8, 0, "MODEL"], [18, 9, 1, 8, 1, "CLIP"]], "groups": [], "config": {}, "extra": {}, "version": 0.4}