{"last_node_id": 24, "last_link_id": 26, "nodes": [{"id": 21, "type": "ImageUpscaleWithModel", "pos": [617, 259], "size": {"0": 241.79998779296875, "1": 46}, "flags": {}, "order": 3, "mode": 0, "inputs": [{"name": "upscale_model", "type": "UPSCALE_MODEL", "link": 22, "slot_index": 0}, {"name": "image", "type": "IMAGE", "link": 21}], "outputs": [{"name": "IMAGE", "type": "IMAGE", "links": [23], "shape": 3, "slot_index": 0}], "properties": {"Node name for S&R": "ImageUpscaleWithModel"}}, {"id": 23, "type": "VAEEncode", "pos": [626, 354], "size": {"0": 210, "1": 46}, "flags": {}, "order": 4, "mode": 0, "inputs": [{"name": "pixels", "type": "IMAGE", "link": 23}, {"name": "vae", "type": "VAE", "link": 25, "slot_index": 1}], "outputs": [{"name": "LATENT", "type": "LATENT", "links": [26], "shape": 3, "slot_index": 0}], "properties": {"Node name for S&R": "VAEEncode"}}, {"id": 13, "type": "ttN pipeKSamplerAdvanced", "pos": [890, 58], "size": [330, 838], "flags": {}, "order": 5, "mode": 0, "inputs": [{"name": "pipe", "type": "PIPE_LINE", "link": 15}, {"name": "optional_model", "type": "MODEL", "link": null}, {"name": "optional_positive", "type": "CONDITIONING", "link": null}, {"name": "optional_negative", "type": "CONDITIONING", "link": null}, {"name": "optional_latent", "type": "LATENT", "link": 26}, {"name": "optional_vae", "type": "VAE", "link": null}, {"name": "optional_clip", "type": "CLIP", "link": null}, {"name": "xyPlot", "type": "XYPLOT", "link": null}], "outputs": [{"name": "pipe", "type": "PIPE_LINE", "links": null, "shape": 3}, {"name": "model", "type": "MODEL", "links": null, "shape": 3}, {"name": "positive", "type": "CONDITIONING", "links": null, "shape": 3}, {"name": "negative", "type": "CONDITIONING", "links": null, "shape": 3}, {"name": "latent", "type": "LATENT", "links": null, "shape": 3}, {"name": "vae", "type": "VAE", "links": null, "shape": 3}, {"name": "clip", "type": "CLIP", "links": null, "shape": 3}, {"name": "image", "type": "IMAGE", "links": [16], "shape": 3, "slot_index": 7}, {"name": "seed", "type": "INT", "links": null, "shape": 3}], "properties": {"Node name for S&R": "ttN pipeKSamplerAdvanced", "ttNnodeVersion": "1.0.4"}, "widgets_values": ["add_detail.safetensors", 1, 1, "None", 2, "disabled", "Sample", "enable", 25, 8.5, "euler_ancestral", "normal", 12, 50, "disable", "Preview", "ComfyUI", 304, "fixed"]}, {"id": 22, "type": "UpscaleModelLoader", "pos": [568, 159], "size": {"0": 315, "1": 58}, "flags": {}, "order": 0, "mode": 0, "outputs": [{"name": "UPSCALE_MODEL", "type": "UPSCALE_MODEL", "links": [22], "shape": 3}], "properties": {"Node name for S&R": "UpscaleModelLoader"}, "widgets_values": ["2x-Bubble-AnimeScale-SwinIR-Small-v1.pth"]}, {"id": 16, "type": "SaveImage", "pos": [1233, 97], "size": [501.4797058105469, 804.487060546875], "flags": {}, "order": 6, "mode": 0, "inputs": [{"name": "images", "type": "IMAGE", "link": 16}], "properties": {}, "widgets_values": ["ComfyUI"]}, {"id": 3, "type": "ttN pipeKSamplerAdvanced", "pos": [235, 70], "size": [330, 838], "flags": {}, "order": 2, "mode": 0, "inputs": [{"name": "pipe", "type": "PIPE_LINE", "link": 1}, {"name": "optional_model", "type": "MODEL", "link": null}, {"name": "optional_positive", "type": "CONDITIONING", "link": null}, {"name": "optional_negative", "type": "CONDITIONING", "link": null}, {"name": "optional_latent", "type": "LATENT", "link": null}, {"name": "optional_vae", "type": "VAE", "link": null}, {"name": "optional_clip", "type": "CLIP", "link": null}, {"name": "xyPlot", "type": "XYPLOT", "link": null}], "outputs": [{"name": "pipe", "type": "PIPE_LINE", "links": [15], "shape": 3, "slot_index": 0}, {"name": "model", "type": "MODEL", "links": null, "shape": 3}, {"name": "positive", "type": "CONDITIONING", "links": null, "shape": 3}, {"name": "negative", "type": "CONDITIONING", "links": null, "shape": 3}, {"name": "latent", "type": "LATENT", "links": null, "shape": 3, "slot_index": 4}, {"name": "vae", "type": "VAE", "links": [25], "shape": 3, "slot_index": 5}, {"name": "clip", "type": "CLIP", "links": null, "shape": 3}, {"name": "image", "type": "IMAGE", "links": [21], "shape": 3, "slot_index": 7}, {"name": "seed", "type": "INT", "links": null, "shape": 3}], "properties": {"Node name for S&R": "ttN pipeKSamplerAdvanced", "ttNnodeVersion": "1.0.4"}, "widgets_values": ["cardib.safetensors", 1, 1, "None", 0.4, "disabled", "Sample", "enable", 40, 8, "euler_ancestral", "normal", 0, 100, "disable", "Preview", "ComfyUI", 308, "fixed"]}, {"id": 2, "type": "ttN pipeLoader", "pos": [-185, 106], "size": [400, 726], "flags": {}, "order": 1, "mode": 0, "inputs": [{"name": "optional_clip", "type": "CLIP", "link": null}], "outputs": [{"name": "pipe", "type": "PIPE_LINE", "links": [1], "shape": 3, "slot_index": 0}, {"name": "model", "type": "MODEL", "links": null, "shape": 3, "slot_index": 1}, {"name": "positive", "type": "CONDITIONING", "links": null, "shape": 3}, {"name": "negative", "type": "CONDITIONING", "links": null, "shape": 3}, {"name": "latent", "type": "LATENT", "links": null, "shape": 3}, {"name": "vae", "type": "VAE", "links": null, "shape": 3}, {"name": "clip", "type": "CLIP", "links": null, "shape": 3}, {"name": "seed", "type": "INT", "links": null, "shape": 3}], "properties": {"Node name for S&R": "ttN pipeLoader", "ttNnodeVersion": "1.0.3"}, "widgets_values": ["xxmix9realistic_v40.safetensors", "vae-ft-mse-840000-ema-pruned.safetensors", -1, "None", 1, 1, "None", 1, 1, "None", 1, 1, "sexy cardib in a thong, big ass, stone walls, raw, nikon, photo", "none", "comfy", "embedding:negative_hand-neg.pt, ugly, tiling, poorly drawn hands, poorly drawn feet, poorly drawn face, out of frame, extra limbs, disfigured, deformed, body out of frame, bad anatomy, watermark, signature, cut off, low contrast, underexposed, overexposed", "mean", "comfy", 512, 768, 1, 157, "fixed"]}], "links": [[1, 2, 0, 3, 0, "PIPE_LINE"], [15, 3, 0, 13, 0, "PIPE_LINE"], [16, 13, 7, 16, 0, "IMAGE"], [21, 3, 7, 21, 1, "IMAGE"], [22, 22, 0, 21, 0, "UPSCALE_MODEL"], [23, 21, 0, 23, 0, "IMAGE"], [25, 3, 5, 23, 1, "VAE"], [26, 23, 0, 13, 4, "LATENT"]], "groups": [], "config": {}, "extra": {}, "version": 0.4}