{"last_node_id": 30, "last_link_id": 66, "nodes": [{"id": 13, "type": "LoraLoader", "pos": [190, 430], "size": {"0": 315, "1": 126}, "flags": {}, "order": 4, "mode": 4, "inputs": [{"name": "model", "type": "MODEL", "link": 22}, {"name": "clip", "type": "CLIP", "link": 47}], "outputs": [{"name": "MODEL", "type": "MODEL", "links": [33], "shape": 3}, {"name": "CLIP", "type": "CLIP", "links": [34], "shape": 3}], "properties": {"Node name for S&R": "LoraLoader"}, "widgets_values": ["add_detail.safetensors", 1, 1]}, {"id": 16, "type": "VAEDecode", "pos": [2440, -110], "size": {"0": 210, "1": 46}, "flags": {}, "order": 15, "mode": 0, "inputs": [{"name": "samples", "type": "LATENT", "link": 42}, {"name": "vae", "type": "VAE", "link": 30}], "outputs": [{"name": "IMAGE", "type": "IMAGE", "links": [31], "shape": 3, "slot_index": 0}], "properties": {"Node name for S&R": "VAEDecode"}}, {"id": 19, "type": "LoraLoader", "pos": [190, 600], "size": {"0": 315, "1": 126}, "flags": {}, "order": 8, "mode": 4, "inputs": [{"name": "model", "type": "MODEL", "link": 33}, {"name": "clip", "type": "CLIP", "link": 34}], "outputs": [{"name": "MODEL", "type": "MODEL", "links": [35], "shape": 3}, {"name": "CLIP", "type": "CLIP", "links": null, "shape": 3}], "properties": {"Node name for S&R": "LoraLoader"}, "widgets_values": ["more_details.safetensors", 1, 1]}, {"id": 8, "type": "CheckpointLoaderSimple", "pos": [-260, 110], "size": {"0": 315, "1": 98}, "flags": {}, "order": 0, "mode": 0, "outputs": [{"name": "MODEL", "type": "MODEL", "links": [22, 41, 55], "shape": 3, "slot_index": 0}, {"name": "CLIP", "type": "CLIP", "links": [46], "shape": 3, "slot_index": 1}, {"name": "VAE", "type": "VAE", "links": [30], "shape": 3, "slot_index": 2}], "properties": {"Node name for S&R": "CheckpointLoaderSimple"}, "widgets_values": ["aZovyaRPGArtistTools_v3VAE.safetensors"]}, {"id": 24, "type": "CLIPSetLastLayer", "pos": [-260, 250], "size": {"0": 315, "1": 58}, "flags": {}, "order": 3, "mode": 0, "inputs": [{"name": "clip", "type": "CLIP", "link": 46}], "outputs": [{"name": "CLIP", "type": "CLIP", "links": [47, 48, 49, 58], "shape": 3, "slot_index": 0}], "properties": {"Node name for S&R": "CLIPSetLastLayer"}, "widgets_values": [-2]}, {"id": 15, "type": "CLIPTextEncode", "pos": [140, 180], "size": {"0": 400, "1": 200}, "flags": {}, "order": 6, "mode": 0, "inputs": [{"name": "clip", "type": "CLIP", "link": 49}], "outputs": [{"name": "CONDITIONING", "type": "CONDITIONING", "links": [28, 40, 59], "shape": 3, "slot_index": 0}], "properties": {"Node name for S&R": "CLIPTextEncode"}, "widgets_values": ["ugly, bad quality, low quality"]}, {"id": 21, "type": "KSamplerAdvanced", "pos": [2000, 20], "size": {"0": 320, "1": 550}, "flags": {}, "order": 14, "mode": 0, "inputs": [{"name": "model", "type": "MODEL", "link": 41}, {"name": "positive", "type": "CONDITIONING", "link": 66}, {"name": "negative", "type": "CONDITIONING", "link": 40}, {"name": "latent_image", "type": "LATENT", "link": 52, "slot_index": 3}], "outputs": [{"name": "LATENT", "type": "LATENT", "links": [42], "shape": 3, "slot_index": 0}], "properties": {"Node name for S&R": "KSamplerAdvanced"}, "widgets_values": ["disable", 210322952490926, "fixed", 25, 8, "euler_ancestral", "normal", 10, 109, "disable"]}, {"id": 17, "type": "SaveImage", "pos": [2420, 30], "size": {"0": 690, "1": 740}, "flags": {}, "order": 16, "mode": 0, "inputs": [{"name": "images", "type": "IMAGE", "link": 31}], "properties": {}, "widgets_values": ["ComfyUI"]}, {"id": 20, "type": "LatentUpscaleBy", "pos": [1480, 250], "size": {"0": 315, "1": 82}, "flags": {}, "order": 13, "mode": 0, "inputs": [{"name": "samples", "type": "LATENT", "link": 51}], "outputs": [{"name": "LATENT", "type": "LATENT", "links": [52], "shape": 3, "slot_index": 0}], "properties": {"Node name for S&R": "LatentUpscaleBy"}, "widgets_values": ["area", 1.5]}, {"id": 25, "type": "LatentComposite", "pos": [1110, 250], "size": {"0": 315, "1": 126}, "flags": {}, "order": 12, "mode": 0, "inputs": [{"name": "samples_to", "type": "LATENT", "link": 54}, {"name": "samples_from", "type": "LATENT", "link": 53}], "outputs": [{"name": "LATENT", "type": "LATENT", "links": [51], "shape": 3, "slot_index": 0}], "properties": {"Node name for S&R": "LatentComposite"}, "widgets_values": [464, 168, 16]}, {"id": 14, "type": "CLIPTextEncode", "pos": [140, -60], "size": {"0": 400, "1": 200}, "flags": {}, "order": 5, "mode": 0, "inputs": [{"name": "clip", "type": "CLIP", "link": 48}], "outputs": [{"name": "CONDITIONING", "type": "CONDITIONING", "links": [27, 60], "shape": 3, "slot_index": 0}], "properties": {"Node name for S&R": "CLIPTextEncode"}, "widgets_values": ["a cat sleeping in the grass"]}, {"id": 26, "type": "CLIPTextEncode", "pos": [150, 800], "size": {"0": 400, "1": 200}, "flags": {}, "order": 7, "mode": 0, "inputs": [{"name": "clip", "type": "CLIP", "link": 58}], "outputs": [{"name": "CONDITIONING", "type": "CONDITIONING", "links": [57, 61], "shape": 3, "slot_index": 0}], "properties": {"Node name for S&R": "CLIPTextEncode"}, "widgets_values": ["grassy plain"]}, {"id": 29, "type": "ConditioningCombine", "pos": [1380, -70], "size": {"0": 342.5999755859375, "1": 46}, "flags": {}, "order": 10, "mode": 0, "inputs": [{"name": "conditioning_1", "type": "CONDITIONING", "link": 60}, {"name": "conditioning_2", "type": "CONDITIONING", "link": 61}], "outputs": [{"name": "CONDITIONING", "type": "CONDITIONING", "links": [66], "shape": 3, "slot_index": 0}], "properties": {"Node name for S&R": "ConditioningCombine"}}, {"id": 18, "type": "EmptyLatentImage", "pos": [-270, 370], "size": {"0": 315, "1": 106}, "flags": {}, "order": 1, "mode": 0, "outputs": [{"name": "LATENT", "type": "LATENT", "links": [32], "shape": 3, "slot_index": 0}], "properties": {"Node name for S&R": "EmptyLatentImage"}, "widgets_values": [512, 512, 1]}, {"id": 28, "type": "EmptyLatentImage", "pos": [-280, 600], "size": {"0": 315, "1": 106}, "flags": {}, "order": 2, "mode": 0, "outputs": [{"name": "LATENT", "type": "LATENT", "links": [56], "shape": 3, "slot_index": 0}], "properties": {"Node name for S&R": "EmptyLatentImage"}, "widgets_values": [1024, 768, 1]}, {"id": 27, "type": "KSamplerAdvanced", "pos": [620, 590], "size": {"0": 320, "1": 550}, "flags": {}, "order": 9, "mode": 0, "inputs": [{"name": "model", "type": "MODEL", "link": 55}, {"name": "positive", "type": "CONDITIONING", "link": 57}, {"name": "negative", "type": "CONDITIONING", "link": 59}, {"name": "latent_image", "type": "LATENT", "link": 56, "slot_index": 3}], "outputs": [{"name": "LATENT", "type": "LATENT", "links": [54], "shape": 3, "slot_index": 0}], "properties": {"Node name for S&R": "KSamplerAdvanced"}, "widgets_values": ["enable", 210322952490926, "fixed", 25, 8, "euler_ancestral", "normal", 0, 10, "enable"]}, {"id": 9, "type": "KSamplerAdvanced", "pos": [610, -20], "size": {"0": 320, "1": 550}, "flags": {}, "order": 11, "mode": 0, "inputs": [{"name": "model", "type": "MODEL", "link": 35}, {"name": "positive", "type": "CONDITIONING", "link": 27}, {"name": "negative", "type": "CONDITIONING", "link": 28}, {"name": "latent_image", "type": "LATENT", "link": 32, "slot_index": 3}], "outputs": [{"name": "LATENT", "type": "LATENT", "links": [53], "shape": 3, "slot_index": 0}], "properties": {"Node name for S&R": "KSamplerAdvanced"}, "widgets_values": ["enable", 210322952490926, "fixed", 25, 8, "euler_ancestral", "normal", 0, 10, "enable"]}], "links": [[22, 8, 0, 13, 0, "MODEL"], [27, 14, 0, 9, 1, "CONDITIONING"], [28, 15, 0, 9, 2, "CONDITIONING"], [30, 8, 2, 16, 1, "VAE"], [31, 16, 0, 17, 0, "IMAGE"], [32, 18, 0, 9, 3, "LATENT"], [33, 13, 0, 19, 0, "MODEL"], [34, 13, 1, 19, 1, "CLIP"], [35, 19, 0, 9, 0, "MODEL"], [40, 15, 0, 21, 2, "CONDITIONING"], [41, 8, 0, 21, 0, "MODEL"], [42, 21, 0, 16, 0, "LATENT"], [46, 8, 1, 24, 0, "CLIP"], [47, 24, 0, 13, 1, "CLIP"], [48, 24, 0, 14, 0, "CLIP"], [49, 24, 0, 15, 0, "CLIP"], [51, 25, 0, 20, 0, "LATENT"], [52, 20, 0, 21, 3, "LATENT"], [53, 9, 0, 25, 1, "LATENT"], [54, 27, 0, 25, 0, "LATENT"], [55, 8, 0, 27, 0, "MODEL"], [56, 28, 0, 27, 3, "LATENT"], [57, 26, 0, 27, 1, "CONDITIONING"], [58, 24, 0, 26, 0, "CLIP"], [59, 15, 0, 27, 2, "CONDITIONING"], [60, 14, 0, 29, 0, "CONDITIONING"], [61, 26, 0, 29, 1, "CONDITIONING"], [66, 29, 0, 21, 1, "CONDITIONING"]], "groups": [], "config": {}, "extra": {}, "version": 0.4}