{"last_node_id": 35, "last_link_id": 73, "nodes": [{"id": 4, "type": "ttN pipeLoader", "pos": [40, 850], "size": {"0": 400, "1": 726}, "flags": {}, "order": 0, "mode": 0, "inputs": [{"name": "optional_clip", "type": "CLIP", "link": null}], "outputs": [{"name": "pipe", "type": "PIPE_LINE", "links": [3], "shape": 3, "slot_index": 0}, {"name": "model", "type": "MODEL", "links": null, "shape": 3}, {"name": "positive", "type": "CONDITIONING", "links": null, "shape": 3}, {"name": "negative", "type": "CONDITIONING", "links": null, "shape": 3}, {"name": "latent", "type": "LATENT", "links": null, "shape": 3}, {"name": "vae", "type": "VAE", "links": [34], "shape": 3}, {"name": "clip", "type": "CLIP", "links": null, "shape": 3}, {"name": "seed", "type": "INT", "links": null, "shape": 3}], "properties": {"Node name for S&R": "ttN pipeLoader", "ttNnodeVersion": "1.0.3"}, "widgets_values": ["dreamshaper_8.safetensors", "Baked VAE", -2, "None", 1, 1, "None", 1, 1, "None", 1, 1, "a rocky planet in space, saturn, asteroids, deep space, saturns rings, photo, detailed, sharp focus, (embedding:style-nebmagic:0.65), craters, moon, (glowing dwarf star:1.25)", "none", "comfy", "(embedding:bad_prompt_version2-neg.pt:0.85), (grainy:1.3), embedding:style-nebmagic-neg, (swirls:1.1)", "none", "comfy", 512, 512, 1, 0, "fixed"]}, {"id": 1, "type": "ttN pipeLoader", "pos": [50, 50], "size": {"0": 400, "1": 726}, "flags": {}, "order": 1, "mode": 0, "inputs": [{"name": "optional_clip", "type": "CLIP", "link": null}], "outputs": [{"name": "pipe", "type": "PIPE_LINE", "links": [1], "shape": 3, "slot_index": 0}, {"name": "model", "type": "MODEL", "links": null, "shape": 3}, {"name": "positive", "type": "CONDITIONING", "links": null, "shape": 3}, {"name": "negative", "type": "CONDITIONING", "links": null, "shape": 3}, {"name": "latent", "type": "LATENT", "links": null, "shape": 3}, {"name": "vae", "type": "VAE", "links": null, "shape": 3}, {"name": "clip", "type": "CLIP", "links": null, "shape": 3}, {"name": "seed", "type": "INT", "links": null, "shape": 3}], "properties": {"Node name for S&R": "ttN pipeLoader", "ttNnodeVersion": "1.0.3"}, "widgets_values": ["deepSpaceDiffusion_v1.ckpt", "Baked VAE", -2, "None", 1, 1, "None", 1, 1, "None", 1, 1, "JWST Nebula clouds, glowing, darkness, photo, wide shot, cinematic, 4K, (colorful:1.35), closeup detail, huge curves, clouds of dust", "none", "comfy", "(embedding:bad_prompt_version2-neg.pt:0.85), (grainy:1.3), embedding:style-nebmagic-neg, (red:1.5)", "none", "comfy", 768, 512, 1, 0, "fixed"]}, {"id": 16, "type": "ConstrainImage|pysssss", "pos": [-550, 670], "size": {"0": 315, "1": 154}, "flags": {}, "order": 5, "mode": 0, "inputs": [{"name": "images", "type": "IMAGE", "link": 27}], "outputs": [{"name": "IMAGE", "type": "IMAGE", "links": [33], "shape": 6, "slot_index": 0}], "properties": {"Node name for S&R": "ConstrainImage|pysssss"}, "widgets_values": [512, 512, 0, 0, "no"]}, {"id": 9, "type": "LatentUpscaleBy", "pos": [1640, 640], "size": {"0": 315, "1": 82}, "flags": {}, "order": 16, "mode": 0, "inputs": [{"name": "samples", "type": "LATENT", "link": 22}], "outputs": [{"name": "LATENT", "type": "LATENT", "links": [23], "shape": 3, "slot_index": 0}], "properties": {"Node name for S&R": "LatentUpscaleBy"}, "widgets_values": ["nearest-exact", 1.5]}, {"id": 19, "type": "VAEEncodeForInpaint", "pos": [-360, 890], "size": {"0": 315, "1": 98}, "flags": {}, "order": 8, "mode": 0, "inputs": [{"name": "pixels", "type": "IMAGE", "link": 33}, {"name": "vae", "type": "VAE", "link": 34, "slot_index": 1}, {"name": "mask", "type": "MASK", "link": 38}], "outputs": [{"name": "LATENT", "type": "LATENT", "links": [35], "shape": 3, "slot_index": 0}], "properties": {"Node name for S&R": "VAEEncodeForInpaint"}, "widgets_values": [10]}, {"id": 27, "type": "UpscaleModelLoader", "pos": [2000, 510], "size": {"0": 315, "1": 58}, "flags": {}, "order": 2, "mode": 0, "outputs": [{"name": "UPSCALE_MODEL", "type": "UPSCALE_MODEL", "links": [50], "shape": 3, "slot_index": 0}], "properties": {"Node name for S&R": "UpscaleModelLoader"}, "widgets_values": ["2x-Bubble-AnimeScale-SwinIR-Small-v1.pth"]}, {"id": 26, "type": "InvertMask", "pos": [860, 1060], "size": {"0": 210, "1": 26}, "flags": {}, "order": 9, "mode": 0, "inputs": [{"name": "mask", "type": "MASK", "link": 48}], "outputs": [{"name": "MASK", "type": "MASK", "links": [57, 58], "shape": 3, "slot_index": 0}], "properties": {"Node name for S&R": "InvertMask"}}, {"id": 30, "type": "MaskToImage", "pos": [900, 1140], "size": {"0": 210, "1": 26}, "flags": {}, "order": 11, "mode": 0, "inputs": [{"name": "mask", "type": "MASK", "link": 58}], "outputs": [{"name": "IMAGE", "type": "IMAGE", "links": [56], "shape": 3, "slot_index": 0}], "properties": {"Node name for S&R": "MaskToImage"}}, {"id": 31, "type": "PreviewImage", "pos": [900, 1210], "size": [210, 250], "flags": {}, "order": 14, "mode": 0, "inputs": [{"name": "images", "type": "IMAGE", "link": 56}], "properties": {"Node name for S&R": "PreviewImage"}}, {"id": 33, "type": "CLIPTextEncode", "pos": [1130, 310], "size": {"0": 400, "1": 200}, "flags": {}, "order": 17, "mode": 0, "inputs": [{"name": "clip", "type": "CLIP", "link": 65}], "outputs": [{"name": "CONDITIONING", "type": "CONDITIONING", "links": [66], "shape": 3, "slot_index": 0}], "properties": {"Node name for S&R": "CLIPTextEncode"}, "widgets_values": ["intricate, high quality, detail, RAW, stars, starry, aurora, black holes, atmosphere, from space, embedding:style-nebmagic"]}, {"id": 8, "type": "ttN pipeKSamplerAdvanced", "pos": [1260, 630], "size": [330, 790], "flags": {}, "order": 15, "mode": 0, "inputs": [{"name": "pipe", "type": "PIPE_LINE", "link": 60}, {"name": "optional_model", "type": "MODEL", "link": null}, {"name": "optional_positive", "type": "CONDITIONING", "link": 31}, {"name": "optional_negative", "type": "CONDITIONING", "link": null}, {"name": "optional_latent", "type": "LATENT", "link": 42}, {"name": "optional_vae", "type": "VAE", "link": null}, {"name": "optional_clip", "type": "CLIP", "link": null}, {"name": "xyPlot", "type": "XYPLOT", "link": null}], "outputs": [{"name": "pipe", "type": "PIPE_LINE", "links": [20], "shape": 3, "slot_index": 0}, {"name": "model", "type": "MODEL", "links": null, "shape": 3}, {"name": "positive", "type": "CONDITIONING", "links": [68], "shape": 3, "slot_index": 2}, {"name": "negative", "type": "CONDITIONING", "links": null, "shape": 3}, {"name": "latent", "type": "LATENT", "links": [22], "shape": 3, "slot_index": 4}, {"name": "vae", "type": "VAE", "links": null, "shape": 3}, {"name": "clip", "type": "CLIP", "links": [65], "shape": 3, "slot_index": 6}, {"name": "image", "type": "IMAGE", "links": [], "shape": 3, "slot_index": 7}, {"name": "seed", "type": "INT", "links": null, "shape": 3}], "properties": {"Node name for S&R": "ttN pipeKSamplerAdvanced", "ttNnodeVersion": "1.0.4"}, "widgets_values": ["None", 1, 1, "None", 2, "disabled", "Sample", "disable", 25, 8, "euler_ancestral", "normal", 10, 10000, "disable", "Preview", "ComfyUI", 409689040289155, "fixed"]}, {"id": 34, "type": "ConditioningAverage ", "pos": [1580, 410], "size": {"0": 380.4000244140625, "1": 78}, "flags": {}, "order": 18, "mode": 0, "inputs": [{"name": "conditioning_to", "type": "CONDITIONING", "link": 66}, {"name": "conditioning_from", "type": "CONDITIONING", "link": 68}], "outputs": [{"name": "CONDITIONING", "type": "CONDITIONING", "links": [67], "shape": 3, "slot_index": 0}], "properties": {"Node name for S&R": "ConditioningAverage "}, "widgets_values": [0.3]}, {"id": 28, "type": "ImageUpscaleWithModel", "pos": [2330, 510], "size": {"0": 241.79998779296875, "1": 46}, "flags": {}, "order": 20, "mode": 0, "inputs": [{"name": "upscale_model", "type": "UPSCALE_MODEL", "link": 50}, {"name": "image", "type": "IMAGE", "link": 51}], "outputs": [{"name": "IMAGE", "type": "IMAGE", "links": [70], "shape": 3, "slot_index": 0}], "properties": {"Node name for S&R": "ImageUpscaleWithModel"}}, {"id": 17, "type": "ConditioningAverage ", "pos": [850, 890], "size": {"0": 380.4000244140625, "1": 78}, "flags": {}, "order": 12, "mode": 0, "inputs": [{"name": "conditioning_to", "type": "CONDITIONING", "link": 29}, {"name": "conditioning_from", "type": "CONDITIONING", "link": 30}], "outputs": [{"name": "CONDITIONING", "type": "CONDITIONING", "links": [31], "shape": 3, "slot_index": 0}], "properties": {"Node name for S&R": "ConditioningAverage "}, "widgets_values": [0.37]}, {"id": 5, "type": "ttN pipeKSamplerAdvanced", "pos": [470, 900], "size": [330, 740], "flags": {}, "order": 10, "mode": 0, "inputs": [{"name": "pipe", "type": "PIPE_LINE", "link": 3}, {"name": "optional_model", "type": "MODEL", "link": null}, {"name": "optional_positive", "type": "CONDITIONING", "link": null}, {"name": "optional_negative", "type": "CONDITIONING", "link": null}, {"name": "optional_latent", "type": "LATENT", "link": 35}, {"name": "optional_vae", "type": "VAE", "link": null}, {"name": "optional_clip", "type": "CLIP", "link": null}, {"name": "xyPlot", "type": "XYPLOT", "link": null}], "outputs": [{"name": "pipe", "type": "PIPE_LINE", "links": [60], "shape": 3, "slot_index": 0}, {"name": "model", "type": "MODEL", "links": null, "shape": 3}, {"name": "positive", "type": "CONDITIONING", "links": [30], "shape": 3, "slot_index": 2}, {"name": "negative", "type": "CONDITIONING", "links": null, "shape": 3}, {"name": "latent", "type": "LATENT", "links": [39], "shape": 3, "slot_index": 4}, {"name": "vae", "type": "VAE", "links": null, "shape": 3}, {"name": "clip", "type": "CLIP", "links": null, "shape": 3}, {"name": "image", "type": "IMAGE", "links": [], "shape": 3, "slot_index": 7}, {"name": "seed", "type": "INT", "links": null, "shape": 3}], "properties": {"Node name for S&R": "ttN pipeKSamplerAdvanced", "ttNnodeVersion": "1.0.4"}, "widgets_values": ["None", 0.18, 1, "None", 2, "disabled", "Sample", "enable", 25, 8, "euler_ancestral", "normal", 8, 10, "enable", "Preview", "ComfyUI", 409689040289326, "fixed"]}, {"id": 10, "type": "ttN pipeKSamplerAdvanced", "pos": [1990, 620], "size": [330, 790], "flags": {}, "order": 19, "mode": 0, "inputs": [{"name": "pipe", "type": "PIPE_LINE", "link": 20}, {"name": "optional_model", "type": "MODEL", "link": null, "slot_index": 1}, {"name": "optional_positive", "type": "CONDITIONING", "link": 67, "slot_index": 2}, {"name": "optional_negative", "type": "CONDITIONING", "link": null, "slot_index": 3}, {"name": "optional_latent", "type": "LATENT", "link": 23}, {"name": "optional_vae", "type": "VAE", "link": null}, {"name": "optional_clip", "type": "CLIP", "link": null}, {"name": "xyPlot", "type": "XYPLOT", "link": null}], "outputs": [{"name": "pipe", "type": "PIPE_LINE", "links": null, "shape": 3}, {"name": "model", "type": "MODEL", "links": null, "shape": 3}, {"name": "positive", "type": "CONDITIONING", "links": null, "shape": 3}, {"name": "negative", "type": "CONDITIONING", "links": null, "shape": 3}, {"name": "latent", "type": "LATENT", "links": [], "shape": 3, "slot_index": 4}, {"name": "vae", "type": "VAE", "links": null, "shape": 3}, {"name": "clip", "type": "CLIP", "links": null, "shape": 3}, {"name": "image", "type": "IMAGE", "links": [51], "shape": 3, "slot_index": 7}, {"name": "seed", "type": "INT", "links": null, "shape": 3}], "properties": {"Node name for S&R": "ttN pipeKSamplerAdvanced", "ttNnodeVersion": "1.0.4"}, "widgets_values": ["add_detail.safetensors", 1, 1, "None", 2, "disabled", "Sample", "enable", 25, 8, "euler_ancestral", "normal", 13, 10000, "disable", "Preview", "ComfyUI", 409689040289155, "fixed"]}, {"id": 3, "type": "SaveImage", "pos": [2370, 650], "size": [830, 770], "flags": {}, "order": 21, "mode": 0, "inputs": [{"name": "images", "type": "IMAGE", "link": 70}], "properties": {}, "widgets_values": ["ComfyUI"]}, {"id": 2, "type": "ttN pipeKSamplerAdvanced", "pos": [490, 70], "size": [330, 740], "flags": {}, "order": 4, "mode": 0, "inputs": [{"name": "pipe", "type": "PIPE_LINE", "link": 1}, {"name": "optional_model", "type": "MODEL", "link": null}, {"name": "optional_positive", "type": "CONDITIONING", "link": null}, {"name": "optional_negative", "type": "CONDITIONING", "link": null}, {"name": "optional_latent", "type": "LATENT", "link": null}, {"name": "optional_vae", "type": "VAE", "link": null}, {"name": "optional_clip", "type": "CLIP", "link": null}, {"name": "xyPlot", "type": "XYPLOT", "link": null}], "outputs": [{"name": "pipe", "type": "PIPE_LINE", "links": [], "shape": 3, "slot_index": 0}, {"name": "model", "type": "MODEL", "links": null, "shape": 3}, {"name": "positive", "type": "CONDITIONING", "links": [29], "shape": 3, "slot_index": 2}, {"name": "negative", "type": "CONDITIONING", "links": null, "shape": 3}, {"name": "latent", "type": "LATENT", "links": [40], "shape": 3, "slot_index": 4}, {"name": "vae", "type": "VAE", "links": null, "shape": 3}, {"name": "clip", "type": "CLIP", "links": null, "shape": 3}, {"name": "image", "type": "IMAGE", "links": [], "shape": 3, "slot_index": 7}, {"name": "seed", "type": "INT", "links": null, "shape": 3}], "properties": {"Node name for S&R": "ttN pipeKSamplerAdvanced", "ttNnodeVersion": "1.0.4"}, "widgets_values": ["None", 0.18, 1, "None", 2, "disabled", "Sample", "enable", 25, 8, "euler_ancestral", "normal", 0, 10, "enable", "Preview", "ComfyUI", 409689040289324, "fixed"]}, {"id": 21, "type": "AlphaChanelAsMask", "pos": [-480, 1090], "size": {"0": 315, "1": 58}, "flags": {}, "order": 7, "mode": 0, "inputs": [{"name": "images", "type": "IMAGE", "link": 73}], "outputs": [{"name": "MASK", "type": "MASK", "links": [38, 48], "shape": 3, "slot_index": 0}], "properties": {"Node name for S&R": "AlphaChanelAsMask"}, "widgets_values": ["default"]}, {"id": 14, "type": "LoadImage", "pos": [-890, 900], "size": [320, 310], "flags": {}, "order": 3, "mode": 0, "outputs": [{"name": "IMAGE", "type": "IMAGE", "links": [27, 72], "shape": 3, "slot_index": 0}, {"name": "MASK", "type": "MASK", "links": null, "shape": 3, "slot_index": 1}], "properties": {"Node name for S&R": "LoadImage"}, "widgets_values": ["planet2.png", "image"]}, {"id": 35, "type": "Image Remove Background (rembg)", "pos": [-510, 1200], "size": {"0": 210, "1": 26}, "flags": {}, "order": 6, "mode": 0, "inputs": [{"name": "image", "type": "IMAGE", "link": 72}], "outputs": [{"name": "IMAGE", "type": "IMAGE", "links": [73], "shape": 3, "slot_index": 0}], "properties": {"Node name for S&R": "Image Remove Background (rembg)"}}, {"id": 22, "type": "LatentCompositeMasked", "pos": [900, 650], "size": {"0": 315, "1": 146}, "flags": {}, "order": 13, "mode": 0, "inputs": [{"name": "destination", "type": "LATENT", "link": 40}, {"name": "source", "type": "LATENT", "link": 39}, {"name": "mask", "type": "MASK", "link": 57, "slot_index": 2}], "outputs": [{"name": "LATENT", "type": "LATENT", "links": [42], "shape": 3, "slot_index": 0}], "properties": {"Node name for S&R": "LatentCompositeMasked"}, "widgets_values": [128, 24, false]}], "links": [[1, 1, 0, 2, 0, "PIPE_LINE"], [3, 4, 0, 5, 0, "PIPE_LINE"], [20, 8, 0, 10, 0, "PIPE_LINE"], [22, 8, 4, 9, 0, "LATENT"], [23, 9, 0, 10, 4, "LATENT"], [27, 14, 0, 16, 0, "IMAGE"], [29, 2, 2, 17, 0, "CONDITIONING"], [30, 5, 2, 17, 1, "CONDITIONING"], [31, 17, 0, 8, 2, "CONDITIONING"], [33, 16, 0, 19, 0, "IMAGE"], [34, 4, 5, 19, 1, "VAE"], [35, 19, 0, 5, 4, "LATENT"], [38, 21, 0, 19, 2, "MASK"], [39, 5, 4, 22, 1, "LATENT"], [40, 2, 4, 22, 0, "LATENT"], [42, 22, 0, 8, 4, "LATENT"], [48, 21, 0, 26, 0, "MASK"], [50, 27, 0, 28, 0, "UPSCALE_MODEL"], [51, 10, 7, 28, 1, "IMAGE"], [56, 30, 0, 31, 0, "IMAGE"], [57, 26, 0, 22, 2, "MASK"], [58, 26, 0, 30, 0, "MASK"], [60, 5, 0, 8, 0, "PIPE_LINE"], [65, 8, 6, 33, 0, "CLIP"], [66, 33, 0, 34, 0, "CONDITIONING"], [67, 34, 0, 10, 2, "CONDITIONING"], [68, 8, 2, 34, 1, "CONDITIONING"], [70, 28, 0, 3, 0, "IMAGE"], [72, 14, 0, 35, 0, "IMAGE"], [73, 35, 0, 21, 0, "IMAGE"]], "groups": [], "config": {}, "extra": {}, "version": 0.4}