{"last_node_id": 24, "last_link_id": 59, "nodes": [{"id": 20, "type": "Reroute", "pos": [-608, 0], "size": [75, 26], "flags": {}, "order": 5, "mode": 0, "inputs": [{"name": "", "type": "*", "link": 38}], "outputs": [{"name": "", "type": "VAE", "links": [39, 40, 44], "slot_index": 0}], "properties": {"showOutputText": false, "horizontal": false}}, {"id": 5, "type": "EmptyLatentImage", "pos": [-1632, 384], "size": {"0": 315, "1": 106}, "flags": {}, "order": 0, "mode": 0, "outputs": [{"name": "LATENT", "type": "LATENT", "links": [6], "shape": 3}], "properties": {"Node name for S&R": "EmptyLatentImage"}, "widgets_values": [512, 512, 1]}, {"id": 18, "type": "VAEDecode", "pos": [-768, 128], "size": {"0": 210, "1": 46}, "flags": {}, "order": 11, "mode": 0, "inputs": [{"name": "samples", "type": "LATENT", "link": 53}, {"name": "vae", "type": "VAE", "link": 39}], "outputs": [{"name": "IMAGE", "type": "IMAGE", "links": [35], "shape": 3, "slot_index": 0}], "properties": {"Node name for S&R": "VAEDecode"}}, {"id": 17, "type": "ImageUpscaleWithModel", "pos": [-512, 64], "size": {"0": 241.79998779296875, "1": 46}, "flags": {}, "order": 12, "mode": 0, "inputs": [{"name": "upscale_model", "type": "UPSCALE_MODEL", "link": 33}, {"name": "image", "type": "IMAGE", "link": 35}], "outputs": [{"name": "IMAGE", "type": "IMAGE", "links": [36], "shape": 3, "slot_index": 0}], "properties": {"Node name for S&R": "ImageUpscaleWithModel"}}, {"id": 21, "type": "VAEDecode", "pos": [-192, 128], "size": {"0": 210, "1": 46}, "flags": {}, "order": 15, "mode": 0, "inputs": [{"name": "samples", "type": "LATENT", "link": 43}, {"name": "vae", "type": "VAE", "link": 44, "slot_index": 1}], "outputs": [{"name": "IMAGE", "type": "IMAGE", "links": [42], "shape": 3, "slot_index": 0}], "properties": {"Node name for S&R": "VAEDecode"}}, {"id": 8, "type": "SaveImage", "pos": [-115, -120], "size": {"0": 1088, "1": 1152}, "flags": {}, "order": 16, "mode": 0, "inputs": [{"name": "images", "type": "IMAGE", "link": 42}], "properties": {}, "widgets_values": ["ComfyUI"]}, {"id": 19, "type": "VAEEncode", "pos": [-543, 97], "size": {"0": 210, "1": 46}, "flags": {}, "order": 13, "mode": 0, "inputs": [{"name": "pixels", "type": "IMAGE", "link": 36}, {"name": "vae", "type": "VAE", "link": 40}], "outputs": [{"name": "LATENT", "type": "LATENT", "links": [37], "shape": 3, "slot_index": 0}], "properties": {"Node name for S&R": "VAEEncode"}}, {"id": 1, "type": "CheckpointLoaderSimple", "pos": [-1984, 192], "size": {"0": 315, "1": 98}, "flags": {}, "order": 1, "mode": 0, "outputs": [{"name": "MODEL", "type": "MODEL", "links": [24], "shape": 3, "slot_index": 0}, {"name": "CLIP", "type": "CLIP", "links": [25], "shape": 3, "slot_index": 1}, {"name": "VAE", "type": "VAE", "links": [38], "shape": 3, "slot_index": 2}], "properties": {"Node name for S&R": "CheckpointLoaderSimple"}, "widgets_values": ["animesh_FullV22.safetensors"]}, {"id": 13, "type": "PrimitiveNode", "pos": [-512, 896], "size": {"0": 210, "1": 82}, "flags": {}, "order": 2, "mode": 0, "outputs": [{"name": "INT", "type": "INT", "links": [23, 31], "slot_index": 0, "widget": {"name": "noise_seed"}}], "properties": {}, "widgets_values": [86877777, "fixed"]}, {"id": 16, "type": "UpscaleModelLoader", "pos": [-608, 0], "size": {"0": 315, "1": 58}, "flags": {}, "order": 3, "mode": 0, "outputs": [{"name": "UPSCALE_MODEL", "type": "UPSCALE_MODEL", "links": [33], "shape": 3, "slot_index": 0}], "properties": {"Node name for S&R": "UpscaleModelLoader"}, "widgets_values": ["RealESRGAN_x2.pth"]}, {"id": 14, "type": "LoraLoader", "pos": [-1632, 192], "size": {"0": 315, "1": 126}, "flags": {}, "order": 4, "mode": 0, "inputs": [{"name": "model", "type": "MODEL", "link": 24}, {"name": "clip", "type": "CLIP", "link": 25}], "outputs": [{"name": "MODEL", "type": "MODEL", "links": [45], "shape": 3}, {"name": "CLIP", "type": "CLIP", "links": [46], "shape": 3}], "properties": {"Node name for S&R": "LoraLoader"}, "widgets_values": ["Meruccubus (Merunyaa).safetensors", 0.41000000000000003, 1]}, {"id": 22, "type": "LoraLoader", "pos": [-1664, 0], "size": {"0": 315, "1": 126}, "flags": {}, "order": 6, "mode": 0, "inputs": [{"name": "model", "type": "MODEL", "link": 45}, {"name": "clip", "type": "CLIP", "link": 46}], "outputs": [{"name": "MODEL", "type": "MODEL", "links": [54], "shape": 3}, {"name": "CLIP", "type": "CLIP", "links": [55], "shape": 3}], "properties": {"Node name for S&R": "LoraLoader"}, "widgets_values": ["assovershoulder.safetensors", 0.61, 1]}, {"id": 4, "type": "CLIPTextEncode", "pos": [-1230, 414], "size": {"0": 400, "1": 200}, "flags": {}, "order": 9, "mode": 0, "inputs": [{"name": "clip", "type": "CLIP", "link": 59}], "outputs": [{"name": "CONDITIONING", "type": "CONDITIONING", "links": [4, 22], "shape": 3, "slot_index": 0}], "properties": {"Node name for S&R": "CLIPTextEncode"}, "widgets_values": [""]}, {"id": 24, "type": "LoraLoader", "pos": [-1204, -49], "size": {"0": 315, "1": 126}, "flags": {}, "order": 7, "mode": 0, "inputs": [{"name": "model", "type": "MODEL", "link": 54}, {"name": "clip", "type": "CLIP", "link": 55}], "outputs": [{"name": "MODEL", "type": "MODEL", "links": [56, 57], "shape": 3}, {"name": "CLIP", "type": "CLIP", "links": [58, 59], "shape": 3}], "properties": {"Node name for S&R": "LoraLoader"}, "widgets_values": ["EkunePOVFellatioV2.safetensors", 0.7000000000000001, 1]}, {"id": 11, "type": "KSamplerAdvanced", "pos": [-448, 224], "size": {"0": 320, "1": 544}, "flags": {}, "order": 14, "mode": 0, "inputs": [{"name": "model", "type": "MODEL", "link": 57}, {"name": "positive", "type": "CONDITIONING", "link": 21}, {"name": "negative", "type": "CONDITIONING", "link": 22}, {"name": "latent_image", "type": "LATENT", "link": 37, "slot_index": 3}, {"name": "noise_seed", "type": "INT", "link": 31, "widget": {"name": "noise_seed"}}], "outputs": [{"name": "LATENT", "type": "LATENT", "links": [43], "shape": 3, "slot_index": 0}], "properties": {"Node name for S&R": "KSamplerAdvanced"}, "widgets_values": ["enable", 86877777, "fixed", 25, 4.38, "dpmpp_2m_sde_gpu", "karras", 13, 10000, "disable"]}, {"id": 2, "type": "KSamplerAdvanced", "pos": [-787, 233], "size": {"0": 320, "1": 544}, "flags": {}, "order": 10, "mode": 0, "inputs": [{"name": "model", "type": "MODEL", "link": 56}, {"name": "positive", "type": "CONDITIONING", "link": 5}, {"name": "negative", "type": "CONDITIONING", "link": 4}, {"name": "latent_image", "type": "LATENT", "link": 6, "slot_index": 3}, {"name": "noise_seed", "type": "INT", "link": 23, "widget": {"name": "noise_seed"}}], "outputs": [{"name": "LATENT", "type": "LATENT", "links": [53], "shape": 3, "slot_index": 0}], "properties": {"Node name for S&R": "KSamplerAdvanced"}, "widgets_values": ["enable", 86877777, "fixed", 32, 7.37, "dpmpp_2m_sde_gpu", "karras", 0, 10000, "disable"]}, {"id": 3, "type": "CLIPTextEncode", "pos": [-1224, 163], "size": {"0": 400, "1": 200}, "flags": {}, "order": 8, "mode": 0, "inputs": [{"name": "clip", "type": "CLIP", "link": 58}], "outputs": [{"name": "CONDITIONING", "type": "CONDITIONING", "links": [5, 21], "shape": 3, "slot_index": 0}], "properties": {"Node name for S&R": "CLIPTextEncode"}, "widgets_values": ["(a digital shot of a young cute busty girl POV Blowjob with ass view. blowjob viewbj:1) porn, hentai, pornhub, POV. povfellatio, ass over shoulder. tentacles"]}], "links": [[4, 4, 0, 2, 2, "CONDITIONING"], [5, 3, 0, 2, 1, "CONDITIONING"], [6, 5, 0, 2, 3, "LATENT"], [21, 3, 0, 11, 1, "CONDITIONING"], [22, 4, 0, 11, 2, "CONDITIONING"], [23, 13, 0, 2, 4, "INT"], [24, 1, 0, 14, 0, "MODEL"], [25, 1, 1, 14, 1, "CLIP"], [31, 13, 0, 11, 4, "INT"], [33, 16, 0, 17, 0, "UPSCALE_MODEL"], [35, 18, 0, 17, 1, "IMAGE"], [36, 17, 0, 19, 0, "IMAGE"], [37, 19, 0, 11, 3, "LATENT"], [38, 1, 2, 20, 0, "*"], [39, 20, 0, 18, 1, "VAE"], [40, 20, 0, 19, 1, "VAE"], [42, 21, 0, 8, 0, "IMAGE"], [43, 11, 0, 21, 0, "LATENT"], [44, 20, 0, 21, 1, "VAE"], [45, 14, 0, 22, 0, "MODEL"], [46, 14, 1, 22, 1, "CLIP"], [53, 2, 0, 18, 0, "LATENT"], [54, 22, 0, 24, 0, "MODEL"], [55, 22, 1, 24, 1, "CLIP"], [56, 24, 0, 2, 0, "MODEL"], [57, 24, 0, 11, 0, "MODEL"], [58, 24, 1, 3, 0, "CLIP"], [59, 24, 1, 4, 0, "CLIP"]], "groups": [], "config": {}, "extra": {}, "version": 0.4}