{"last_node_id": 40, "last_link_id": 123, "nodes": [{"id": 12, "type": "LatentUpscaleBy", "pos": [1690, 700], "size": {"0": 315, "1": 82}, "flags": {}, "order": 8, "mode": 0, "inputs": [{"name": "samples", "type": "LATENT", "link": 15}], "outputs": [{"name": "LATENT", "type": "LATENT", "links": [16], "shape": 3, "slot_index": 0}], "properties": {"Node name for S&R": "LatentUpscaleBy"}, "widgets_values": ["nearest-exact", 1.5]}, {"id": 13, "type": "SaveImage", "pos": [2410, 640], "size": {"0": 610, "1": 660}, "flags": {}, "order": 10, "mode": 0, "inputs": [{"name": "images", "type": "IMAGE", "link": 17}], "properties": {}, "widgets_values": ["ComfyUI"]}, {"id": 15, "type": "CheckpointLoaderSimple", "pos": [2060, 490], "size": {"0": 315, "1": 98}, "flags": {}, "order": 0, "mode": 0, "outputs": [{"name": "MODEL", "type": "MODEL", "links": [21], "shape": 3}, {"name": "CLIP", "type": "CLIP", "links": null, "shape": 3}, {"name": "VAE", "type": "VAE", "links": [22], "shape": 3, "slot_index": 2}], "properties": {"Node name for S&R": "CheckpointLoaderSimple"}, "widgets_values": ["dreamshaper_8.safetensors"]}, {"id": 1, "type": "ttN pipeLoader", "pos": [0, 290], "size": {"0": 400, "1": 726}, "flags": {}, "order": 1, "mode": 0, "inputs": [{"name": "optional_clip", "type": "CLIP", "link": null}], "outputs": [{"name": "pipe", "type": "PIPE_LINE", "links": [1], "shape": 3, "slot_index": 0}, {"name": "model", "type": "MODEL", "links": null, "shape": 3}, {"name": "positive", "type": "CONDITIONING", "links": null, "shape": 3}, {"name": "negative", "type": "CONDITIONING", "links": null, "shape": 3}, {"name": "latent", "type": "LATENT", "links": null, "shape": 3}, {"name": "vae", "type": "VAE", "links": null, "shape": 3}, {"name": "clip", "type": "CLIP", "links": null, "shape": 3}, {"name": "seed", "type": "INT", "links": null, "shape": 3}], "properties": {"Node name for S&R": "ttN pipeLoader", "ttNnodeVersion": "1.0.3"}, "widgets_values": ["dreamshaper_8.safetensors", "vae-ft-mse-840000-ema-pruned.safetensors", -1, "None", 1, 1, "None", 1, 1, "None", 1, 1, "aa romantic bedroom, roses, rose petals", "none", "comfy", "worst quality, normal quality, low quality, low res, blurry, text, watermark, logo, banner, extra digits, cropped, jpeg artifacts, signature, username, error, sketch ,duplicate, ugly, monochrome, horror, geometry, mutation, disgusting", "none", "comfy", 768, 512, 1, 0, "fixed"]}, {"id": 5, "type": "ttN pipeLoader", "pos": [0, 1080], "size": {"0": 400, "1": 726}, "flags": {}, "order": 2, "mode": 0, "inputs": [{"name": "optional_clip", "type": "CLIP", "link": null}], "outputs": [{"name": "pipe", "type": "PIPE_LINE", "links": [3], "shape": 3, "slot_index": 0}, {"name": "model", "type": "MODEL", "links": null, "shape": 3}, {"name": "positive", "type": "CONDITIONING", "links": null, "shape": 3}, {"name": "negative", "type": "CONDITIONING", "links": null, "shape": 3}, {"name": "latent", "type": "LATENT", "links": null, "shape": 3}, {"name": "vae", "type": "VAE", "links": [], "shape": 3}, {"name": "clip", "type": "CLIP", "links": null, "shape": 3}, {"name": "seed", "type": "INT", "links": null, "shape": 3}], "properties": {"Node name for S&R": "ttN pipeLoader", "ttNnodeVersion": "1.0.3"}, "widgets_values": ["experience_V10.safetensors", "Baked VAE", -1, "None", 1, 1, "None", 1, 1, "None", 1, 1, "a sexy tour guide with big tits missionary sex, boobs", "none", "comfy", "(worst quality, normal quality, low quality, low res, blurry, text, watermark, logo, banner, extra digits, cropped, jpeg artifacts, signature, username, error, sketch ,duplicate, ugly, monochrome, horror, geometry, mutation, disgusting:0.4)", "none", "comfy", 512, 512, 1, 0, "fixed"]}, {"id": 10, "type": "ttN pipeKSamplerAdvanced", "pos": [1330, 620], "size": [330, 740], "flags": {}, "order": 7, "mode": 0, "inputs": [{"name": "pipe", "type": "PIPE_LINE", "link": 13}, {"name": "optional_model", "type": "MODEL", "link": null}, {"name": "optional_positive", "type": "CONDITIONING", "link": 68}, {"name": "optional_negative", "type": "CONDITIONING", "link": 122}, {"name": "optional_latent", "type": "LATENT", "link": 66}, {"name": "optional_vae", "type": "VAE", "link": null}, {"name": "optional_clip", "type": "CLIP", "link": null}, {"name": "xyPlot", "type": "XYPLOT", "link": null}], "outputs": [{"name": "pipe", "type": "PIPE_LINE", "links": [14], "shape": 3, "slot_index": 0}, {"name": "model", "type": "MODEL", "links": null, "shape": 3}, {"name": "positive", "type": "CONDITIONING", "links": [], "shape": 3, "slot_index": 2}, {"name": "negative", "type": "CONDITIONING", "links": null, "shape": 3}, {"name": "latent", "type": "LATENT", "links": [15], "shape": 3, "slot_index": 4}, {"name": "vae", "type": "VAE", "links": null, "shape": 3}, {"name": "clip", "type": "CLIP", "links": null, "shape": 3}, {"name": "image", "type": "IMAGE", "links": [], "shape": 3, "slot_index": 7}, {"name": "seed", "type": "INT", "links": null, "shape": 3}], "properties": {"Node name for S&R": "ttN pipeKSamplerAdvanced", "ttNnodeVersion": "1.0.4"}, "widgets_values": ["None", 0.2, 1, "None", 2, "disabled", "Sample", "disable", 25, 8, "euler_ancestral", "normal", 10, 25, "disable", "Preview", "ComfyUI", 686049012777369, "fixed"]}, {"id": 11, "type": "ttN pipeKSamplerAdvanced", "pos": [2050, 630], "size": [330, 790], "flags": {}, "order": 9, "mode": 0, "inputs": [{"name": "pipe", "type": "PIPE_LINE", "link": 14}, {"name": "optional_model", "type": "MODEL", "link": 21, "slot_index": 1}, {"name": "optional_positive", "type": "CONDITIONING", "link": 69}, {"name": "optional_negative", "type": "CONDITIONING", "link": 123}, {"name": "optional_latent", "type": "LATENT", "link": 16}, {"name": "optional_vae", "type": "VAE", "link": 22}, {"name": "optional_clip", "type": "CLIP", "link": null}, {"name": "xyPlot", "type": "XYPLOT", "link": null}], "outputs": [{"name": "pipe", "type": "PIPE_LINE", "links": null, "shape": 3}, {"name": "model", "type": "MODEL", "links": null, "shape": 3}, {"name": "positive", "type": "CONDITIONING", "links": null, "shape": 3}, {"name": "negative", "type": "CONDITIONING", "links": null, "shape": 3}, {"name": "latent", "type": "LATENT", "links": null, "shape": 3}, {"name": "vae", "type": "VAE", "links": null, "shape": 3}, {"name": "clip", "type": "CLIP", "links": null, "shape": 3}, {"name": "image", "type": "IMAGE", "links": [17], "shape": 3, "slot_index": 7}, {"name": "seed", "type": "INT", "links": null, "shape": 3}], "properties": {"Node name for S&R": "ttN pipeKSamplerAdvanced", "ttNnodeVersion": "1.0.4"}, "widgets_values": ["None", 0.17, 1, "None", 2, "disabled", "Sample", "enable", 25, 8, "euler_ancestral", "normal", 11, 10000, "disable", "Preview", "ComfyUI", 98465152, "fixed"]}, {"id": 2, "type": "ttN pipeKSamplerAdvanced", "pos": [430, 280], "size": [330, 740], "flags": {}, "order": 3, "mode": 0, "inputs": [{"name": "pipe", "type": "PIPE_LINE", "link": 1}, {"name": "optional_model", "type": "MODEL", "link": null}, {"name": "optional_positive", "type": "CONDITIONING", "link": null}, {"name": "optional_negative", "type": "CONDITIONING", "link": null}, {"name": "optional_latent", "type": "LATENT", "link": null}, {"name": "optional_vae", "type": "VAE", "link": null}, {"name": "optional_clip", "type": "CLIP", "link": null}, {"name": "xyPlot", "type": "XYPLOT", "link": null}], "outputs": [{"name": "pipe", "type": "PIPE_LINE", "links": [13], "shape": 3, "slot_index": 0}, {"name": "model", "type": "MODEL", "links": null, "shape": 3}, {"name": "positive", "type": "CONDITIONING", "links": [9], "shape": 3, "slot_index": 2}, {"name": "negative", "type": "CONDITIONING", "links": null, "shape": 3}, {"name": "latent", "type": "LATENT", "links": [53], "shape": 3, "slot_index": 4}, {"name": "vae", "type": "VAE", "links": null, "shape": 3}, {"name": "clip", "type": "CLIP", "links": null, "shape": 3}, {"name": "image", "type": "IMAGE", "links": [], "shape": 3, "slot_index": 7}, {"name": "seed", "type": "INT", "links": null, "shape": 3}], "properties": {"Node name for S&R": "ttN pipeKSamplerAdvanced", "ttNnodeVersion": "1.0.4"}, "widgets_values": ["None", 1, 1, "None", 2, "disabled", "Sample", "enable", 25, 8, "euler_ancestral", "normal", 0, 10, "enable", "Preview", "ComfyUI", 686049012777371, "fixed"]}, {"id": 7, "type": "LatentComposite", "pos": [930, 740], "size": {"0": 315, "1": 126}, "flags": {}, "order": 6, "mode": 0, "inputs": [{"name": "samples_to", "type": "LATENT", "link": 53}, {"name": "samples_from", "type": "LATENT", "link": 120}], "outputs": [{"name": "LATENT", "type": "LATENT", "links": [66], "shape": 3, "slot_index": 0}], "properties": {"Node name for S&R": "LatentComposite"}, "widgets_values": [128, 0, 112]}, {"id": 9, "type": "ConditioningAverage ", "pos": [860, 990], "size": {"0": 380.4000244140625, "1": 78}, "flags": {}, "order": 5, "mode": 0, "inputs": [{"name": "conditioning_to", "type": "CONDITIONING", "link": 9}, {"name": "conditioning_from", "type": "CONDITIONING", "link": 121}], "outputs": [{"name": "CONDITIONING", "type": "CONDITIONING", "links": [68, 69], "shape": 3, "slot_index": 0}], "properties": {"Node name for S&R": "ConditioningAverage "}, "widgets_values": [0.44]}, {"id": 4, "type": "ttN pipeKSamplerAdvanced", "pos": [430, 1080], "size": [330, 790], "flags": {}, "order": 4, "mode": 0, "inputs": [{"name": "pipe", "type": "PIPE_LINE", "link": 3}, {"name": "optional_model", "type": "MODEL", "link": null}, {"name": "optional_positive", "type": "CONDITIONING", "link": null}, {"name": "optional_negative", "type": "CONDITIONING", "link": null}, {"name": "optional_latent", "type": "LATENT", "link": null}, {"name": "optional_vae", "type": "VAE", "link": null}, {"name": "optional_clip", "type": "CLIP", "link": null}, {"name": "xyPlot", "type": "XYPLOT", "link": null}], "outputs": [{"name": "pipe", "type": "PIPE_LINE", "links": null, "shape": 3}, {"name": "model", "type": "MODEL", "links": null, "shape": 3}, {"name": "positive", "type": "CONDITIONING", "links": [121], "shape": 3, "slot_index": 2}, {"name": "negative", "type": "CONDITIONING", "links": [122, 123], "shape": 3, "slot_index": 3}, {"name": "latent", "type": "LATENT", "links": [120], "shape": 3, "slot_index": 4}, {"name": "vae", "type": "VAE", "links": null, "shape": 3}, {"name": "clip", "type": "CLIP", "links": null, "shape": 3}, {"name": "image", "type": "IMAGE", "links": [], "shape": 3, "slot_index": 7}, {"name": "seed", "type": "INT", "links": null, "shape": 3}], "properties": {"Node name for S&R": "ttN pipeKSamplerAdvanced", "ttNnodeVersion": "1.0.4"}, "widgets_values": ["POVMissionary.safetensors", 1, 1, "None", 2, "disabled", "Sample", "enable", 25, 8, "euler_ancestral", "normal", 0, 10, "enable", "Preview", "ComfyUI", 390176495807047, "fixed"]}], "links": [[1, 1, 0, 2, 0, "PIPE_LINE"], [3, 5, 0, 4, 0, "PIPE_LINE"], [9, 2, 2, 9, 0, "CONDITIONING"], [13, 2, 0, 10, 0, "PIPE_LINE"], [14, 10, 0, 11, 0, "PIPE_LINE"], [15, 10, 4, 12, 0, "LATENT"], [16, 12, 0, 11, 4, "LATENT"], [17, 11, 7, 13, 0, "IMAGE"], [21, 15, 0, 11, 1, "MODEL"], [22, 15, 2, 11, 5, "VAE"], [53, 2, 4, 7, 0, "LATENT"], [66, 7, 0, 10, 4, "LATENT"], [68, 9, 0, 10, 2, "CONDITIONING"], [69, 9, 0, 11, 2, "CONDITIONING"], [120, 4, 4, 7, 1, "LATENT"], [121, 4, 2, 9, 1, "CONDITIONING"], [122, 4, 3, 10, 3, "CONDITIONING"], [123, 4, 3, 11, 3, "CONDITIONING"]], "groups": [], "config": {}, "extra": {}, "version": 0.4}