{
  "last_node_id": 64,
  "last_link_id": 128,
  "nodes": [
    {
      "id": 8,
      "type": "VAEDecode",
      "pos": [
        645.9653301759429,
        406.30088214016564
      ],
      "size": {
        "0": 210,
        "1": 46
      },
      "flags": {},
      "order": 27,
      "mode": 0,
      "inputs": [
        {
          "name": "samples",
          "type": "LATENT",
          "link": 104
        },
        {
          "name": "vae",
          "type": "VAE",
          "link": 77
        }
      ],
      "outputs": [
        {
          "name": "IMAGE",
          "type": "IMAGE",
          "links": [
            9
          ],
          "slot_index": 0
        }
      ],
      "properties": {
        "Node name for S&R": "VAEDecode"
      }
    },
    {
      "id": 21,
      "type": "VAEDecode",
      "pos": [
        694.3115888304372,
        121.90470722105056
      ],
      "size": {
        "0": 210,
        "1": 46
      },
      "flags": {},
      "order": 26,
      "mode": 0,
      "inputs": [
        {
          "name": "samples",
          "type": "LATENT",
          "link": 103
        },
        {
          "name": "vae",
          "type": "VAE",
          "link": 42
        }
      ],
      "outputs": [
        {
          "name": "IMAGE",
          "type": "IMAGE",
          "links": [
            23
          ],
          "slot_index": 0
        }
      ],
      "properties": {
        "Node name for S&R": "VAEDecode"
      }
    },
    {
      "id": 22,
      "type": "ImageUpscaleWithModel",
      "pos": [
        1326.298439026504,
        157.58849530727622
      ],
      "size": {
        "0": 226.8000030517578,
        "1": 46
      },
      "flags": {},
      "order": 28,
      "mode": 0,
      "inputs": [
        {
          "name": "upscale_model",
          "type": "UPSCALE_MODEL",
          "link": 24
        },
        {
          "name": "image",
          "type": "IMAGE",
          "link": 23
        }
      ],
      "outputs": [
        {
          "name": "IMAGE",
          "type": "IMAGE",
          "links": [
            27
          ],
          "slot_index": 0
        }
      ],
      "properties": {
        "Node name for S&R": "ImageUpscaleWithModel"
      }
    },
    {
      "id": 38,
      "type": "Reroute",
      "pos": [
        -823.0480650594664,
        33.20139609431051
      ],
      "size": [
        75,
        26
      ],
      "flags": {},
      "order": 8,
      "mode": 0,
      "inputs": [
        {
          "name": "",
          "type": "*",
          "link": 100,
          "slot_index": 0
        }
      ],
      "outputs": [
        {
          "name": "",
          "type": "CLIP",
          "links": [
            66,
            67
          ],
          "slot_index": 0
        }
      ],
      "properties": {
        "showOutputText": false,
        "horizontal": false
      }
    },
    {
      "id": 34,
      "type": "Reroute",
      "pos": [
        395.9519349405332,
        520.2013960943106
      ],
      "size": [
        75,
        26
      ],
      "flags": {},
      "order": 21,
      "mode": 0,
      "inputs": [
        {
          "name": "",
          "type": "*",
          "link": 53,
          "slot_index": 0
        }
      ],
      "outputs": [
        {
          "name": "",
          "type": "CONDITIONING",
          "links": [
            83
          ],
          "slot_index": 0
        }
      ],
      "properties": {
        "showOutputText": false,
        "horizontal": false
      }
    },
    {
      "id": 52,
      "type": "Reroute",
      "pos": [
        -1110.6233291400267,
        -29.488314871957215
      ],
      "size": [
        75,
        26
      ],
      "flags": {},
      "order": 4,
      "mode": 0,
      "inputs": [
        {
          "name": "",
          "type": "*",
          "link": 124,
          "slot_index": 0
        }
      ],
      "outputs": [
        {
          "name": "",
          "type": "MODEL",
          "links": [
            99
          ],
          "slot_index": 0
        }
      ],
      "properties": {
        "showOutputText": false,
        "horizontal": false
      }
    },
    {
      "id": 53,
      "type": "Reroute",
      "pos": [
        -1107.6233291400267,
        26.51168512804279
      ],
      "size": [
        75,
        26
      ],
      "flags": {},
      "order": 5,
      "mode": 0,
      "inputs": [
        {
          "name": "",
          "type": "*",
          "link": 125,
          "slot_index": 0
        }
      ],
      "outputs": [
        {
          "name": "",
          "type": "CLIP",
          "links": [
            100
          ],
          "slot_index": 0
        }
      ],
      "properties": {
        "showOutputText": false,
        "horizontal": false
      }
    },
    {
      "id": 54,
      "type": "Reroute",
      "pos": [
        -1113.6233291400267,
        290.5116851280427
      ],
      "size": [
        75,
        26
      ],
      "flags": {},
      "order": 6,
      "mode": 0,
      "inputs": [
        {
          "name": "",
          "type": "*",
          "link": 98,
          "slot_index": 0
        }
      ],
      "outputs": [
        {
          "name": "",
          "type": "VAE",
          "links": [
            101
          ],
          "slot_index": 0
        }
      ],
      "properties": {
        "showOutputText": false,
        "horizontal": false
      }
    },
    {
      "id": 55,
      "type": "Reroute",
      "pos": [
        424,
        120
      ],
      "size": [
        75,
        26
      ],
      "flags": {},
      "order": 23,
      "mode": 0,
      "inputs": [
        {
          "name": "",
          "type": "*",
          "link": 102,
          "slot_index": 0
        }
      ],
      "outputs": [
        {
          "name": "",
          "type": "LATENT",
          "links": [
            103,
            104
          ],
          "slot_index": 0
        }
      ],
      "properties": {
        "showOutputText": false,
        "horizontal": false
      }
    },
    {
      "id": 3,
      "type": "KSampler",
      "pos": [
        61,
        123
      ],
      "size": {
        "0": 315,
        "1": 262
      },
      "flags": {},
      "order": 19,
      "mode": 0,
      "inputs": [
        {
          "name": "model",
          "type": "MODEL",
          "link": 65
        },
        {
          "name": "positive",
          "type": "CONDITIONING",
          "link": 55
        },
        {
          "name": "negative",
          "type": "CONDITIONING",
          "link": 6
        },
        {
          "name": "latent_image",
          "type": "LATENT",
          "link": 2
        }
      ],
      "outputs": [
        {
          "name": "LATENT",
          "type": "LATENT",
          "links": [
            102
          ],
          "slot_index": 0
        }
      ],
      "properties": {
        "Node name for S&R": "KSampler"
      },
      "widgets_values": [
        648918068164179,
        "randomize",
        12,
        8,
        "dpmpp_sde",
        "normal",
        1
      ]
    },
    {
      "id": 39,
      "type": "Reroute",
      "pos": [
        -832,
        -37
      ],
      "size": [
        75,
        26
      ],
      "flags": {},
      "order": 7,
      "mode": 0,
      "inputs": [
        {
          "name": "",
          "type": "*",
          "link": 99,
          "slot_index": 0
        }
      ],
      "outputs": [
        {
          "name": "",
          "type": "MODEL",
          "links": [
            64
          ],
          "slot_index": 0
        }
      ],
      "properties": {
        "showOutputText": false,
        "horizontal": false
      }
    },
    {
      "id": 7,
      "type": "CLIPTextEncode",
      "pos": [
        -532,
        261
      ],
      "size": {
        "0": 425.27801513671875,
        "1": 180.6060791015625
      },
      "flags": {},
      "order": 12,
      "mode": 0,
      "inputs": [
        {
          "name": "clip",
          "type": "CLIP",
          "link": 67
        }
      ],
      "outputs": [
        {
          "name": "CONDITIONING",
          "type": "CONDITIONING",
          "links": [
            6,
            52
          ],
          "slot_index": 0
        }
      ],
      "properties": {
        "Node name for S&R": "CLIPTextEncode"
      },
      "widgets_values": [
        "bad hands, text, watermark\n"
      ]
    },
    {
      "id": 6,
      "type": "CLIPTextEncode",
      "pos": [
        -519,
        45
      ],
      "size": {
        "0": 422.84503173828125,
        "1": 164.31304931640625
      },
      "flags": {},
      "order": 11,
      "mode": 0,
      "inputs": [
        {
          "name": "clip",
          "type": "CLIP",
          "link": 66
        }
      ],
      "outputs": [
        {
          "name": "CONDITIONING",
          "type": "CONDITIONING",
          "links": [
            58
          ],
          "slot_index": 0
        }
      ],
      "properties": {
        "Node name for S&R": "CLIPTextEncode"
      },
      "widgets_values": [
        "(masterpiece) HDR victorian portrait painting of (girl), blonde hair, mountain nature, blue sky\n"
      ]
    },
    {
      "id": 28,
      "type": "Reroute",
      "pos": [
        -832,
        626
      ],
      "size": [
        75,
        26
      ],
      "flags": {},
      "order": 9,
      "mode": 0,
      "inputs": [
        {
          "name": "",
          "type": "*",
          "link": 101,
          "slot_index": 0
        }
      ],
      "outputs": [
        {
          "name": "",
          "type": "VAE",
          "links": [
            41
          ],
          "slot_index": 0
        }
      ],
      "properties": {
        "showOutputText": false,
        "horizontal": false
      }
    },
    {
      "id": 23,
      "type": "UpscaleModelLoader",
      "pos": [
        983.2984390265037,
        90.58849530727599
      ],
      "size": {
        "0": 315,
        "1": 58
      },
      "flags": {},
      "order": 0,
      "mode": 0,
      "outputs": [
        {
          "name": "UPSCALE_MODEL",
          "type": "UPSCALE_MODEL",
          "links": [
            24
          ],
          "slot_index": 0
        }
      ],
      "properties": {
        "Node name for S&R": "UpscaleModelLoader"
      },
      "widgets_values": [
        "4x-AnimeSharp.pth"
      ]
    },
    {
      "id": 5,
      "type": "EmptyLatentImage",
      "pos": [
        -438,
        495
      ],
      "size": {
        "0": 315,
        "1": 106
      },
      "flags": {},
      "order": 1,
      "mode": 0,
      "outputs": [
        {
          "name": "LATENT",
          "type": "LATENT",
          "links": [
            2
          ],
          "slot_index": 0
        }
      ],
      "properties": {
        "Node name for S&R": "EmptyLatentImage"
      },
      "widgets_values": [
        512,
        320,
        1
      ]
    },
    {
      "id": 59,
      "type": "Reroute",
      "pos": [
        428,
        -48
      ],
      "size": [
        75,
        26
      ],
      "flags": {},
      "order": 14,
      "mode": 0,
      "inputs": [
        {
          "name": "",
          "type": "*",
          "link": 107,
          "slot_index": 0
        }
      ],
      "outputs": [
        {
          "name": "",
          "type": "MODEL",
          "links": [
            106
          ],
          "slot_index": 0
        }
      ],
      "properties": {
        "showOutputText": false,
        "horizontal": false
      }
    },
    {
      "id": 36,
      "type": "Reroute",
      "pos": [
        -59,
        13
      ],
      "size": [
        75,
        26
      ],
      "flags": {},
      "order": 15,
      "mode": 0,
      "inputs": [
        {
          "name": "",
          "type": "*",
          "link": 58,
          "slot_index": 0
        }
      ],
      "outputs": [
        {
          "name": "",
          "type": "CONDITIONING",
          "links": [
            55,
            56
          ],
          "slot_index": 0
        }
      ],
      "properties": {
        "showOutputText": false,
        "horizontal": false
      }
    },
    {
      "id": 40,
      "type": "Reroute",
      "pos": [
        -58,
        -47
      ],
      "size": [
        75,
        26
      ],
      "flags": {},
      "order": 10,
      "mode": 0,
      "inputs": [
        {
          "name": "",
          "type": "*",
          "link": 64,
          "slot_index": 0
        }
      ],
      "outputs": [
        {
          "name": "",
          "type": "MODEL",
          "links": [
            65,
            107
          ],
          "slot_index": 0
        }
      ],
      "properties": {
        "showOutputText": false,
        "horizontal": false
      }
    },
    {
      "id": 35,
      "type": "Reroute",
      "pos": [
        -35,
        502
      ],
      "size": [
        75,
        26
      ],
      "flags": {},
      "order": 16,
      "mode": 0,
      "inputs": [
        {
          "name": "",
          "type": "*",
          "link": 52,
          "slot_index": 0
        }
      ],
      "outputs": [
        {
          "name": "",
          "type": "CONDITIONING",
          "links": [
            53
          ],
          "slot_index": 0
        }
      ],
      "properties": {
        "showOutputText": false,
        "horizontal": false
      }
    },
    {
      "id": 20,
      "type": "VAEEncode",
      "pos": [
        2259.9470061164247,
        229.12565786841085
      ],
      "size": {
        "0": 210,
        "1": 46
      },
      "flags": {},
      "order": 31,
      "mode": 0,
      "inputs": [
        {
          "name": "pixels",
          "type": "IMAGE",
          "link": 26
        },
        {
          "name": "vae",
          "type": "VAE",
          "link": 116
        }
      ],
      "outputs": [
        {
          "name": "LATENT",
          "type": "LATENT",
          "links": [
            108
          ],
          "slot_index": 0
        }
      ],
      "properties": {
        "Node name for S&R": "VAEEncode"
      }
    },
    {
      "id": 47,
      "type": "VAEDecodeTiled",
      "pos": [
        3242.2152516990604,
        224.8481087964064
      ],
      "size": {
        "0": 210,
        "1": 46
      },
      "flags": {},
      "order": 37,
      "mode": 0,
      "inputs": [
        {
          "name": "samples",
          "type": "LATENT",
          "link": 88
        },
        {
          "name": "vae",
          "type": "VAE",
          "link": 89
        }
      ],
      "outputs": [
        {
          "name": "IMAGE",
          "type": "IMAGE",
          "links": [
            110
          ],
          "slot_index": 0
        }
      ],
      "properties": {
        "Node name for S&R": "VAEDecodeTiled"
      }
    },
    {
      "id": 49,
      "type": "Reroute",
      "pos": [
        2649,
        231
      ],
      "size": [
        75,
        26
      ],
      "flags": {},
      "order": 18,
      "mode": 0,
      "inputs": [
        {
          "name": "",
          "type": "*",
          "link": 106,
          "slot_index": 0
        }
      ],
      "outputs": [
        {
          "name": "",
          "type": "MODEL",
          "links": [
            95
          ],
          "slot_index": 0
        }
      ],
      "properties": {
        "showOutputText": false,
        "horizontal": false
      }
    },
    {
      "id": 44,
      "type": "ControlNetLoader",
      "pos": [
        2006.633755019765,
        -262.07714835438117
      ],
      "size": [
        340.19897398836974,
        58
      ],
      "flags": {},
      "order": 2,
      "mode": 0,
      "outputs": [
        {
          "name": "CONTROL_NET",
          "type": "CONTROL_NET",
          "links": [
            84
          ],
          "slot_index": 0
        }
      ],
      "properties": {
        "Node name for S&R": "ControlNetLoader"
      },
      "widgets_values": [
        "control_v11f1e_sd15_tile.pth"
      ]
    },
    {
      "id": 48,
      "type": "Reroute",
      "pos": [
        2003.465769532993,
        -170.09017178223715
      ],
      "size": [
        75,
        26
      ],
      "flags": {},
      "order": 24,
      "mode": 0,
      "inputs": [
        {
          "name": "",
          "type": "*",
          "link": 91,
          "slot_index": 0
        }
      ],
      "outputs": [
        {
          "name": "",
          "type": "CONDITIONING",
          "links": [
            92
          ],
          "slot_index": 0
        }
      ],
      "properties": {
        "showOutputText": false,
        "horizontal": false
      }
    },
    {
      "id": 63,
      "type": "Reroute",
      "pos": [
        2008.1413347762432,
        -83.09017178223708
      ],
      "size": [
        75,
        26
      ],
      "flags": {},
      "order": 32,
      "mode": 0,
      "inputs": [
        {
          "name": "",
          "type": "*",
          "link": 114,
          "slot_index": 0
        }
      ],
      "outputs": [
        {
          "name": "",
          "type": "IMAGE",
          "links": [
            115
          ],
          "slot_index": 0
        }
      ],
      "properties": {
        "showOutputText": false,
        "horizontal": false
      }
    },
    {
      "id": 60,
      "type": "LatentUpscale",
      "pos": [
        2222.559381168554,
        342.6052296495202
      ],
      "size": {
        "0": 315,
        "1": 130
      },
      "flags": {},
      "order": 33,
      "mode": 0,
      "inputs": [
        {
          "name": "samples",
          "type": "LATENT",
          "link": 108
        }
      ],
      "outputs": [
        {
          "name": "LATENT",
          "type": "LATENT",
          "links": [
            109
          ],
          "slot_index": 0
        }
      ],
      "properties": {
        "Node name for S&R": "LatentUpscale"
      },
      "widgets_values": [
        "bilinear",
        3840,
        2176,
        "center"
      ]
    },
    {
      "id": 24,
      "type": "ImageScale",
      "pos": [
        1686.2999932638063,
        116.46387452907874
      ],
      "size": {
        "0": 315,
        "1": 130
      },
      "flags": {},
      "order": 30,
      "mode": 0,
      "inputs": [
        {
          "name": "image",
          "type": "IMAGE",
          "link": 27
        }
      ],
      "outputs": [
        {
          "name": "IMAGE",
          "type": "IMAGE",
          "links": [
            26,
            114
          ],
          "slot_index": 0
        }
      ],
      "properties": {
        "Node name for S&R": "ImageScale"
      },
      "widgets_values": [
        "bilinear",
        1920,
        1200,
        "center"
      ]
    },
    {
      "id": 29,
      "type": "Reroute",
      "pos": [
        409,
        630
      ],
      "size": [
        75,
        26
      ],
      "flags": {},
      "order": 13,
      "mode": 0,
      "inputs": [
        {
          "name": "",
          "type": "*",
          "link": 41,
          "slot_index": 0
        }
      ],
      "outputs": [
        {
          "name": "",
          "type": "VAE",
          "links": [
            42,
            77,
            118
          ],
          "slot_index": 0
        }
      ],
      "properties": {
        "showOutputText": false,
        "horizontal": false
      }
    },
    {
      "id": 64,
      "type": "Reroute",
      "pos": [
        1977,
        601
      ],
      "size": [
        75,
        26
      ],
      "flags": {},
      "order": 17,
      "mode": 0,
      "inputs": [
        {
          "name": "",
          "type": "*",
          "link": 118,
          "slot_index": 0
        }
      ],
      "outputs": [
        {
          "name": "",
          "type": "VAE",
          "links": [
            116,
            117
          ],
          "slot_index": 0
        }
      ],
      "properties": {
        "showOutputText": false,
        "horizontal": false
      }
    },
    {
      "id": 25,
      "type": "CheckpointLoaderSimple",
      "pos": [
        -1862.6233291400263,
        11.511685128042796
      ],
      "size": [
        413.63984793025816,
        98
      ],
      "flags": {},
      "order": 3,
      "mode": 0,
      "outputs": [
        {
          "name": "MODEL",
          "type": "MODEL",
          "links": [
            124
          ],
          "slot_index": 0
        },
        {
          "name": "CLIP",
          "type": "CLIP",
          "links": [
            125
          ],
          "slot_index": 1
        },
        {
          "name": "VAE",
          "type": "VAE",
          "links": [
            98
          ],
          "slot_index": 2
        }
      ],
      "properties": {
        "Node name for S&R": "CheckpointLoaderSimple"
      },
      "widgets_values": [
        "chilloutmix_NiPrunedFp32Fix.safetensors"
      ]
    },
    {
      "id": 61,
      "type": "ImageScale",
      "pos": [
        3491.2152516990604,
        220.8481087964064
      ],
      "size": {
        "0": 315,
        "1": 130
      },
      "flags": {},
      "order": 38,
      "mode": 0,
      "inputs": [
        {
          "name": "image",
          "type": "IMAGE",
          "link": 110
        }
      ],
      "outputs": [
        {
          "name": "IMAGE",
          "type": "IMAGE",
          "links": [
            126
          ],
          "slot_index": 0
        }
      ],
      "properties": {
        "Node name for S&R": "ImageScale"
      },
      "widgets_values": [
        "nearest-exact",
        3840,
        2160,
        "center"
      ]
    },
    {
      "id": 45,
      "type": "ControlNetApply",
      "pos": [
        2394,
        -162
      ],
      "size": {
        "0": 317.4000244140625,
        "1": 98
      },
      "flags": {},
      "order": 34,
      "mode": 0,
      "inputs": [
        {
          "name": "conditioning",
          "type": "CONDITIONING",
          "link": 92
        },
        {
          "name": "control_net",
          "type": "CONTROL_NET",
          "link": 84
        },
        {
          "name": "image",
          "type": "IMAGE",
          "link": 115
        }
      ],
      "outputs": [
        {
          "name": "CONDITIONING",
          "type": "CONDITIONING",
          "links": [
            112
          ],
          "slot_index": 0
        }
      ],
      "properties": {
        "Node name for S&R": "ControlNetApply"
      },
      "widgets_values": [
        0.9979998779296876
      ]
    },
    {
      "id": 11,
      "type": "KSampler",
      "pos": [
        2814.678282091167,
        234.5414598895105
      ],
      "size": {
        "0": 315,
        "1": 262
      },
      "flags": {},
      "order": 36,
      "mode": 0,
      "inputs": [
        {
          "name": "model",
          "type": "MODEL",
          "link": 95,
          "slot_index": 0
        },
        {
          "name": "positive",
          "type": "CONDITIONING",
          "link": 128,
          "slot_index": 1
        },
        {
          "name": "negative",
          "type": "CONDITIONING",
          "link": 48,
          "slot_index": 2
        },
        {
          "name": "latent_image",
          "type": "LATENT",
          "link": 109,
          "slot_index": 3
        }
      ],
      "outputs": [
        {
          "name": "LATENT",
          "type": "LATENT",
          "links": [
            88
          ],
          "slot_index": 0
        }
      ],
      "properties": {
        "Node name for S&R": "KSampler"
      },
      "widgets_values": [
        673697423526705,
        "randomize",
        14,
        8,
        "dpmpp_2m",
        "simple",
        1
      ]
    },
    {
      "id": 31,
      "type": "Reroute",
      "pos": [
        427,
        5
      ],
      "size": [
        75,
        26
      ],
      "flags": {},
      "order": 20,
      "mode": 0,
      "inputs": [
        {
          "name": "",
          "type": "*",
          "link": 56,
          "slot_index": 0
        }
      ],
      "outputs": [
        {
          "name": "",
          "type": "CONDITIONING",
          "links": [
            91
          ],
          "slot_index": 0
        }
      ],
      "properties": {
        "showOutputText": false,
        "horizontal": false
      }
    },
    {
      "id": 62,
      "type": "Reroute",
      "pos": [
        2780.1413347762445,
        -92.0901717822371
      ],
      "size": [
        75,
        26
      ],
      "flags": {},
      "order": 35,
      "mode": 0,
      "inputs": [
        {
          "name": "",
          "type": "*",
          "link": 112,
          "slot_index": 0
        }
      ],
      "outputs": [
        {
          "name": "",
          "type": "CONDITIONING",
          "links": [
            128
          ],
          "slot_index": 0
        }
      ],
      "properties": {
        "showOutputText": false,
        "horizontal": false
      }
    },
    {
      "id": 33,
      "type": "Reroute",
      "pos": [
        2605,
        542
      ],
      "size": [
        75,
        26
      ],
      "flags": {},
      "order": 25,
      "mode": 0,
      "inputs": [
        {
          "name": "",
          "type": "*",
          "link": 83,
          "slot_index": 0
        }
      ],
      "outputs": [
        {
          "name": "",
          "type": "CONDITIONING",
          "links": [
            48
          ],
          "slot_index": 0
        }
      ],
      "properties": {
        "showOutputText": false,
        "horizontal": false
      }
    },
    {
      "id": 9,
      "type": "SaveImage",
      "pos": [
        944,
        408
      ],
      "size": [
        631.7732963009794,
        649.2190772207432
      ],
      "flags": {},
      "order": 29,
      "mode": 0,
      "inputs": [
        {
          "name": "images",
          "type": "IMAGE",
          "link": 9
        }
      ],
      "properties": {},
      "widgets_values": [
        "ComfyUI"
      ]
    },
    {
      "id": 12,
      "type": "SaveImage",
      "pos": [
        3872,
        215
      ],
      "size": [
        1396.4303530924508,
        920.6999398109949
      ],
      "flags": {},
      "order": 39,
      "mode": 0,
      "inputs": [
        {
          "name": "images",
          "type": "IMAGE",
          "link": 126
        }
      ],
      "properties": {},
      "widgets_values": [
        "ComfyUI"
      ]
    },
    {
      "id": 43,
      "type": "Reroute",
      "pos": [
        3068,
        599
      ],
      "size": [
        75,
        26
      ],
      "flags": {},
      "order": 22,
      "mode": 0,
      "inputs": [
        {
          "name": "",
          "type": "*",
          "link": 117,
          "slot_index": 0
        }
      ],
      "outputs": [
        {
          "name": "",
          "type": "VAE",
          "links": [
            89
          ],
          "slot_index": 0
        }
      ],
      "properties": {
        "showOutputText": false,
        "horizontal": false
      }
    }
  ],
  "links": [
    [
      2,
      5,
      0,
      3,
      3,
      "LATENT"
    ],
    [
      6,
      7,
      0,
      3,
      2,
      "CONDITIONING"
    ],
    [
      9,
      8,
      0,
      9,
      0,
      "IMAGE"
    ],
    [
      23,
      21,
      0,
      22,
      1,
      "IMAGE"
    ],
    [
      24,
      23,
      0,
      22,
      0,
      "UPSCALE_MODEL"
    ],
    [
      26,
      24,
      0,
      20,
      0,
      "IMAGE"
    ],
    [
      27,
      22,
      0,
      24,
      0,
      "IMAGE"
    ],
    [
      41,
      28,
      0,
      29,
      0,
      "*"
    ],
    [
      42,
      29,
      0,
      21,
      1,
      "VAE"
    ],
    [
      48,
      33,
      0,
      11,
      2,
      "CONDITIONING"
    ],
    [
      52,
      7,
      0,
      35,
      0,
      "*"
    ],
    [
      53,
      35,
      0,
      34,
      0,
      "*"
    ],
    [
      55,
      36,
      0,
      3,
      1,
      "CONDITIONING"
    ],
    [
      56,
      36,
      0,
      31,
      0,
      "*"
    ],
    [
      58,
      6,
      0,
      36,
      0,
      "*"
    ],
    [
      64,
      39,
      0,
      40,
      0,
      "*"
    ],
    [
      65,
      40,
      0,
      3,
      0,
      "MODEL"
    ],
    [
      66,
      38,
      0,
      6,
      0,
      "CLIP"
    ],
    [
      67,
      38,
      0,
      7,
      0,
      "CLIP"
    ],
    [
      77,
      29,
      0,
      8,
      1,
      "VAE"
    ],
    [
      83,
      34,
      0,
      33,
      0,
      "*"
    ],
    [
      84,
      44,
      0,
      45,
      1,
      "CONTROL_NET"
    ],
    [
      88,
      11,
      0,
      47,
      0,
      "LATENT"
    ],
    [
      89,
      43,
      0,
      47,
      1,
      "VAE"
    ],
    [
      91,
      31,
      0,
      48,
      0,
      "*"
    ],
    [
      92,
      48,
      0,
      45,
      0,
      "CONDITIONING"
    ],
    [
      95,
      49,
      0,
      11,
      0,
      "MODEL"
    ],
    [
      98,
      25,
      2,
      54,
      0,
      "*"
    ],
    [
      99,
      52,
      0,
      39,
      0,
      "*"
    ],
    [
      100,
      53,
      0,
      38,
      0,
      "*"
    ],
    [
      101,
      54,
      0,
      28,
      0,
      "*"
    ],
    [
      102,
      3,
      0,
      55,
      0,
      "*"
    ],
    [
      103,
      55,
      0,
      21,
      0,
      "LATENT"
    ],
    [
      104,
      55,
      0,
      8,
      0,
      "LATENT"
    ],
    [
      106,
      59,
      0,
      49,
      0,
      "*"
    ],
    [
      107,
      40,
      0,
      59,
      0,
      "*"
    ],
    [
      108,
      20,
      0,
      60,
      0,
      "LATENT"
    ],
    [
      109,
      60,
      0,
      11,
      3,
      "LATENT"
    ],
    [
      110,
      47,
      0,
      61,
      0,
      "IMAGE"
    ],
    [
      112,
      45,
      0,
      62,
      0,
      "*"
    ],
    [
      114,
      24,
      0,
      63,
      0,
      "*"
    ],
    [
      115,
      63,
      0,
      45,
      2,
      "IMAGE"
    ],
    [
      116,
      64,
      0,
      20,
      1,
      "VAE"
    ],
    [
      117,
      64,
      0,
      43,
      0,
      "*"
    ],
    [
      118,
      29,
      0,
      64,
      0,
      "*"
    ],
    [
      124,
      25,
      0,
      52,
      0,
      "*"
    ],
    [
      125,
      25,
      1,
      53,
      0,
      "*"
    ],
    [
      126,
      61,
      0,
      12,
      0,
      "IMAGE"
    ],
    [
      128,
      62,
      0,
      11,
      1,
      "CONDITIONING"
    ]
  ],
  "groups": [
    {
      "title": "Txt2Img",
      "bounding": [
        -851,
        -83,
        1366,
        755
      ],
      "color": "#a1309b"
    },
    {
      "title": "Save Intermediate Image",
      "bounding": [
        636,
        329,
        516,
        196
      ],
      "color": "#3f789e"
    },
    {
      "title": "Second pass",
      "bounding": [
        2785,
        155,
        379,
        429
      ],
      "color": "#444"
    },
    {
      "title": "Save Final Image",
      "bounding": [
        3222,
        138,
        709,
        317
      ],
      "color": "#3f789e"
    },
    {
      "title": "ESRGAN upscale with 4x model",
      "bounding": [
        974,
        26,
        578,
        184
      ],
      "color": "#3f789e"
    },
    {
      "title": "Decode to Pixel space",
      "bounding": [
        656,
        49,
        285,
        142
      ],
      "color": "#A88"
    },
    {
      "title": "Encode back to latent space",
      "bounding": [
        2208,
        140,
        344,
        352
      ],
      "color": "#A88"
    },
    {
      "title": "Downscale image to a more reasonable size",
      "bounding": [
        1607,
        32,
        483,
        245
      ],
      "color": "#8AA"
    },
    {
      "title": "Load Checkpoint and Lora",
      "bounding": [
        -1881,
        -64,
        859,
        404
      ],
      "color": "#3f789e"
    },
    {
      "title": "Group",
      "bounding": [
        558,
        1890,
        140,
        80
      ],
      "color": "#3f789e"
    },
    {
      "title": "ControlNet tile to upscale",
      "bounding": [
        1977,
        -334,
        902,
        292
      ],
      "color": "#3f789e"
    }
  ],
  "config": {},
  "extra": {},
  "version": 0.4
}