{"last_node_id": 47, "last_link_id": 72, "nodes": [{"id": 30, "type": "UpscaleModelLoader", "pos": [2230, -1430], "size": {"0": 315, "1": 58}, "flags": {}, "order": 0, "mode": 0, "outputs": [{"name": "UPSCALE_MODEL", "type": "UPSCALE_MODEL", "links": [36], "shape": 3, "slot_index": 0}], "properties": {"Node name for S&R": "UpscaleModelLoader"}, "widgets_values": ["4x-UltraSharp.pth"]}, {"id": 27, "type": "VAEDecode", "pos": [2330, -1320], "size": {"0": 210, "1": 46}, "flags": {}, "order": 22, "mode": 0, "inputs": [{"name": "samples", "type": "LATENT", "link": 31}, {"name": "vae", "type": "VAE", "link": 33}], "outputs": [{"name": "IMAGE", "type": "IMAGE", "links": [35], "shape": 3, "slot_index": 0}], "properties": {"Node name for S&R": "VAEDecode"}}, {"id": 26, "type": "CheckpointLoaderSimple", "pos": [1370, -1270], "size": {"0": 315, "1": 98}, "flags": {}, "order": 1, "mode": 0, "outputs": [{"name": "MODEL", "type": "MODEL", "links": [27], "shape": 3, "slot_index": 0}, {"name": "CLIP", "type": "CLIP", "links": [25, 26], "shape": 3, "slot_index": 1}, {"name": "VAE", "type": "VAE", "links": [33], "shape": 3, "slot_index": 2}], "properties": {"Node name for S&R": "CheckpointLoaderSimple"}, "widgets_values": ["sd_xl_refiner_1.0.safetensors"]}, {"id": 31, "type": "ImageUpscaleWithModel", "pos": [2560, -1320], "size": {"0": 241.79998779296875, "1": 46}, "flags": {}, "order": 23, "mode": 0, "inputs": [{"name": "upscale_model", "type": "UPSCALE_MODEL", "link": 36}, {"name": "image", "type": "IMAGE", "link": 35}], "outputs": [{"name": "IMAGE", "type": "IMAGE", "links": [44], "shape": 3, "slot_index": 0}], "properties": {"Node name for S&R": "ImageUpscaleWithModel"}}, {"id": 43, "type": "ImageUpscaleWithModel", "pos": [280, -1430], "size": {"0": 241.79998779296875, "1": 46}, "flags": {}, "order": 17, "mode": 0, "inputs": [{"name": "upscale_model", "type": "UPSCALE_MODEL", "link": 59}, {"name": "image", "type": "IMAGE", "link": 58}], "outputs": [{"name": "IMAGE", "type": "IMAGE", "links": [60, 61], "shape": 3, "slot_index": 0}], "properties": {"Node name for S&R": "ImageUpscaleWithModel"}}, {"id": 45, "type": "VAEEncode", "pos": [540, -1430], "size": {"0": 210, "1": 46}, "flags": {}, "order": 19, "mode": 0, "inputs": [{"name": "pixels", "type": "IMAGE", "link": 61}, {"name": "vae", "type": "VAE", "link": 63}], "outputs": [{"name": "LATENT", "type": "LATENT", "links": [62], "shape": 3, "slot_index": 0}], "properties": {"Node name for S&R": "VAEEncode"}}, {"id": 5, "type": "KSamplerAdvanced", "pos": [90, -1340], "size": [320, 550], "flags": {}, "order": 15, "mode": 0, "inputs": [{"name": "model", "type": "MODEL", "link": 6}, {"name": "positive", "type": "CONDITIONING", "link": 3}, {"name": "negative", "type": "CONDITIONING", "link": 4}, {"name": "latent_image", "type": "LATENT", "link": 7}], "outputs": [{"name": "LATENT", "type": "LATENT", "links": [56], "shape": 3, "slot_index": 0}], "properties": {"Node name for S&R": "KSamplerAdvanced"}, "widgets_values": ["enable", 623210718213046, "fixed", 50, 8, "euler_ancestral", "normal", 0, 10000, "disable"]}, {"id": 23, "type": "KSamplerAdvanced", "pos": [1980, -1330], "size": {"0": 320, "1": 550}, "flags": {}, "order": 21, "mode": 0, "inputs": [{"name": "model", "type": "MODEL", "link": 27}, {"name": "positive", "type": "CONDITIONING", "link": 28}, {"name": "negative", "type": "CONDITIONING", "link": 29}, {"name": "latent_image", "type": "LATENT", "link": 30}], "outputs": [{"name": "LATENT", "type": "LATENT", "links": [31], "shape": 3, "slot_index": 0}], "properties": {"Node name for S&R": "KSamplerAdvanced"}, "widgets_values": ["enable", 167570974388202, "fixed", 25, 8, "dpmpp_sde", "normal", 17, 10000, "disable"]}, {"id": 24, "type": "CLIPTextEncode", "pos": [1730, -1310], "size": [210, 50], "flags": {}, "order": 12, "mode": 0, "inputs": [{"name": "clip", "type": "CLIP", "link": 25}, {"name": "text", "type": "STRING", "link": 69, "widget": {"name": "text", "config": ["STRING", {"multiline": true}]}}], "outputs": [{"name": "CONDITIONING", "type": "CONDITIONING", "links": [28], "shape": 3, "slot_index": 0}], "properties": {"Node name for S&R": "CLIPTextEncode"}, "widgets_values": ["(Wheres Waldo Style:1.2), an crowded mushroom forest, huge crowd, people, intricate, 4k, 8k, high quality, (sharp focus:1.4), masterpiece, artstation, line art, vivid, foliage, trees, overgrowth, stylized, tiled"]}, {"id": 25, "type": "CLIPTextEncode", "pos": [1730, -1210], "size": [210, 50], "flags": {}, "order": 9, "mode": 0, "inputs": [{"name": "clip", "type": "CLIP", "link": 26}, {"name": "text", "type": "STRING", "link": 70, "widget": {"name": "text", "config": ["STRING", {"multiline": true}]}}], "outputs": [{"name": "CONDITIONING", "type": "CONDITIONING", "links": [29], "shape": 3, "slot_index": 0}], "properties": {"Node name for S&R": "CLIPTextEncode"}, "widgets_values": ["(washed out colors:1.25), pastel colors"]}, {"id": 32, "type": "SaveImage", "pos": [2340, -1220], "size": [880, 810], "flags": {}, "order": 24, "mode": 0, "inputs": [{"name": "images", "type": "IMAGE", "link": 44}], "properties": {}, "widgets_values": ["ComfyUI"]}, {"id": 15, "type": "CLIPTextEncode", "pos": [790, -1240], "size": [210, 50], "flags": {}, "order": 10, "mode": 0, "inputs": [{"name": "clip", "type": "CLIP", "link": 15}, {"name": "text", "type": "STRING", "link": 68, "widget": {"name": "text", "config": ["STRING", {"multiline": true}]}}], "outputs": [{"name": "CONDITIONING", "type": "CONDITIONING", "links": [17], "shape": 3, "slot_index": 0}], "properties": {"Node name for S&R": "CLIPTextEncode"}, "widgets_values": ["(washed out colors:1.25), pastel colors"]}, {"id": 14, "type": "CLIPTextEncode", "pos": [790, -1330], "size": [210, 50], "flags": {}, "order": 11, "mode": 0, "inputs": [{"name": "clip", "type": "CLIP", "link": 14}, {"name": "text", "type": "STRING", "link": 67, "widget": {"name": "text", "config": ["STRING", {"multiline": true}]}}], "outputs": [{"name": "CONDITIONING", "type": "CONDITIONING", "links": [16], "shape": 3, "slot_index": 0}], "properties": {"Node name for S&R": "CLIPTextEncode"}, "widgets_values": ["(Wheres Waldo Style:1.2), an crowded mushroom forest, huge crowd, people, intricate, 4k, 8k, high quality, (sharp focus:1.4), masterpiece, artstation, line art, vivid, foliage, trees, overgrowth, stylized, tiled"]}, {"id": 41, "type": "PreviewImage", "pos": [430, -1130], "size": [570, 610], "flags": {}, "order": 18, "mode": 0, "inputs": [{"name": "images", "type": "IMAGE", "link": 60}], "properties": {"Node name for S&R": "PreviewImage"}}, {"id": 12, "type": "KSamplerAdvanced", "pos": [1030, -1330], "size": [320, 550], "flags": {}, "order": 20, "mode": 0, "inputs": [{"name": "model", "type": "MODEL", "link": 13}, {"name": "positive", "type": "CONDITIONING", "link": 16}, {"name": "negative", "type": "CONDITIONING", "link": 17}, {"name": "latent_image", "type": "LATENT", "link": 62}], "outputs": [{"name": "LATENT", "type": "LATENT", "links": [30], "shape": 3, "slot_index": 0}], "properties": {"Node name for S&R": "KSamplerAdvanced"}, "widgets_values": ["enable", 167570974388202, "fixed", 20, 7.5, "euler_ancestral", "normal", 10, 1000, "enable"]}, {"id": 47, "type": "PrimitiveNode", "pos": [-540, -1390], "size": [330, 100], "flags": {}, "order": 2, "mode": 0, "outputs": [{"name": "STRING", "type": "STRING", "links": [66, 68, 70], "slot_index": 0, "widget": {"name": "text", "config": ["STRING", {"multiline": true}]}}], "properties": {}, "widgets_values": ["(washed out colors:1.25), pastel colors"]}, {"id": 42, "type": "UpscaleModelLoader", "pos": [120, -1530], "size": {"0": 315, "1": 58}, "flags": {}, "order": 3, "mode": 0, "outputs": [{"name": "UPSCALE_MODEL", "type": "UPSCALE_MODEL", "links": [59], "shape": 3, "slot_index": 0}], "properties": {"Node name for S&R": "UpscaleModelLoader"}, "widgets_values": ["RealESRGAN_x2.pth"]}, {"id": 44, "type": "VAEDecode", "pos": [60, -1430], "size": {"0": 210, "1": 46}, "flags": {}, "order": 16, "mode": 0, "inputs": [{"name": "samples", "type": "LATENT", "link": 56}, {"name": "vae", "type": "VAE", "link": 72}], "outputs": [{"name": "IMAGE", "type": "IMAGE", "links": [58], "shape": 3, "slot_index": 0}], "properties": {"Node name for S&R": "VAEDecode"}}, {"id": 2, "type": "CLIPTextEncode", "pos": [-160, -1210], "size": [210, 50], "flags": {}, "order": 14, "mode": 0, "inputs": [{"name": "clip", "type": "CLIP", "link": 2}, {"name": "text", "type": "STRING", "link": 66, "widget": {"name": "text", "config": ["STRING", {"multiline": true}]}, "slot_index": 1}], "outputs": [{"name": "CONDITIONING", "type": "CONDITIONING", "links": [4], "shape": 3, "slot_index": 0}], "properties": {"Node name for S&R": "CLIPTextEncode"}, "widgets_values": ["(washed out colors:1.25), pastel colors"]}, {"id": 1, "type": "CLIPTextEncode", "pos": [-160, -1310], "size": [210, 50], "flags": {}, "order": 13, "mode": 0, "inputs": [{"name": "clip", "type": "CLIP", "link": 1}, {"name": "text", "type": "STRING", "link": 65, "widget": {"name": "text", "config": ["STRING", {"multiline": true}]}, "slot_index": 1}], "outputs": [{"name": "CONDITIONING", "type": "CONDITIONING", "links": [3], "shape": 3, "slot_index": 0}], "properties": {"Node name for S&R": "CLIPTextEncode"}, "widgets_values": ["(Wheres Waldo Style:1.2), an crowded mushroom forest, huge crowd, people, intricate, 4k, 8k, high quality, (sharp focus:1.4), masterpiece, artstation, line art, vivid, foliage, trees, overgrowth, stylized, tiled"]}, {"id": 13, "type": "CheckpointLoaderSimple", "pos": [440, -1300], "size": {"0": 315, "1": 98}, "flags": {}, "order": 4, "mode": 0, "outputs": [{"name": "MODEL", "type": "MODEL", "links": [13], "shape": 3, "slot_index": 0}, {"name": "CLIP", "type": "CLIP", "links": [14, 15], "shape": 3, "slot_index": 1}, {"name": "VAE", "type": "VAE", "links": [63], "shape": 3, "slot_index": 2}], "properties": {"Node name for S&R": "CheckpointLoaderSimple"}, "widgets_values": ["sdvn7Realartxl_beta2.safetensors"]}, {"id": 7, "type": "EmptyLatentImage", "pos": [-540, -980], "size": {"0": 315, "1": 106}, "flags": {}, "order": 5, "mode": 0, "outputs": [{"name": "LATENT", "type": "LATENT", "links": [7], "shape": 3, "slot_index": 0}], "properties": {"Node name for S&R": "EmptyLatentImage"}, "widgets_values": [512, 512, 1]}, {"id": 46, "type": "PrimitiveNode", "pos": [-540, -1580], "size": [340, 140], "flags": {}, "order": 6, "mode": 0, "outputs": [{"name": "STRING", "type": "STRING", "links": [65, 67, 69], "widget": {"name": "text", "config": ["STRING", {"multiline": true}]}, "slot_index": 0}], "properties": {}, "widgets_values": ["(Wheres Waldo Style:1.2), an crowded mushroom forest, huge crowd, people, intricate, 4k, 8k, high quality, (sharp focus:1.4), masterpiece, artstation, line art, vivid, foliage, trees, overgrowth, stylized, tiled"]}, {"id": 3, "type": "CheckpointLoaderSimple", "pos": [-540, -1240], "size": {"0": 315, "1": 98}, "flags": {}, "order": 7, "mode": 0, "outputs": [{"name": "MODEL", "type": "MODEL", "links": [6], "shape": 3, "slot_index": 0}, {"name": "CLIP", "type": "CLIP", "links": [1, 2], "shape": 3, "slot_index": 1}, {"name": "VAE", "type": "VAE", "links": [], "shape": 3, "slot_index": 2}], "properties": {"Node name for S&R": "CheckpointLoaderSimple"}, "widgets_values": ["Wheres_Waldo_Style_14000step_merged.ckpt"]}, {"id": 4, "type": "VAELoader", "pos": [-540, -1090], "size": {"0": 315, "1": 58}, "flags": {}, "order": 8, "mode": 0, "outputs": [{"name": "VAE", "type": "VAE", "links": [72], "shape": 3, "slot_index": 0}], "properties": {"Node name for S&R": "VAELoader"}, "widgets_values": ["vae-ft-mse-840000-ema-pruned.safetensors"]}], "links": [[1, 3, 1, 1, 0, "CLIP"], [2, 3, 1, 2, 0, "CLIP"], [3, 1, 0, 5, 1, "CONDITIONING"], [4, 2, 0, 5, 2, "CONDITIONING"], [6, 3, 0, 5, 0, "MODEL"], [7, 7, 0, 5, 3, "LATENT"], [13, 13, 0, 12, 0, "MODEL"], [14, 13, 1, 14, 0, "CLIP"], [15, 13, 1, 15, 0, "CLIP"], [16, 14, 0, 12, 1, "CONDITIONING"], [17, 15, 0, 12, 2, "CONDITIONING"], [25, 26, 1, 24, 0, "CLIP"], [26, 26, 1, 25, 0, "CLIP"], [27, 26, 0, 23, 0, "MODEL"], [28, 24, 0, 23, 1, "CONDITIONING"], [29, 25, 0, 23, 2, "CONDITIONING"], [30, 12, 0, 23, 3, "LATENT"], [31, 23, 0, 27, 0, "LATENT"], [33, 26, 2, 27, 1, "VAE"], [35, 27, 0, 31, 1, "IMAGE"], [36, 30, 0, 31, 0, "UPSCALE_MODEL"], [44, 31, 0, 32, 0, "IMAGE"], [56, 5, 0, 44, 0, "LATENT"], [58, 44, 0, 43, 1, "IMAGE"], [59, 42, 0, 43, 0, "UPSCALE_MODEL"], [60, 43, 0, 41, 0, "IMAGE"], [61, 43, 0, 45, 0, "IMAGE"], [62, 45, 0, 12, 3, "LATENT"], [63, 13, 2, 45, 1, "VAE"], [65, 46, 0, 1, 1, "STRING"], [66, 47, 0, 2, 1, "STRING"], [67, 46, 0, 14, 1, "STRING"], [68, 47, 0, 15, 1, "STRING"], [69, 46, 0, 24, 1, "STRING"], [70, 47, 0, 25, 1, "STRING"], [72, 4, 0, 44, 1, "VAE"]], "groups": [], "config": {}, "extra": {}, "version": 0.4}