{"last_node_id": 15, "last_link_id": 22, "nodes": [{"id": 5, "type": "ttN pipeLoader", "pos": [0, 1080], "size": [400, 726], "flags": {}, "order": 0, "mode": 0, "inputs": [{"name": "optional_clip", "type": "CLIP", "link": null}], "outputs": [{"name": "pipe", "type": "PIPE_LINE", "links": [3], "shape": 3, "slot_index": 0}, {"name": "model", "type": "MODEL", "links": null, "shape": 3}, {"name": "positive", "type": "CONDITIONING", "links": null, "shape": 3}, {"name": "negative", "type": "CONDITIONING", "links": null, "shape": 3}, {"name": "latent", "type": "LATENT", "links": null, "shape": 3}, {"name": "vae", "type": "VAE", "links": null, "shape": 3}, {"name": "clip", "type": "CLIP", "links": null, "shape": 3}, {"name": "seed", "type": "INT", "links": null, "shape": 3}], "properties": {"Node name for S&R": "ttN pipeLoader", "ttNnodeVersion": "1.0.3"}, "widgets_values": ["aZovyaRPGArtistTools_v3VAE.safetensors", "Baked VAE", -1, "None", 1, 1, "None", 1, 1, "None", 1, 1, "an orange pumpkin, Jack-o'-lantern, halloween", "none", "comfy", "worst quality, normal quality, low quality, low res, blurry, text, watermark, logo, banner, extra digits, cropped, jpeg artifacts, signature, username, error, sketch ,duplicate, ugly, monochrome, horror, geometry, mutation, disgusting", "none", "comfy", 512, 512, 1, 0, "fixed"]}, {"id": 2, "type": "ttN pipeKSamplerAdvanced", "pos": [430, 280], "size": [330, 740], "flags": {}, "order": 4, "mode": 0, "inputs": [{"name": "pipe", "type": "PIPE_LINE", "link": 1}, {"name": "optional_model", "type": "MODEL", "link": null}, {"name": "optional_positive", "type": "CONDITIONING", "link": null}, {"name": "optional_negative", "type": "CONDITIONING", "link": null}, {"name": "optional_latent", "type": "LATENT", "link": null}, {"name": "optional_vae", "type": "VAE", "link": null}, {"name": "optional_clip", "type": "CLIP", "link": null}, {"name": "xyPlot", "type": "XYPLOT", "link": null}], "outputs": [{"name": "pipe", "type": "PIPE_LINE", "links": [13], "shape": 3, "slot_index": 0}, {"name": "model", "type": "MODEL", "links": null, "shape": 3}, {"name": "positive", "type": "CONDITIONING", "links": [9], "shape": 3, "slot_index": 2}, {"name": "negative", "type": "CONDITIONING", "links": null, "shape": 3}, {"name": "latent", "type": "LATENT", "links": [5], "shape": 3, "slot_index": 4}, {"name": "vae", "type": "VAE", "links": null, "shape": 3}, {"name": "clip", "type": "CLIP", "links": null, "shape": 3}, {"name": "image", "type": "IMAGE", "links": [], "shape": 3, "slot_index": 7}, {"name": "seed", "type": "INT", "links": null, "shape": 3}], "properties": {"Node name for S&R": "ttN pipeKSamplerAdvanced"}, "widgets_values": ["None", 1, 1, "None", 2, "disabled", "Sample", "enable", 25, 8, "euler_ancestral", "normal", 0, 10, "enable", "Preview", "ComfyUI", 686049012777369, "fixed"]}, {"id": 4, "type": "ttN pipeKSamplerAdvanced", "pos": [440, 1080], "size": [330, 740], "flags": {}, "order": 3, "mode": 0, "inputs": [{"name": "pipe", "type": "PIPE_LINE", "link": 3}, {"name": "optional_model", "type": "MODEL", "link": null}, {"name": "optional_positive", "type": "CONDITIONING", "link": null}, {"name": "optional_negative", "type": "CONDITIONING", "link": null}, {"name": "optional_latent", "type": "LATENT", "link": null}, {"name": "optional_vae", "type": "VAE", "link": null}, {"name": "optional_clip", "type": "CLIP", "link": null}, {"name": "xyPlot", "type": "XYPLOT", "link": null}], "outputs": [{"name": "pipe", "type": "PIPE_LINE", "links": null, "shape": 3}, {"name": "model", "type": "MODEL", "links": null, "shape": 3}, {"name": "positive", "type": "CONDITIONING", "links": [10], "shape": 3, "slot_index": 2}, {"name": "negative", "type": "CONDITIONING", "links": null, "shape": 3}, {"name": "latent", "type": "LATENT", "links": [19], "shape": 3, "slot_index": 4}, {"name": "vae", "type": "VAE", "links": null, "shape": 3}, {"name": "clip", "type": "CLIP", "links": null, "shape": 3}, {"name": "image", "type": "IMAGE", "links": [], "shape": 3, "slot_index": 7}, {"name": "seed", "type": "INT", "links": null, "shape": 3}], "properties": {"Node name for S&R": "ttN pipeKSamplerAdvanced", "ttNnodeVersion": "1.0.4"}, "widgets_values": ["None", 1, 1, "None", 2, "disabled", "Sample", "enable", 25, 8, "euler_ancestral", "normal", 0, 10, "enable", "Preview", "ComfyUI", 390176495807036, "fixed"]}, {"id": 7, "type": "LatentComposite", "pos": [950, 870], "size": {"0": 315, "1": 126}, "flags": {}, "order": 7, "mode": 0, "inputs": [{"name": "samples_to", "type": "LATENT", "link": 5}, {"name": "samples_from", "type": "LATENT", "link": 20}], "outputs": [{"name": "LATENT", "type": "LATENT", "links": [12], "shape": 3, "slot_index": 0}], "properties": {"Node name for S&R": "LatentComposite"}, "widgets_values": [256, 256, 0]}, {"id": 13, "type": "SaveImage", "pos": [2500, 620], "size": [610, 660], "flags": {}, "order": 11, "mode": 0, "inputs": [{"name": "images", "type": "IMAGE", "link": 17}], "properties": {}, "widgets_values": ["ComfyUI"]}, {"id": 15, "type": "CheckpointLoaderSimple", "pos": [2140, 480], "size": {"0": 315, "1": 98}, "flags": {}, "order": 1, "mode": 0, "outputs": [{"name": "MODEL", "type": "MODEL", "links": [21], "shape": 3}, {"name": "CLIP", "type": "CLIP", "links": null, "shape": 3}, {"name": "VAE", "type": "VAE", "links": [22], "shape": 3, "slot_index": 2}], "properties": {"Node name for S&R": "CheckpointLoaderSimple"}, "widgets_values": ["gameIconInstitute_v30.safetensors"]}, {"id": 9, "type": "ConditioningAverage ", "pos": [910, 710], "size": {"0": 380.4000244140625, "1": 78}, "flags": {}, "order": 6, "mode": 0, "inputs": [{"name": "conditioning_to", "type": "CONDITIONING", "link": 9}, {"name": "conditioning_from", "type": "CONDITIONING", "link": 10}], "outputs": [{"name": "CONDITIONING", "type": "CONDITIONING", "links": [11, 18], "shape": 3, "slot_index": 0}], "properties": {"Node name for S&R": "ConditioningAverage "}, "widgets_values": [0.5]}, {"id": 11, "type": "ttN pipeKSamplerAdvanced", "pos": [2140, 620], "size": [330, 790], "flags": {}, "order": 10, "mode": 0, "inputs": [{"name": "pipe", "type": "PIPE_LINE", "link": 14}, {"name": "optional_model", "type": "MODEL", "link": 21, "slot_index": 1}, {"name": "optional_positive", "type": "CONDITIONING", "link": 18}, {"name": "optional_negative", "type": "CONDITIONING", "link": null}, {"name": "optional_latent", "type": "LATENT", "link": 16}, {"name": "optional_vae", "type": "VAE", "link": 22}, {"name": "optional_clip", "type": "CLIP", "link": null}, {"name": "xyPlot", "type": "XYPLOT", "link": null}], "outputs": [{"name": "pipe", "type": "PIPE_LINE", "links": null, "shape": 3}, {"name": "model", "type": "MODEL", "links": null, "shape": 3}, {"name": "positive", "type": "CONDITIONING", "links": null, "shape": 3}, {"name": "negative", "type": "CONDITIONING", "links": null, "shape": 3}, {"name": "latent", "type": "LATENT", "links": null, "shape": 3}, {"name": "vae", "type": "VAE", "links": null, "shape": 3}, {"name": "clip", "type": "CLIP", "links": null, "shape": 3}, {"name": "image", "type": "IMAGE", "links": [17], "shape": 3, "slot_index": 7}, {"name": "seed", "type": "INT", "links": null, "shape": 3}], "properties": {"Node name for S&R": "ttN pipeKSamplerAdvanced"}, "widgets_values": ["add_detail.safetensors", 1, 1, "None", 2, "disabled", "Sample", "enable", 25, 8, "euler_ancestral", "normal", 13, 10000, "disable", "Preview", "ComfyUI", 98465152, "fixed"]}, {"id": 1, "type": "ttN pipeLoader", "pos": [0, 300], "size": [400, 726], "flags": {}, "order": 2, "mode": 0, "inputs": [{"name": "optional_clip", "type": "CLIP", "link": null}], "outputs": [{"name": "pipe", "type": "PIPE_LINE", "links": [1], "shape": 3, "slot_index": 0}, {"name": "model", "type": "MODEL", "links": null, "shape": 3}, {"name": "positive", "type": "CONDITIONING", "links": null, "shape": 3}, {"name": "negative", "type": "CONDITIONING", "links": null, "shape": 3}, {"name": "latent", "type": "LATENT", "links": null, "shape": 3}, {"name": "vae", "type": "VAE", "links": null, "shape": 3}, {"name": "clip", "type": "CLIP", "links": null, "shape": 3}, {"name": "seed", "type": "INT", "links": null, "shape": 3}], "properties": {"Node name for S&R": "ttN pipeLoader"}, "widgets_values": ["Wheres_Waldo_Style_14000step_merged.ckpt", "vae-ft-mse-840000-ema-pruned.safetensors", -1, "None", 1, 1, "None", 1, 1, "None", 1, 1, "(Wheres Waldo Style:0.6), A busy street in New York City, (bright primary colors:1.2)", "none", "comfy", "worst quality, normal quality, low quality, low res, blurry, text, watermark, logo, banner, extra digits, cropped, jpeg artifacts, signature, username, error, sketch ,duplicate, ugly, monochrome, horror, geometry, mutation, disgusting", "none", "comfy", 768, 768, 1, 0, "fixed"]}, {"id": 12, "type": "LatentUpscaleBy", "pos": [1780, 710], "size": {"0": 315, "1": 82}, "flags": {}, "order": 9, "mode": 0, "inputs": [{"name": "samples", "type": "LATENT", "link": 15}], "outputs": [{"name": "LATENT", "type": "LATENT", "links": [16], "shape": 3, "slot_index": 0}], "properties": {"Node name for S&R": "LatentUpscaleBy"}, "widgets_values": ["nearest-exact", 1.5]}, {"id": 10, "type": "ttN pipeKSamplerAdvanced", "pos": [1420, 620], "size": [330, 740], "flags": {}, "order": 8, "mode": 0, "inputs": [{"name": "pipe", "type": "PIPE_LINE", "link": 13}, {"name": "optional_model", "type": "MODEL", "link": null}, {"name": "optional_positive", "type": "CONDITIONING", "link": 11}, {"name": "optional_negative", "type": "CONDITIONING", "link": null}, {"name": "optional_latent", "type": "LATENT", "link": 12}, {"name": "optional_vae", "type": "VAE", "link": null}, {"name": "optional_clip", "type": "CLIP", "link": null}, {"name": "xyPlot", "type": "XYPLOT", "link": null}], "outputs": [{"name": "pipe", "type": "PIPE_LINE", "links": [14], "shape": 3, "slot_index": 0}, {"name": "model", "type": "MODEL", "links": null, "shape": 3}, {"name": "positive", "type": "CONDITIONING", "links": [], "shape": 3, "slot_index": 2}, {"name": "negative", "type": "CONDITIONING", "links": null, "shape": 3}, {"name": "latent", "type": "LATENT", "links": [15], "shape": 3, "slot_index": 4}, {"name": "vae", "type": "VAE", "links": null, "shape": 3}, {"name": "clip", "type": "CLIP", "links": null, "shape": 3}, {"name": "image", "type": "IMAGE", "links": [], "shape": 3, "slot_index": 7}, {"name": "seed", "type": "INT", "links": null, "shape": 3}], "properties": {"Node name for S&R": "ttN pipeKSamplerAdvanced", "ttNnodeVersion": "1.0.4"}, "widgets_values": ["None", 1, 1, "None", 2, "disabled", "Sample", "disable", 25, 8, "euler_ancestral", "normal", 10, 25, "disable", "Preview", "ComfyUI", 686049012777369, "fixed"]}, {"id": 14, "type": "LatentUpscale", "pos": [950, 1040], "size": {"0": 315, "1": 130}, "flags": {}, "order": 5, "mode": 0, "inputs": [{"name": "samples", "type": "LATENT", "link": 19}], "outputs": [{"name": "LATENT", "type": "LATENT", "links": [20], "shape": 3, "slot_index": 0}], "properties": {"Node name for S&R": "LatentUpscale"}, "widgets_values": ["area", 128, 128, "disabled"]}], "links": [[1, 1, 0, 2, 0, "PIPE_LINE"], [3, 5, 0, 4, 0, "PIPE_LINE"], [5, 2, 4, 7, 0, "LATENT"], [9, 2, 2, 9, 0, "CONDITIONING"], [10, 4, 2, 9, 1, "CONDITIONING"], [11, 9, 0, 10, 2, "CONDITIONING"], [12, 7, 0, 10, 4, "LATENT"], [13, 2, 0, 10, 0, "PIPE_LINE"], [14, 10, 0, 11, 0, "PIPE_LINE"], [15, 10, 4, 12, 0, "LATENT"], [16, 12, 0, 11, 4, "LATENT"], [17, 11, 7, 13, 0, "IMAGE"], [18, 9, 0, 11, 2, "CONDITIONING"], [19, 4, 4, 14, 0, "LATENT"], [20, 14, 0, 7, 1, "LATENT"], [21, 15, 0, 11, 1, "MODEL"], [22, 15, 2, 11, 5, "VAE"]], "groups": [], "config": {}, "extra": {}, "version": 0.4}