{"last_node_id": 36, "last_link_id": 52, "nodes": [{"id": 13, "type": "ImageUpscaleWithModel", "pos": [377, 644], "size": {"0": 241.79998779296875, "1": 46}, "flags": {}, "order": 15, "mode": 0, "inputs": [{"name": "upscale_model", "type": "UPSCALE_MODEL", "link": 13, "slot_index": 0}, {"name": "image", "type": "IMAGE", "link": 12}], "outputs": [{"name": "IMAGE", "type": "IMAGE", "links": [14, 15], "shape": 3, "slot_index": 0}], "properties": {"Node name for S&R": "ImageUpscaleWithModel"}}, {"id": 11, "type": "PreviewImage", "pos": [409, 843], "size": {"0": 477.212158203125, "1": 398.31658935546875}, "flags": {}, "order": 16, "mode": 0, "inputs": [{"name": "images", "type": "IMAGE", "link": 14}], "properties": {"Node name for S&R": "PreviewImage"}}, {"id": 6, "type": "SaveImage", "pos": [1258, 296], "size": {"0": 599.8212890625, "1": 650.7761840820312}, "flags": {}, "order": 21, "mode": 0, "inputs": [{"name": "images", "type": "IMAGE", "link": 5}], "properties": {}, "widgets_values": ["ComfyUI"]}, {"id": 3, "type": "CLIPTextEncode", "pos": [445, 156], "size": {"0": 400, "1": 200}, "flags": {}, "order": 13, "mode": 0, "inputs": [{"name": "clip", "type": "CLIP", "link": 2}], "outputs": [{"name": "CONDITIONING", "type": "CONDITIONING", "links": [7], "shape": 3, "slot_index": 0}], "properties": {"Node name for S&R": "CLIPTextEncode"}, "widgets_values": ["A sexy pirate on a creepy pirate ship, big breasts, big boobs, hot babe. Emerald canopy, tangled lianas, misty air, exotic orchids, elusive jaguars, cacophonous parrots, fern-cloaked floor, damp moss, vibrant bromeliads, gnarled roots, torrential raindrops, labyrinthine undergrowth, nocturnal fireflies, impenetrable darkness, towering mahogany, dense foliage, murmuring streams. 4k, RAW, Focal, Sharp focus, photograph, photo"]}, {"id": 4, "type": "CLIPTextEncode", "pos": [445, 403], "size": {"0": 400, "1": 200}, "flags": {}, "order": 14, "mode": 0, "inputs": [{"name": "clip", "type": "CLIP", "link": 3}], "outputs": [{"name": "CONDITIONING", "type": "CONDITIONING", "links": [8], "shape": 3, "slot_index": 0}], "properties": {"Node name for S&R": "CLIPTextEncode"}, "widgets_values": ["ugly, boring, washed out colors, pastel, embedding:bad_prompt_version2-neg, embedding:easynegative, embedding:ng_deepnegative_v1_75t, "]}, {"id": 20, "type": "VAEDecode", "pos": [2272, 181], "size": {"0": 210, "1": 46}, "flags": {}, "order": 25, "mode": 0, "inputs": [{"name": "samples", "type": "LATENT", "link": 27}, {"name": "vae", "type": "VAE", "link": 52}], "outputs": [{"name": "IMAGE", "type": "IMAGE", "links": [29], "shape": 3, "slot_index": 0}], "properties": {"Node name for S&R": "VAEDecode"}}, {"id": 5, "type": "VAEDecode", "pos": [1266, 202], "size": {"0": 210, "1": 46}, "flags": {}, "order": 20, "mode": 0, "inputs": [{"name": "samples", "type": "LATENT", "link": 4}, {"name": "vae", "type": "VAE", "link": 51, "slot_index": 1}], "outputs": [{"name": "IMAGE", "type": "IMAGE", "links": [5, 30], "shape": 3, "slot_index": 0}], "properties": {"Node name for S&R": "VAEDecode"}}, {"id": 22, "type": "ImageUpscaleWithModel", "pos": [1262.0597753021243, -120.68027206916807], "size": {"0": 241.79998779296875, "1": 46}, "flags": {}, "order": 22, "mode": 0, "inputs": [{"name": "upscale_model", "type": "UPSCALE_MODEL", "link": 31, "slot_index": 0}, {"name": "image", "type": "IMAGE", "link": 30}], "outputs": [{"name": "IMAGE", "type": "IMAGE", "links": [32], "shape": 3, "slot_index": 0}], "properties": {"Node name for S&R": "ImageUpscaleWithModel"}}, {"id": 24, "type": "VAEEncode", "pos": [1600, 0], "size": {"0": 210, "1": 46}, "flags": {}, "order": 23, "mode": 0, "inputs": [{"name": "pixels", "type": "IMAGE", "link": 32}, {"name": "vae", "type": "VAE", "link": 34}], "outputs": [{"name": "LATENT", "type": "LATENT", "links": [33], "shape": 3, "slot_index": 0}], "properties": {"Node name for S&R": "VAEEncode"}}, {"id": 21, "type": "SaveImage", "pos": [2264, 280], "size": {"0": 680.88330078125, "1": 725.7548828125}, "flags": {}, "order": 27, "mode": 0, "inputs": [{"name": "images", "type": "IMAGE", "link": 29}], "properties": {}, "widgets_values": ["ComfyUI"]}, {"id": 23, "type": "UpscaleModelLoader", "pos": [902, -140], "size": {"0": 315, "1": 58}, "flags": {}, "order": 0, "mode": 0, "outputs": [{"name": "UPSCALE_MODEL", "type": "UPSCALE_MODEL", "links": [31], "shape": 3}], "properties": {"Node name for S&R": "UpscaleModelLoader"}, "widgets_values": ["RealESRGAN_x2.pth"]}, {"id": 17, "type": "CheckpointLoaderSimple", "pos": [1508, 143], "size": {"0": 315, "1": 98}, "flags": {}, "order": 1, "mode": 0, "outputs": [{"name": "MODEL", "type": "MODEL", "links": [20], "shape": 3, "slot_index": 0}, {"name": "CLIP", "type": "CLIP", "links": [23, 24], "shape": 3, "slot_index": 1}, {"name": "VAE", "type": "VAE", "links": [34], "shape": 3, "slot_index": 2}], "properties": {"Node name for S&R": "CheckpointLoaderSimple"}, "widgets_values": ["nightvisionXLPhotorealisticPortrait_v0743ReleaseBakedvae.safetensors"]}, {"id": 7, "type": "EmptyLatentImage", "pos": [-185, 383], "size": {"0": 315, "1": 106}, "flags": {}, "order": 2, "mode": 0, "outputs": [{"name": "LATENT", "type": "LATENT", "links": [], "shape": 3, "slot_index": 0}], "properties": {"Node name for S&R": "EmptyLatentImage"}, "widgets_values": [1024, 1024, 1]}, {"id": 18, "type": "CLIPTextEncode", "pos": [1860, -331], "size": {"0": 400, "1": 200}, "flags": {}, "order": 10, "mode": 0, "inputs": [{"name": "clip", "type": "CLIP", "link": 24}], "outputs": [{"name": "CONDITIONING", "type": "CONDITIONING", "links": [25], "shape": 3, "slot_index": 0}], "properties": {"Node name for S&R": "CLIPTextEncode"}, "widgets_values": ["A sexy pirate on a creepy pirate ship, big breasts, big boobs, hot babe. Emerald canopy, tangled lianas, misty air, exotic orchids, elusive jaguars, cacophonous parrots, fern-cloaked floor, damp moss, vibrant bromeliads, gnarled roots, torrential raindrops, labyrinthine undergrowth, nocturnal fireflies, impenetrable darkness, towering mahogany, dense foliage, murmuring streams. 4k, RAW, Focal, Sharp focus, photograph, photo"]}, {"id": 19, "type": "CLIPTextEncode", "pos": [1843, -82], "size": {"0": 400, "1": 200}, "flags": {}, "order": 9, "mode": 0, "inputs": [{"name": "clip", "type": "CLIP", "link": 23}], "outputs": [{"name": "CONDITIONING", "type": "CONDITIONING", "links": [26], "shape": 3, "slot_index": 0}], "properties": {"Node name for S&R": "CLIPTextEncode"}, "widgets_values": ["ugly, boring, washed out colors, pastel, embedding:bad_prompt_version2-neg, embedding:easynegative, embedding:ng_deepnegative_v1_75t, "]}, {"id": 28, "type": "CLIPTextEncode", "pos": [2946, -131], "size": {"0": 400, "1": 200}, "flags": {}, "order": 11, "mode": 0, "inputs": [{"name": "clip", "type": "CLIP", "link": 42}], "outputs": [{"name": "CONDITIONING", "type": "CONDITIONING", "links": [38], "shape": 3, "slot_index": 0}], "properties": {"Node name for S&R": "CLIPTextEncode"}, "widgets_values": ["ugly, boring, washed out colors, pastel, embedding:bad_prompt_version2-neg, embedding:easynegative, embedding:ng_deepnegative_v1_75t, "]}, {"id": 27, "type": "CLIPTextEncode", "pos": [2949, -371], "size": {"0": 400, "1": 200}, "flags": {}, "order": 12, "mode": 0, "inputs": [{"name": "clip", "type": "CLIP", "link": 43}], "outputs": [{"name": "CONDITIONING", "type": "CONDITIONING", "links": [39], "shape": 3, "slot_index": 0}], "properties": {"Node name for S&R": "CLIPTextEncode"}, "widgets_values": ["A sexy pirate on a creepy pirate ship, big breasts, big boobs, hot babe. Emerald canopy, tangled lianas, misty air, exotic orchids, elusive jaguars, cacophonous parrots, fern-cloaked floor, damp moss, vibrant bromeliads, gnarled roots, torrential raindrops, labyrinthine undergrowth, nocturnal fireflies, impenetrable darkness, towering mahogany, dense foliage, murmuring streams. 4k, RAW, Focal, Sharp focus, photograph, photo"]}, {"id": 29, "type": "VAEDecode", "pos": [3348, 156], "size": {"0": 210, "1": 46}, "flags": {}, "order": 28, "mode": 0, "inputs": [{"name": "samples", "type": "LATENT", "link": 40}, {"name": "vae", "type": "VAE", "link": 41}], "outputs": [{"name": "IMAGE", "type": "IMAGE", "links": [45], "shape": 3, "slot_index": 0}], "properties": {"Node name for S&R": "VAEDecode"}}, {"id": 30, "type": "ImageUpscaleWithModel", "pos": [3633.7859289990233, -31.848105894317655], "size": {"0": 241.79998779296875, "1": 46}, "flags": {}, "order": 29, "mode": 0, "inputs": [{"name": "upscale_model", "type": "UPSCALE_MODEL", "link": 44, "slot_index": 0}, {"name": "image", "type": "IMAGE", "link": 45, "slot_index": 1}], "outputs": [{"name": "IMAGE", "type": "IMAGE", "links": [46], "shape": 3, "slot_index": 0}], "properties": {"Node name for S&R": "ImageUpscaleWithModel"}}, {"id": 33, "type": "SaveImage", "pos": [3571, 58], "size": {"0": 1016.5658569335938, "1": 948.930908203125}, "flags": {}, "order": 30, "mode": 0, "inputs": [{"name": "images", "type": "IMAGE", "link": 46}], "properties": {}, "widgets_values": ["ComfyUI"]}, {"id": 32, "type": "UpscaleModelLoader", "pos": [3429, -164], "size": {"0": 315, "1": 58}, "flags": {}, "order": 3, "mode": 0, "outputs": [{"name": "UPSCALE_MODEL", "type": "UPSCALE_MODEL", "links": [44], "shape": 3}], "properties": {"Node name for S&R": "UpscaleModelLoader"}, "widgets_values": ["RealESRGAN_x2.pth"]}, {"id": 12, "type": "UpscaleModelLoader", "pos": [383, 742], "size": {"0": 315, "1": 58}, "flags": {}, "order": 4, "mode": 0, "outputs": [{"name": "UPSCALE_MODEL", "type": "UPSCALE_MODEL", "links": [13], "shape": 3}], "properties": {"Node name for S&R": "UpscaleModelLoader"}, "widgets_values": ["RealESRGAN_x2.pth"]}, {"id": 14, "type": "VAEEncode", "pos": [642, 645], "size": {"0": 210, "1": 46}, "flags": {}, "order": 17, "mode": 0, "inputs": [{"name": "pixels", "type": "IMAGE", "link": 15}, {"name": "vae", "type": "VAE", "link": 17}], "outputs": [{"name": "LATENT", "type": "LATENT", "links": [49], "shape": 3, "slot_index": 0}], "properties": {"Node name for S&R": "VAEEncode"}}, {"id": 35, "type": "LatentUpscale", "pos": [899, 791], "size": {"0": 315, "1": 130}, "flags": {}, "order": 18, "mode": 0, "inputs": [{"name": "samples", "type": "LATENT", "link": 49}], "outputs": [{"name": "LATENT", "type": "LATENT", "links": [50], "shape": 3, "slot_index": 0}], "properties": {"Node name for S&R": "LatentUpscale"}, "widgets_values": ["area", 1024, 1024, "disabled"]}, {"id": 36, "type": "VAELoader", "pos": [902, -3], "size": {"0": 315, "1": 58}, "flags": {}, "order": 5, "mode": 0, "outputs": [{"name": "VAE", "type": "VAE", "links": [51, 52], "shape": 3, "slot_index": 0}], "properties": {"Node name for S&R": "VAELoader"}, "widgets_values": ["sdxl_vae.safetensors"]}, {"id": 25, "type": "KSamplerAdvanced", "pos": [3001.8946386718753, 148.36742037658698], "size": {"0": 315, "1": 546}, "flags": {}, "order": 26, "mode": 0, "inputs": [{"name": "model", "type": "MODEL", "link": 37, "slot_index": 0}, {"name": "positive", "type": "CONDITIONING", "link": 39}, {"name": "negative", "type": "CONDITIONING", "link": 38}, {"name": "latent_image", "type": "LATENT", "link": 36}], "outputs": [{"name": "LATENT", "type": "LATENT", "links": [40], "shape": 3, "slot_index": 0}], "properties": {"Node name for S&R": "KSamplerAdvanced"}, "widgets_values": ["enable", 51025893695283, "fixed", 21, 8, "ddim", "normal", 16, 10000, "disable"]}, {"id": 26, "type": "CheckpointLoaderSimple", "pos": [2540, 117], "size": {"0": 315, "1": 98}, "flags": {}, "order": 6, "mode": 0, "outputs": [{"name": "MODEL", "type": "MODEL", "links": [37], "shape": 3}, {"name": "CLIP", "type": "CLIP", "links": [42, 43], "shape": 3, "slot_index": 1}, {"name": "VAE", "type": "VAE", "links": [41], "shape": 3, "slot_index": 2}], "properties": {"Node name for S&R": "CheckpointLoaderSimple"}, "widgets_values": ["protovisionXLHighFidelity3D_beta0520Bakedvae.safetensors"]}, {"id": 1, "type": "CheckpointLoaderSimple", "pos": [-185, 230], "size": {"0": 315, "1": 98}, "flags": {}, "order": 7, "mode": 0, "outputs": [{"name": "MODEL", "type": "MODEL", "links": [1], "shape": 3, "slot_index": 0}, {"name": "CLIP", "type": "CLIP", "links": [2, 3], "shape": 3, "slot_index": 1}, {"name": "VAE", "type": "VAE", "links": [17], "shape": 3, "slot_index": 2}], "properties": {"Node name for S&R": "CheckpointLoaderSimple"}, "widgets_values": ["pyrosNSFWSDXL_v013e6.safetensors"]}, {"id": 8, "type": "LoadImage", "pos": [42, 538], "size": {"0": 315, "1": 314}, "flags": {}, "order": 8, "mode": 0, "outputs": [{"name": "IMAGE", "type": "IMAGE", "links": [12], "shape": 3, "slot_index": 0}, {"name": "MASK", "type": "MASK", "links": null, "shape": 3}], "properties": {"Node name for S&R": "LoadImage"}, "widgets_values": ["file (2).png", "image"]}, {"id": 2, "type": "KSamplerAdvanced", "pos": [898, 198], "size": {"0": 315, "1": 546}, "flags": {}, "order": 19, "mode": 0, "inputs": [{"name": "model", "type": "MODEL", "link": 1}, {"name": "positive", "type": "CONDITIONING", "link": 7}, {"name": "negative", "type": "CONDITIONING", "link": 8}, {"name": "latent_image", "type": "LATENT", "link": 50, "slot_index": 3}], "outputs": [{"name": "LATENT", "type": "LATENT", "links": [4], "shape": 3, "slot_index": 0}], "properties": {"Node name for S&R": "KSamplerAdvanced"}, "widgets_values": ["enable", 419530275512792, "fixed", 20, 7.611114501953125, "ddim", "normal", 10, 20, "enable"]}, {"id": 16, "type": "KSamplerAdvanced", "pos": [1920, 190], "size": {"0": 315, "1": 546}, "flags": {}, "order": 24, "mode": 0, "inputs": [{"name": "model", "type": "MODEL", "link": 20}, {"name": "positive", "type": "CONDITIONING", "link": 25}, {"name": "negative", "type": "CONDITIONING", "link": 26}, {"name": "latent_image", "type": "LATENT", "link": 33}], "outputs": [{"name": "LATENT", "type": "LATENT", "links": [27, 36], "shape": 3, "slot_index": 0}], "properties": {"Node name for S&R": "KSamplerAdvanced"}, "widgets_values": ["enable", 1336, "fixed", 20, 8, "ddim", "normal", 10, 10000, "disable"]}], "links": [[1, 1, 0, 2, 0, "MODEL"], [2, 1, 1, 3, 0, "CLIP"], [3, 1, 1, 4, 0, "CLIP"], [4, 2, 0, 5, 0, "LATENT"], [5, 5, 0, 6, 0, "IMAGE"], [7, 3, 0, 2, 1, "CONDITIONING"], [8, 4, 0, 2, 2, "CONDITIONING"], [12, 8, 0, 13, 1, "IMAGE"], [13, 12, 0, 13, 0, "UPSCALE_MODEL"], [14, 13, 0, 11, 0, "IMAGE"], [15, 13, 0, 14, 0, "IMAGE"], [17, 1, 2, 14, 1, "VAE"], [20, 17, 0, 16, 0, "MODEL"], [23, 17, 1, 19, 0, "CLIP"], [24, 17, 1, 18, 0, "CLIP"], [25, 18, 0, 16, 1, "CONDITIONING"], [26, 19, 0, 16, 2, "CONDITIONING"], [27, 16, 0, 20, 0, "LATENT"], [29, 20, 0, 21, 0, "IMAGE"], [30, 5, 0, 22, 1, "IMAGE"], [31, 23, 0, 22, 0, "UPSCALE_MODEL"], [32, 22, 0, 24, 0, "IMAGE"], [33, 24, 0, 16, 3, "LATENT"], [34, 17, 2, 24, 1, "VAE"], [36, 16, 0, 25, 3, "LATENT"], [37, 26, 0, 25, 0, "MODEL"], [38, 28, 0, 25, 2, "CONDITIONING"], [39, 27, 0, 25, 1, "CONDITIONING"], [40, 25, 0, 29, 0, "LATENT"], [41, 26, 2, 29, 1, "VAE"], [42, 26, 1, 28, 0, "CLIP"], [43, 26, 1, 27, 0, "CLIP"], [44, 32, 0, 30, 0, "UPSCALE_MODEL"], [45, 29, 0, 30, 1, "IMAGE"], [46, 30, 0, 33, 0, "IMAGE"], [49, 14, 0, 35, 0, "LATENT"], [50, 35, 0, 2, 3, "LATENT"], [51, 36, 0, 5, 1, "VAE"], [52, 36, 0, 20, 1, "VAE"]], "groups": [], "config": {}, "extra": {}, "version": 0.4}