{"last_node_id": 8, "last_link_id": 9, "nodes": [{"id": 1, "type": "CheckpointLoaderSimple", "pos": [31, 239], "size": {"0": 315, "1": 98}, "flags": {}, "order": 0, "mode": 0, "outputs": [{"name": "MODEL", "type": "MODEL", "links": [1], "shape": 3, "slot_index": 0}, {"name": "CLIP", "type": "CLIP", "links": [2, 3], "shape": 3, "slot_index": 1}, {"name": "VAE", "type": "VAE", "links": [6], "shape": 3}], "properties": {"Node name for S&R": "CheckpointLoaderSimple"}, "widgets_values": ["aZovyaRPGArtistTools_v3VAE.safetensors"]}, {"id": 4, "type": "CLIPTextEncode", "pos": [445, 403], "size": {"0": 400, "1": 200}, "flags": {}, "order": 3, "mode": 0, "inputs": [{"name": "clip", "type": "CLIP", "link": 3}], "outputs": [{"name": "CONDITIONING", "type": "CONDITIONING", "links": [8], "shape": 3, "slot_index": 0}], "properties": {"Node name for S&R": "CLIPTextEncode"}, "widgets_values": ["ugly, boring, washed out colors, pastel"]}, {"id": 5, "type": "VAEDecode", "pos": [1266, 202], "size": {"0": 210, "1": 46}, "flags": {}, "order": 5, "mode": 0, "inputs": [{"name": "samples", "type": "LATENT", "link": 4}, {"name": "vae", "type": "VAE", "link": 6, "slot_index": 1}], "outputs": [{"name": "IMAGE", "type": "IMAGE", "links": [5], "shape": 3, "slot_index": 0}], "properties": {"Node name for S&R": "VAEDecode"}}, {"id": 2, "type": "KSamplerAdvanced", "pos": [898, 198], "size": [315, 546], "flags": {}, "order": 4, "mode": 0, "inputs": [{"name": "model", "type": "MODEL", "link": 1}, {"name": "positive", "type": "CONDITIONING", "link": 7}, {"name": "negative", "type": "CONDITIONING", "link": 8}, {"name": "latent_image", "type": "LATENT", "link": 9, "slot_index": 3}], "outputs": [{"name": "LATENT", "type": "LATENT", "links": [4], "shape": 3, "slot_index": 0}], "properties": {"Node name for S&R": "KSamplerAdvanced"}, "widgets_values": ["enable", 634018447320571, "randomize", 20, 8, "euler", "normal", 0, 10000, "disable"]}, {"id": 7, "type": "EmptyLatentImage", "pos": [34, 383], "size": {"0": 315, "1": 106}, "flags": {}, "order": 1, "mode": 0, "outputs": [{"name": "LATENT", "type": "LATENT", "links": [9], "shape": 3}], "properties": {"Node name for S&R": "EmptyLatentImage"}, "widgets_values": [512, 512, 1]}, {"id": 3, "type": "CLIPTextEncode", "pos": [436, 125], "size": {"0": 400, "1": 200}, "flags": {}, "order": 2, "mode": 0, "inputs": [{"name": "clip", "type": "CLIP", "link": 2}], "outputs": [{"name": "CONDITIONING", "type": "CONDITIONING", "links": [7], "shape": 3, "slot_index": 0}], "properties": {"Node name for S&R": "CLIPTextEncode"}, "widgets_values": ["A sexy pirate on a creepy pirate ship, big breasts, big boobs, hot babe"]}, {"id": 6, "type": "SaveImage", "pos": [1518, 201], "size": [482.66680908203125, 479.6666564941406], "flags": {}, "order": 6, "mode": 0, "inputs": [{"name": "images", "type": "IMAGE", "link": 5}], "properties": {}, "widgets_values": ["ComfyUI"]}], "links": [[1, 1, 0, 2, 0, "MODEL"], [2, 1, 1, 3, 0, "CLIP"], [3, 1, 1, 4, 0, "CLIP"], [4, 2, 0, 5, 0, "LATENT"], [5, 5, 0, 6, 0, "IMAGE"], [6, 1, 2, 5, 1, "VAE"], [7, 3, 0, 2, 1, "CONDITIONING"], [8, 4, 0, 2, 2, "CONDITIONING"], [9, 7, 0, 2, 3, "LATENT"]], "groups": [], "config": {}, "extra": {}, "version": 0.4}