{"last_node_id": 14, "last_link_id": 17, "nodes": [{"id": 6, "type": "SaveImage", "pos": [1519, 202], "size": [315, 270], "flags": {}, "order": 11, "mode": 0, "inputs": [{"name": "images", "type": "IMAGE", "link": 5}], "properties": {}, "widgets_values": ["ComfyUI"]}, {"id": 3, "type": "CLIPTextEncode", "pos": [445, 156], "size": {"0": 400, "1": 200}, "flags": {}, "order": 5, "mode": 0, "inputs": [{"name": "clip", "type": "CLIP", "link": 2}], "outputs": [{"name": "CONDITIONING", "type": "CONDITIONING", "links": [7], "shape": 3, "slot_index": 0}], "properties": {"Node name for S&R": "CLIPTextEncode"}, "widgets_values": ["A beautiful landscape in the mountains, epic, masterpiece, artgerm, greg rutkowski, artstation, 4k, sharp focus, highly detailed, octane render"]}, {"id": 4, "type": "CLIPTextEncode", "pos": [445, 403], "size": {"0": 400, "1": 200}, "flags": {}, "order": 6, "mode": 0, "inputs": [{"name": "clip", "type": "CLIP", "link": 3}], "outputs": [{"name": "CONDITIONING", "type": "CONDITIONING", "links": [8], "shape": 3, "slot_index": 0}], "properties": {"Node name for S&R": "CLIPTextEncode"}, "widgets_values": ["ugly, boring, washed out colors, pastel"]}, {"id": 5, "type": "VAEDecode", "pos": [1266, 202], "size": {"0": 210, "1": 46}, "flags": {}, "order": 10, "mode": 0, "inputs": [{"name": "samples", "type": "LATENT", "link": 4}, {"name": "vae", "type": "VAE", "link": 6, "slot_index": 1}], "outputs": [{"name": "IMAGE", "type": "IMAGE", "links": [5], "shape": 3, "slot_index": 0}], "properties": {"Node name for S&R": "VAEDecode"}}, {"id": 2, "type": "KSamplerAdvanced", "pos": [898, 198], "size": [315, 546], "flags": {}, "order": 9, "mode": 0, "inputs": [{"name": "model", "type": "MODEL", "link": 1}, {"name": "positive", "type": "CONDITIONING", "link": 7}, {"name": "negative", "type": "CONDITIONING", "link": 8}, {"name": "latent_image", "type": "LATENT", "link": 16, "slot_index": 3}], "outputs": [{"name": "LATENT", "type": "LATENT", "links": [4], "shape": 3, "slot_index": 0}], "properties": {"Node name for S&R": "KSamplerAdvanced"}, "widgets_values": ["enable", 2238271735682, "randomize", 20, 8, "euler", "normal", 0, 10000, "disable"]}, {"id": 8, "type": "LoadImage", "pos": [42, 538], "size": [315, 314], "flags": {}, "order": 0, "mode": 0, "outputs": [{"name": "IMAGE", "type": "IMAGE", "links": [12], "shape": 3, "slot_index": 0}, {"name": "MASK", "type": "MASK", "links": null, "shape": 3}], "properties": {"Node name for S&R": "LoadImage"}, "widgets_values": ["ComfyUI_01023_.png", "image"]}, {"id": 12, "type": "UpscaleModelLoader", "pos": [383, 742], "size": {"0": 315, "1": 58}, "flags": {}, "order": 1, "mode": 0, "outputs": [{"name": "UPSCALE_MODEL", "type": "UPSCALE_MODEL", "links": [13], "shape": 3}], "properties": {"Node name for S&R": "UpscaleModelLoader"}, "widgets_values": ["RealESRGAN_x2.pth"]}, {"id": 13, "type": "ImageUpscaleWithModel", "pos": [377, 644], "size": {"0": 241.79998779296875, "1": 46}, "flags": {}, "order": 4, "mode": 0, "inputs": [{"name": "upscale_model", "type": "UPSCALE_MODEL", "link": 13, "slot_index": 0}, {"name": "image", "type": "IMAGE", "link": 12}], "outputs": [{"name": "IMAGE", "type": "IMAGE", "links": [14, 15], "shape": 3, "slot_index": 0}], "properties": {"Node name for S&R": "ImageUpscaleWithModel"}}, {"id": 7, "type": "EmptyLatentImage", "pos": [-185, 383], "size": {"0": 315, "1": 106}, "flags": {}, "order": 2, "mode": 0, "outputs": [{"name": "LATENT", "type": "LATENT", "links": [], "shape": 3}], "properties": {"Node name for S&R": "EmptyLatentImage"}, "widgets_values": [512, 512, 1]}, {"id": 1, "type": "CheckpointLoaderSimple", "pos": [-185, 230], "size": {"0": 315, "1": 98}, "flags": {}, "order": 3, "mode": 0, "outputs": [{"name": "MODEL", "type": "MODEL", "links": [1], "shape": 3, "slot_index": 0}, {"name": "CLIP", "type": "CLIP", "links": [2, 3], "shape": 3, "slot_index": 1}, {"name": "VAE", "type": "VAE", "links": [6, 17], "shape": 3, "slot_index": 2}], "properties": {"Node name for S&R": "CheckpointLoaderSimple"}, "widgets_values": ["nightvisionXLPhotorealisticPortrait_v0743ReleaseBakedvae.safetensors"]}, {"id": 14, "type": "VAEEncode", "pos": [642, 645], "size": {"0": 210, "1": 46}, "flags": {}, "order": 8, "mode": 0, "inputs": [{"name": "pixels", "type": "IMAGE", "link": 15}, {"name": "vae", "type": "VAE", "link": 17}], "outputs": [{"name": "LATENT", "type": "LATENT", "links": [16], "shape": 3, "slot_index": 0}], "properties": {"Node name for S&R": "VAEEncode"}}, {"id": 11, "type": "PreviewImage", "pos": [409, 843], "size": [477.2121518066399, 398.3165880432125], "flags": {}, "order": 7, "mode": 0, "inputs": [{"name": "images", "type": "IMAGE", "link": 14}], "properties": {"Node name for S&R": "PreviewImage"}}], "links": [[1, 1, 0, 2, 0, "MODEL"], [2, 1, 1, 3, 0, "CLIP"], [3, 1, 1, 4, 0, "CLIP"], [4, 2, 0, 5, 0, "LATENT"], [5, 5, 0, 6, 0, "IMAGE"], [6, 1, 2, 5, 1, "VAE"], [7, 3, 0, 2, 1, "CONDITIONING"], [8, 4, 0, 2, 2, "CONDITIONING"], [12, 8, 0, 13, 1, "IMAGE"], [13, 12, 0, 13, 0, "UPSCALE_MODEL"], [14, 13, 0, 11, 0, "IMAGE"], [15, 13, 0, 14, 0, "IMAGE"], [16, 14, 0, 2, 3, "LATENT"], [17, 1, 2, 14, 1, "VAE"]], "groups": [], "config": {}, "extra": {}, "version": 0.4}