{"last_node_id": 109, "last_link_id": 195, "nodes": [{"id": 22, "type": "SaveImage", "pos": [935, -481], "size": {"0": 480.05059814453125, "1": 533.3143310546875}, "flags": {}, "order": 40, "mode": 2, "inputs": [{"name": "images", "type": "IMAGE", "link": 33}], "properties": {}, "widgets_values": ["ComfyUI"]}, {"id": 20, "type": "VAEDecode", "pos": [662, -516], "size": {"0": 210, "1": 46}, "flags": {}, "order": 35, "mode": 2, "inputs": [{"name": "samples", "type": "LATENT", "link": 52}, {"name": "vae", "type": "VAE", "link": 34, "slot_index": 1}], "outputs": [{"name": "IMAGE", "type": "IMAGE", "links": [33], "shape": 3, "slot_index": 0}], "properties": {"Node name for S&R": "VAEDecode"}}, {"id": 5, "type": "CLIPTextEncode", "pos": [160, 89], "size": {"0": 400, "1": 200}, "flags": {}, "order": 24, "mode": 2, "inputs": [{"name": "clip", "type": "CLIP", "link": 114}], "outputs": [{"name": "CONDITIONING", "type": "CONDITIONING", "links": [5], "shape": 3, "slot_index": 0}], "properties": {"Node name for S&R": "CLIPTextEncode"}, "widgets_values": ["an intricate terrarium, jungle, lush foliage"]}, {"id": 16, "type": "CLIPTextEncode", "pos": [169, -449], "size": {"0": 400, "1": 200}, "flags": {}, "order": 25, "mode": 2, "inputs": [{"name": "clip", "type": "CLIP", "link": 115}], "outputs": [{"name": "CONDITIONING", "type": "CONDITIONING", "links": [48, 78], "shape": 3, "slot_index": 0}], "properties": {"Node name for S&R": "CLIPTextEncode"}, "widgets_values": ["a beautiful ocean scene, clear water, ocean plants, coral, koi fish in the background. masterpiece, artstation, futuristic, digital art, intricate, detailed"]}, {"id": 4, "type": "CLIPTextEncode", "pos": [158, 358], "size": {"0": 400, "1": 200}, "flags": {}, "order": 17, "mode": 2, "inputs": [{"name": "clip", "type": "CLIP", "link": 2}], "outputs": [{"name": "CONDITIONING", "type": "CONDITIONING", "links": [6, 49, 55, 107], "shape": 3, "slot_index": 0}], "properties": {"Node name for S&R": "CLIPTextEncode"}, "widgets_values": ["worst quality, normal quality, low quality, low res, blurry, text, watermark, logo, banner, extra digits, cropped, jpeg artifacts, signature, username, error, sketch ,duplicate, ugly, monochrome, horror, geometry, mutation, disgusting"]}, {"id": 49, "type": "UpscaleModelLoader", "pos": [2532, 156], "size": {"0": 315, "1": 58}, "flags": {}, "order": 0, "mode": 2, "outputs": [{"name": "UPSCALE_MODEL", "type": "UPSCALE_MODEL", "links": [108], "shape": 3}], "properties": {"Node name for S&R": "UpscaleModelLoader"}, "widgets_values": ["2x-Bubble-AnimeScale-SwinIR-Small-v1.pth"]}, {"id": 48, "type": "ImageUpscaleWithModel", "pos": [2559, 251], "size": {"0": 241.79998779296875, "1": 46}, "flags": {}, "order": 50, "mode": 2, "inputs": [{"name": "upscale_model", "type": "UPSCALE_MODEL", "link": 108, "slot_index": 0}, {"name": "image", "type": "IMAGE", "link": 109}], "outputs": [{"name": "IMAGE", "type": "IMAGE", "links": [], "shape": 3, "slot_index": 0}], "properties": {"Node name for S&R": "ImageUpscaleWithModel"}}, {"id": 12, "type": "SaveImage", "pos": [1216, 192], "size": {"0": 275.1568908691406, "1": 321.640380859375}, "flags": {}, "order": 39, "mode": 2, "inputs": [{"name": "images", "type": "IMAGE", "link": 17}], "properties": {}, "widgets_values": ["ComfyUI"]}, {"id": 50, "type": "LoraLoader", "pos": [46, -802], "size": {"0": 315, "1": 126}, "flags": {}, "order": 18, "mode": 2, "inputs": [{"name": "model", "type": "MODEL", "link": 113}, {"name": "clip", "type": "CLIP", "link": 112}], "outputs": [{"name": "MODEL", "type": "MODEL", "links": [116, 117, 118], "shape": 3, "slot_index": 0}, {"name": "CLIP", "type": "CLIP", "links": [114, 115], "shape": 3, "slot_index": 1}], "properties": {"Node name for S&R": "LoraLoader"}, "widgets_values": ["more_details.safetensors", 1, 1]}, {"id": 18, "type": "EmptyLatentImage", "pos": [-74, -194], "size": {"0": 315, "1": 106}, "flags": {}, "order": 1, "mode": 2, "outputs": [{"name": "LATENT", "type": "LATENT", "links": [50], "shape": 3, "slot_index": 0}], "properties": {"Node name for S&R": "EmptyLatentImage"}, "widgets_values": [1024, 768, 1]}, {"id": 1, "type": "KSamplerAdvanced", "pos": [595, 170], "size": {"0": 315, "1": 546}, "flags": {}, "order": 29, "mode": 2, "inputs": [{"name": "model", "type": "MODEL", "link": 117}, {"name": "positive", "type": "CONDITIONING", "link": 5}, {"name": "negative", "type": "CONDITIONING", "link": 6}, {"name": "latent_image", "type": "LATENT", "link": 7, "slot_index": 3}], "outputs": [{"name": "LATENT", "type": "LATENT", "links": [45], "shape": 3, "slot_index": 0}], "properties": {"Node name for S&R": "KSamplerAdvanced"}, "widgets_values": ["enable", 985210, "fixed", 25, 8, "euler_ancestral", "normal", 0, 10, "enable"]}, {"id": 27, "type": "KSamplerAdvanced", "pos": [596, -429], "size": {"0": 315, "1": 546}, "flags": {}, "order": 30, "mode": 2, "inputs": [{"name": "model", "type": "MODEL", "link": 116, "slot_index": 0}, {"name": "positive", "type": "CONDITIONING", "link": 48}, {"name": "negative", "type": "CONDITIONING", "link": 49, "slot_index": 2}, {"name": "latent_image", "type": "LATENT", "link": 50, "slot_index": 3}], "outputs": [{"name": "LATENT", "type": "LATENT", "links": [51, 52], "shape": 3, "slot_index": 0}], "properties": {"Node name for S&R": "KSamplerAdvanced"}, "widgets_values": ["enable", 64652044, "fixed", 25, 8, "euler_ancestral", "normal", 0, 10, "enable"]}, {"id": 60, "type": "VAEDecode", "pos": [14, 679], "size": {"0": 210, "1": 46}, "flags": {}, "order": 41, "mode": 2, "inputs": [{"name": "samples", "type": "LATENT", "link": 141}, {"name": "vae", "type": "VAE", "link": 131, "slot_index": 1}], "outputs": [{"name": "IMAGE", "type": "IMAGE", "links": [132], "shape": 3, "slot_index": 0}], "properties": {"Node name for S&R": "VAEDecode"}}, {"id": 8, "type": "VAEDecode", "pos": [955, 174], "size": {"0": 210, "1": 46}, "flags": {}, "order": 34, "mode": 2, "inputs": [{"name": "samples", "type": "LATENT", "link": 45}, {"name": "vae", "type": "VAE", "link": 15}], "outputs": [{"name": "IMAGE", "type": "IMAGE", "links": [17], "shape": 3, "slot_index": 0}], "properties": {"Node name for S&R": "VAEDecode"}}, {"id": 28, "type": "KSamplerAdvanced", "pos": [1814, -403], "size": {"0": 315, "1": 546}, "flags": {}, "order": 45, "mode": 2, "inputs": [{"name": "model", "type": "MODEL", "link": 57, "slot_index": 0}, {"name": "positive", "type": "CONDITIONING", "link": 95}, {"name": "negative", "type": "CONDITIONING", "link": 55, "slot_index": 2}, {"name": "latent_image", "type": "LATENT", "link": 93}], "outputs": [{"name": "LATENT", "type": "LATENT", "links": [146], "shape": 3, "slot_index": 0}], "properties": {"Node name for S&R": "KSamplerAdvanced"}, "widgets_values": ["disable", 636777315493323, "fixed", 25, 7, "euler_ancestral", "normal", 10, 10000, "disable"]}, {"id": 3, "type": "CheckpointLoaderSimple", "pos": [-563, 192], "size": {"0": 315, "1": 98}, "flags": {}, "order": 2, "mode": 2, "outputs": [{"name": "MODEL", "type": "MODEL", "links": [57, 113], "shape": 3, "slot_index": 0}, {"name": "CLIP", "type": "CLIP", "links": [2, 112], "shape": 3, "slot_index": 1}, {"name": "VAE", "type": "VAE", "links": [15, 34, 148], "shape": 3, "slot_index": 2}], "properties": {"Node name for S&R": "CheckpointLoaderSimple"}, "widgets_values": ["babes_20.safetensors"]}, {"id": 62, "type": "SaveImage", "pos": [-112, 778], "size": {"0": 459.4815368652344, "1": 312.2323913574219}, "flags": {}, "order": 44, "mode": 2, "inputs": [{"name": "images", "type": "IMAGE", "link": 132}], "properties": {}, "widgets_values": ["ComfyUI"]}, {"id": 46, "type": "VAEDecode", "pos": [2583, 63], "size": {"0": 210, "1": 46}, "flags": {}, "order": 49, "mode": 2, "inputs": [{"name": "samples", "type": "LATENT", "link": 101}, {"name": "vae", "type": "VAE", "link": 148}], "outputs": [{"name": "IMAGE", "type": "IMAGE", "links": [109, 149], "shape": 3, "slot_index": 0}], "properties": {"Node name for S&R": "VAEDecode"}}, {"id": 19, "type": "LatentComposite", "pos": [1606, 276], "size": {"0": 315, "1": 126}, "flags": {}, "order": 42, "mode": 2, "inputs": [{"name": "samples_to", "type": "LATENT", "link": 51}, {"name": "samples_from", "type": "LATENT", "link": 142}], "outputs": [{"name": "LATENT", "type": "LATENT", "links": [93], "shape": 3, "slot_index": 0}], "properties": {"Node name for S&R": "LatentComposite"}, "widgets_values": [256, 0, 0]}, {"id": 66, "type": "KSamplerAdvanced", "pos": [-460, 588], "size": {"0": 315, "1": 546}, "flags": {}, "order": 36, "mode": 2, "inputs": [{"name": "model", "type": "MODEL", "link": 137}, {"name": "positive", "type": "CONDITIONING", "link": 138}, {"name": "negative", "type": "CONDITIONING", "link": null}, {"name": "latent_image", "type": "LATENT", "link": 140, "slot_index": 3}], "outputs": [{"name": "LATENT", "type": "LATENT", "links": [141, 142], "shape": 3, "slot_index": 0}], "properties": {"Node name for S&R": "KSamplerAdvanced"}, "widgets_values": ["enable", 733941249189022, "fixed", 25, 8, "euler_ancestral", "normal", 9, 10, "enable"]}, {"id": 68, "type": "LatentUpscaleBy", "pos": [2171, -404], "size": {"0": 315, "1": 82}, "flags": {}, "order": 47, "mode": 2, "inputs": [{"name": "samples", "type": "LATENT", "link": 146}], "outputs": [{"name": "LATENT", "type": "LATENT", "links": [147], "shape": 3, "slot_index": 0}], "properties": {"Node name for S&R": "LatentUpscaleBy"}, "widgets_values": ["area", 1.25]}, {"id": 24, "type": "SaveImage", "pos": [2946, -575], "size": {"0": 1281.6734619140625, "1": 1011.220703125}, "flags": {}, "order": 51, "mode": 2, "inputs": [{"name": "images", "type": "IMAGE", "link": 149}], "properties": {}, "widgets_values": ["ComfyUI"]}, {"id": 45, "type": "KSampler", "pos": [2525, -473], "size": {"0": 315, "1": 474}, "flags": {}, "order": 48, "mode": 2, "inputs": [{"name": "model", "type": "MODEL", "link": 118}, {"name": "positive", "type": "CONDITIONING", "link": 106}, {"name": "negative", "type": "CONDITIONING", "link": 107}, {"name": "latent_image", "type": "LATENT", "link": 147}], "outputs": [{"name": "LATENT", "type": "LATENT", "links": [101], "shape": 3, "slot_index": 0}], "properties": {"Node name for S&R": "KSampler"}, "widgets_values": [98465163, "fixed", 25, 8, "euler", "normal", 0.5]}, {"id": 41, "type": "ConditioningAverage ", "pos": [1400, -745], "size": {"0": 380.4000244140625, "1": 78}, "flags": {}, "order": 31, "mode": 2, "inputs": [{"name": "conditioning_to", "type": "CONDITIONING", "link": 78}, {"name": "conditioning_from", "type": "CONDITIONING", "link": 145, "slot_index": 1}], "outputs": [{"name": "CONDITIONING", "type": "CONDITIONING", "links": [95, 106], "shape": 3, "slot_index": 0}], "properties": {"Node name for S&R": "ConditioningAverage "}, "widgets_values": [0.32000000000000023]}, {"id": 6, "type": "EmptyLatentImage", "pos": [-425, 344], "size": {"0": 315, "1": 106}, "flags": {}, "order": 3, "mode": 2, "outputs": [{"name": "LATENT", "type": "LATENT", "links": [7], "shape": 3, "slot_index": 0}], "properties": {"Node name for S&R": "EmptyLatentImage"}, "widgets_values": [512, 768, 1]}, {"id": 78, "type": "Reroute", "pos": [-1185.306377890626, 726.7062927111824], "size": [75, 26], "flags": {}, "order": 4, "mode": 0, "inputs": [{"name": "", "type": "*", "link": null}], "outputs": [{"name": "", "type": "*", "links": null}], "properties": {"showOutputText": false, "horizontal": false}, "color": "#322", "bgcolor": "#533"}, {"id": 76, "type": "Reroute", "pos": [-1175.306377890626, 496.70629271118236], "size": [75, 26], "flags": {}, "order": 27, "mode": 0, "inputs": [{"name": "", "type": "*", "link": 159}], "outputs": [{"name": "", "type": "CONDITIONING", "links": null}], "title": "Positive Prompt", "properties": {"showOutputText": false, "horizontal": false}, "color": "#232", "bgcolor": "#353"}, {"id": 77, "type": "Reroute", "pos": [-1175.306377890626, 116.70629271118148], "size": [75, 26], "flags": {}, "order": 37, "mode": 0, "inputs": [{"name": "", "type": "*", "link": 160}], "outputs": [{"name": "", "type": "LATENT", "links": null}], "properties": {"showOutputText": false, "horizontal": false}, "color": "#ffb0ff", "bgcolor": "#ff9cf9"}, {"id": 67, "type": "ConstrainImage|pysssss", "pos": [-4883.897512659375, 384.9615015641109], "size": {"0": 326.6396789550781, "1": 154}, "flags": {}, "order": 19, "mode": 0, "inputs": [{"name": "images", "type": "IMAGE", "link": 143}, {"name": "max_width", "type": "INT", "link": 164, "widget": {"name": "max_width", "config": ["INT", {"default": 1024, "min": 0}]}, "slot_index": 1}, {"name": "max_height", "type": "INT", "link": 165, "widget": {"name": "max_height", "config": ["INT", {"default": 1024, "min": 0}]}}, {"name": "min_width", "type": "INT", "link": 166, "widget": {"name": "min_width", "config": ["INT", {"default": 0, "min": 0}]}}, {"name": "min_height", "type": "INT", "link": 167, "widget": {"name": "min_height", "config": ["INT", {"default": 0, "min": 0}]}}, {"name": "crop_if_required", "type": "yes,no", "link": 163, "widget": {"name": "crop_if_required", "config": [["yes", "no"], {"default": "no"}]}, "slot_index": 5}], "outputs": [{"name": "IMAGE", "type": "IMAGE", "links": [168], "shape": 6, "slot_index": 0}], "properties": {"Node name for S&R": "ConstrainImage|pysssss"}, "widgets_values": [768, 768, 0, 0, "no"]}, {"id": 82, "type": "PrimitiveNode", "pos": [-4459.897512659375, 360.9615015641109], "size": {"0": 210, "1": 82}, "flags": {}, "order": 5, "mode": 0, "outputs": [{"name": "COMBO", "type": "yes,no", "links": [163], "slot_index": 0, "widget": {"name": "crop_if_required", "config": [["yes", "no"], {"default": "no"}]}}], "title": "Crop if required?", "properties": {}, "widgets_values": ["no", "fixed"], "color": "#322", "bgcolor": "#533"}, {"id": 85, "type": "PrimitiveNode", "pos": [-4459.897512659375, 241.961501564111], "size": {"0": 210, "1": 82}, "flags": {}, "order": 6, "mode": 0, "outputs": [{"name": "INT", "type": "INT", "links": [165], "slot_index": 0, "widget": {"name": "max_height", "config": ["INT", {"default": 1024, "min": 0}]}}], "title": "Max Height", "properties": {}, "widgets_values": [768, "fixed"], "color": "#2a363b", "bgcolor": "#3f5159"}, {"id": 84, "type": "PrimitiveNode", "pos": [-4238.897512659373, 241.961501564111], "size": {"0": 210, "1": 82}, "flags": {}, "order": 7, "mode": 0, "outputs": [{"name": "INT", "type": "INT", "links": [164], "slot_index": 0, "widget": {"name": "max_width", "config": ["INT", {"default": 1024, "min": 0}]}}], "title": "Max Width", "properties": {}, "widgets_values": [768, "fixed"], "color": "#2a363b", "bgcolor": "#3f5159"}, {"id": 87, "type": "PrimitiveNode", "pos": [-4458.897512659375, 121.96150156411137], "size": {"0": 210, "1": 82}, "flags": {}, "order": 8, "mode": 0, "outputs": [{"name": "INT", "type": "INT", "links": [167], "slot_index": 0, "widget": {"name": "min_height", "config": ["INT", {"default": 0, "min": 0}]}}], "title": "Min Height", "properties": {}, "widgets_values": [0, "fixed"], "color": "#432", "bgcolor": "#653"}, {"id": 86, "type": "PrimitiveNode", "pos": [-4238.897512659373, 121.96150156411137], "size": {"0": 210, "1": 82}, "flags": {}, "order": 9, "mode": 0, "outputs": [{"name": "INT", "type": "INT", "links": [166], "slot_index": 0, "widget": {"name": "min_width", "config": ["INT", {"default": 0, "min": 0}]}}], "title": "Min Width", "properties": {}, "widgets_values": [0, "fixed"], "color": "#432", "bgcolor": "#653"}, {"id": 53, "type": "LoadImage", "pos": [-4985.963527503134, 119.24358432778317], "size": {"0": 513.61328125, "1": 594.3167114257812}, "flags": {}, "order": 10, "mode": 0, "outputs": [{"name": "IMAGE", "type": "IMAGE", "links": [143], "shape": 3, "slot_index": 0}, {"name": "MASK", "type": "MASK", "links": null, "shape": 3}], "properties": {"Node name for S&R": "LoadImage"}, "widgets_values": ["00002.png", "image"]}, {"id": 57, "type": "CheckpointLoaderSimple", "pos": [-2996.3063778906267, 117.70629271118148], "size": {"0": 433.598876953125, "1": 98}, "flags": {}, "order": 11, "mode": 0, "outputs": [{"name": "MODEL", "type": "MODEL", "links": [137], "shape": 3, "slot_index": 0}, {"name": "CLIP", "type": "CLIP", "links": [125], "shape": 3, "slot_index": 1}, {"name": "VAE", "type": "VAE", "links": [131, 135], "shape": 3, "slot_index": 2}], "properties": {"Node name for S&R": "CheckpointLoaderSimple"}, "widgets_values": ["fantexiV09beta_fantexiV09beta.ckpt"], "color": "#222", "bgcolor": "#000"}, {"id": 58, "type": "CLIPTextEncode", "pos": [-1979, 623], "size": {"0": 210, "1": 54}, "flags": {}, "order": 20, "mode": 0, "inputs": [{"name": "clip", "type": "CLIP", "link": 125}, {"name": "text", "type": "STRING", "link": null, "widget": {"name": "text", "config": ["STRING", {"multiline": true}]}}], "outputs": [{"name": "CONDITIONING", "type": "CONDITIONING", "links": [138, 145, 159], "shape": 3, "slot_index": 0}], "properties": {"Node name for S&R": "CLIPTextEncode"}, "widgets_values": ["a sexy girl with a big ass, wide hips, beautiful, gorgeous, stunning, god rays, long wavy hair, big boobs, large breasts"], "color": "#232", "bgcolor": "#353"}, {"id": 64, "type": "VAEEncode", "pos": [-1912, 157], "size": {"0": 210, "1": 46}, "flags": {}, "order": 32, "mode": 0, "inputs": [{"name": "pixels", "type": "IMAGE", "link": 169}, {"name": "vae", "type": "VAE", "link": 135}], "outputs": [{"name": "LATENT", "type": "LATENT", "links": [140, 160], "shape": 3, "slot_index": 0}], "properties": {"Node name for S&R": "VAEEncode"}}, {"id": 59, "type": "CLIPTextEncode", "pos": [-2855, 448], "size": {"0": 210, "1": 54}, "flags": {}, "order": 12, "mode": 0, "inputs": [{"name": "clip", "type": "CLIP", "link": null}, {"name": "text", "type": "STRING", "link": null, "widget": {"name": "text", "config": ["STRING", {"multiline": true}]}, "slot_index": 1}], "outputs": [{"name": "CONDITIONING", "type": "CONDITIONING", "links": null, "shape": 3, "slot_index": 0}], "properties": {"Node name for S&R": "CLIPTextEncode"}, "widgets_values": ["ugly, boring, low quality, bad anatomy, bad quality"], "color": "#322", "bgcolor": "#533"}, {"id": 97, "type": "CLIPTextEncode", "pos": [-3074, 280], "size": {"0": 210, "1": 54}, "flags": {}, "order": 28, "mode": 0, "inputs": [{"name": "clip", "type": "CLIP", "link": null}, {"name": "text", "type": "STRING", "link": 186, "widget": {"name": "text", "config": ["STRING", {"multiline": true}]}}], "outputs": [{"name": "CONDITIONING", "type": "CONDITIONING", "links": [], "shape": 3, "slot_index": 0}], "properties": {"Node name for S&R": "CLIPTextEncode"}, "widgets_values": ["a cool prompt"], "color": "#232", "bgcolor": "#353"}, {"id": 105, "type": "ReroutePrimitive|pysssss", "pos": [-1948.485602864855, 2349.349759600235], "size": [80.4, 26], "flags": {}, "order": 22, "mode": 0, "inputs": [{"name": "value", "type": "*", "link": 187, "label": " "}], "outputs": [{"name": "*", "type": "*", "links": [], "shape": 3, "label": "*", "slot_index": 0}], "properties": {"Node name for S&R": "ReroutePrimitive|pysssss"}}, {"id": 104, "type": "ReroutePrimitive|pysssss", "pos": [-1948.485602864855, 2319.349759600235], "size": [80.4, 26], "flags": {}, "order": 21, "mode": 0, "inputs": [{"name": "value", "type": "*", "link": 185, "label": " "}], "outputs": [{"name": "*", "type": "STRING", "links": [186], "shape": 3, "label": "STRING", "slot_index": 0}], "properties": {"Node name for S&R": "ReroutePrimitive|pysssss"}}, {"id": 88, "type": "Reroute", "pos": [-4059.975213049998, 561.0195619278811], "size": [82, 26], "flags": {}, "order": 26, "mode": 0, "inputs": [{"name": "", "type": "*", "link": 168}], "outputs": [{"name": "IMAGE", "type": "IMAGE", "links": [169, 190], "slot_index": 0}], "title": "Image Output", "properties": {"showOutputText": true, "horizontal": false}, "color": "#4861ac", "bgcolor": "#344d98", "shape": 2}, {"id": 107, "type": "Reroute", "pos": [-3725.485602864843, 1805.3497596002342], "size": [82, 26], "flags": {}, "order": 33, "mode": 0, "inputs": [{"name": "", "type": "*", "link": 190}], "outputs": [{"name": "IMAGE", "type": "IMAGE", "links": [191], "slot_index": 0}], "title": "Image Output", "properties": {"showOutputText": true, "horizontal": false}, "color": "#4861ac", "bgcolor": "#344d98", "shape": 2}, {"id": 93, "type": "Logic Boolean", "pos": [-3570, 1450], "size": [210, 78], "flags": {"collapsed": false}, "order": 13, "mode": 0, "outputs": [{"name": "NUMBER", "type": "NUMBER", "links": [176], "shape": 3, "slot_index": 0}, {"name": "INT", "type": "INT", "links": null, "shape": 3}], "title": "Use BLIP for Prompt?", "properties": {"Node name for S&R": "Logic Boolean"}, "widgets_values": [0]}, {"id": 69, "type": "BLIP Analyze Image", "pos": [-3290, 1490], "size": [210, 119.99998474121094], "flags": {"collapsed": true}, "order": 38, "mode": 0, "inputs": [{"name": "image", "type": "IMAGE", "link": 191}, {"name": "blip_model", "type": "BLIP_MODEL", "link": 156, "slot_index": 1}], "outputs": [{"name": "STRING", "type": "STRING", "links": [157], "shape": 3, "slot_index": 0}], "properties": {"Node name for S&R": "BLIP Analyze Image"}, "widgets_values": ["caption", "What does the background consist of?"]}, {"id": 74, "type": "BLIP Model Loader", "pos": [-3290, 1450], "size": {"0": 226.98458862304688, "1": 120.68885803222656}, "flags": {"collapsed": true}, "order": 14, "mode": 0, "outputs": [{"name": "BLIP_MODEL", "type": "BLIP_MODEL", "links": [156], "shape": 3}], "properties": {"Node name for S&R": "BLIP Model Loader"}, "widgets_values": ["caption"]}, {"id": 102, "type": "ReroutePrimitive|pysssss", "pos": [-3570, 1580], "size": [460.35107421875, 273.6261865234376], "flags": {}, "order": 15, "mode": 0, "inputs": [{"name": "value", "type": "*", "link": null, "label": " ", "slot_index": 0}], "outputs": [{"name": "*", "type": "STRING", "links": [185, 192], "shape": 3, "label": "STRING", "slot_index": 0}], "properties": {"Node name for S&R": "ReroutePrimitive|pysssss"}, "widgets_values": [""]}, {"id": 75, "type": "ShowText|pysssss", "pos": [-3289, 1530], "size": {"0": 460.7475891113281, "1": 203.10528564453125}, "flags": {"collapsed": true}, "order": 43, "mode": 0, "inputs": [{"name": "text", "type": "STRING", "link": 157, "widget": {"name": "text", "config": ["STRING", {"forceInput": true}]}}], "outputs": [{"name": "STRING", "type": "STRING", "links": [193], "shape": 6, "slot_index": 0}], "properties": {"Node name for S&R": "ShowText|pysssss"}, "widgets_values": ["a skull with a glowing skull on it's head and a glowing skull in the skull is in the middle of the image"], "color": "#232", "bgcolor": "#353"}, {"id": 96, "type": "Text Input Switch", "pos": [-2958, 1845], "size": [210, 74], "flags": {"collapsed": true}, "order": 46, "mode": 0, "inputs": [{"name": "boolean_number", "type": "NUMBER", "link": 176}, {"name": "text_a", "type": "STRING", "link": 193, "widget": {"name": "text_a", "config": ["STRING", {"forceInput": true}]}, "slot_index": 1}, {"name": "text_b", "type": "STRING", "link": 192, "widget": {"name": "text_b", "config": ["STRING", {"forceInput": true}]}}], "outputs": [{"name": "STRING", "type": "STRING", "links": null, "shape": 3}], "title": "Positive Prompt", "properties": {"Node name for S&R": "Text Input Switch"}, "widgets_values": ["", ""], "color": "#232", "bgcolor": "#353"}, {"id": 108, "type": "Reroute", "pos": [-2953, 1886], "size": [137.9296875, 53.7080078125], "flags": {}, "order": 23, "mode": 0, "inputs": [{"name": "", "type": "*", "link": 194}], "outputs": [{"name": "*", "type": "*", "links": null}], "title": "Negative Prompt", "properties": {"showOutputText": true, "horizontal": false}}, {"id": 106, "type": "ReroutePrimitive|pysssss", "pos": [-3570, 1900], "size": [459.56408203124965, 295.23301464843735], "flags": {}, "order": 16, "mode": 0, "inputs": [{"name": "value", "type": "*", "link": null, "label": " ", "slot_index": 0}], "outputs": [{"name": "*", "type": "*", "links": [187, 194], "shape": 3, "label": "*", "slot_index": 0}], "properties": {"Node name for S&R": "ReroutePrimitive|pysssss"}, "widgets_values": []}], "links": [[2, 3, 1, 4, 0, "CLIP"], [5, 5, 0, 1, 1, "CONDITIONING"], [6, 4, 0, 1, 2, "CONDITIONING"], [7, 6, 0, 1, 3, "LATENT"], [15, 3, 2, 8, 1, "VAE"], [17, 8, 0, 12, 0, "IMAGE"], [33, 20, 0, 22, 0, "IMAGE"], [34, 3, 2, 20, 1, "VAE"], [45, 1, 0, 8, 0, "LATENT"], [48, 16, 0, 27, 1, "CONDITIONING"], [49, 4, 0, 27, 2, "CONDITIONING"], [50, 18, 0, 27, 3, "LATENT"], [51, 27, 0, 19, 0, "LATENT"], [52, 27, 0, 20, 0, "LATENT"], [55, 4, 0, 28, 2, "CONDITIONING"], [57, 3, 0, 28, 0, "MODEL"], [78, 16, 0, 41, 0, "CONDITIONING"], [93, 19, 0, 28, 3, "LATENT"], [95, 41, 0, 28, 1, "CONDITIONING"], [101, 45, 0, 46, 0, "LATENT"], [106, 41, 0, 45, 1, "CONDITIONING"], [107, 4, 0, 45, 2, "CONDITIONING"], [108, 49, 0, 48, 0, "UPSCALE_MODEL"], [109, 46, 0, 48, 1, "IMAGE"], [112, 3, 1, 50, 1, "CLIP"], [113, 3, 0, 50, 0, "MODEL"], [114, 50, 1, 5, 0, "CLIP"], [115, 50, 1, 16, 0, "CLIP"], [116, 50, 0, 27, 0, "MODEL"], [117, 50, 0, 1, 0, "MODEL"], [118, 50, 0, 45, 0, "MODEL"], [125, 57, 1, 58, 0, "CLIP"], [131, 57, 2, 60, 1, "VAE"], [132, 60, 0, 62, 0, "IMAGE"], [135, 57, 2, 64, 1, "VAE"], [137, 57, 0, 66, 0, "MODEL"], [138, 58, 0, 66, 1, "CONDITIONING"], [140, 64, 0, 66, 3, "LATENT"], [141, 66, 0, 60, 0, "LATENT"], [142, 66, 0, 19, 1, "LATENT"], [143, 53, 0, 67, 0, "IMAGE"], [145, 58, 0, 41, 1, "CONDITIONING"], [146, 28, 0, 68, 0, "LATENT"], [147, 68, 0, 45, 3, "LATENT"], [148, 3, 2, 46, 1, "VAE"], [149, 46, 0, 24, 0, "IMAGE"], [156, 74, 0, 69, 1, "BLIP_MODEL"], [157, 69, 0, 75, 0, "STRING"], [159, 58, 0, 76, 0, "*"], [160, 64, 0, 77, 0, "*"], [163, 82, 0, 67, 5, "yes,no"], [164, 84, 0, 67, 1, "INT"], [165, 85, 0, 67, 2, "INT"], [166, 86, 0, 67, 3, "INT"], [167, 87, 0, 67, 4, "INT"], [168, 67, 0, 88, 0, "*"], [169, 88, 0, 64, 0, "IMAGE"], [176, 93, 0, 96, 0, "NUMBER"], [185, 102, 0, 104, 0, "*"], [186, 104, 0, 97, 1, "STRING"], [187, 106, 0, 105, 0, "*"], [190, 88, 0, 107, 0, "*"], [191, 107, 0, 69, 0, "IMAGE"], [192, 102, 0, 96, 2, "STRING"], [193, 75, 0, 96, 1, "STRING"], [194, 106, 0, 108, 0, "*"]], "groups": [{"title": "Image to Latent Noise", "bounding": [-3008, 41, 2001, 1127], "color": "#3f789e", "font_size": 24, "locked": false}, {"title": "Composition", "bounding": [-4997, 42, 981, 685], "color": "#a1309b", "font_size": 24, "locked": false}, {"title": "Manual Prompt", "bounding": [-3684, 1360, 803, 1313], "color": "#3f789e", "font_size": 24, "locked": false}], "config": {}, "extra": {}, "version": 0.4}